bin,bin_order,bin_label_en,bin_label_es,side,horizon,spec,group_order,group_label_en,group_label_es,estimate,se,p,pct,ci_low,ci_high,stars
-15_10,1,≤10 °C,≤10 °C,cold,0,0_12,1,0–12,0–12,-0.120993,0.00612126,5.849999999999998e-87,-12.0993,-13.299,-10.8995,***
-15_10,1,≤10 °C,≤10 °C,cold,0,12_20,2,12–20,12–20,-0.087892,0.00636709,2.41e-43,-8.7892,-10.0372,-7.54125,***
-15_10,1,≤10 °C,≤10 °C,cold,0,20_40,3,20–40,20–40,-0.0695655,0.00657797,3.87e-26,-6.95655,-8.24583,-5.66727,***
-15_10,1,≤10 °C,≤10 °C,cold,0,40_60,4,40–60,40–60,-0.0982316,0.00561494,1.5699999999999997e-68,-9.82316,-10.9237,-8.72263,***
-15_10,1,≤10 °C,≤10 °C,cold,0,60_80,5,60–80,60–80,-0.0918652,0.00723787,6.52e-37,-9.18652,-10.6051,-7.7679,***
-15_10,1,≤10 °C,≤10 °C,cold,0,80_130,6,80+,80+,-0.0810659,0.00949012,1.32e-17,-8.10659,-9.96665,-6.24652,***
-15_10,1,≤10 °C,≤10 °C,cold,1,0_12,1,0–12,0–12,-0.159997,0.007135,2.2799999999999997e-111,-15.9997,-17.3982,-14.6013,***
-15_10,1,≤10 °C,≤10 °C,cold,1,12_20,2,12–20,12–20,-0.114097,0.00935993,3.52e-34,-11.4097,-13.2443,-9.57516,***
-15_10,1,≤10 °C,≤10 °C,cold,1,20_40,3,20–40,20–40,-0.0947418,0.00697246,4.72e-42,-9.47418,-10.8408,-8.10758,***
-15_10,1,≤10 °C,≤10 °C,cold,1,40_60,4,40–60,40–60,-0.125548,0.00630372,2.9299999999999994e-88,-12.5548,-13.7903,-11.3192,***
-15_10,1,≤10 °C,≤10 °C,cold,1,60_80,5,60–80,60–80,-0.109235,0.00683137,1.5e-57,-10.9235,-12.2624,-9.58451,***
-15_10,1,≤10 °C,≤10 °C,cold,1,80_130,6,80+,80+,-0.0845648,0.0123923,8.86e-12,-8.4564800000000009,-10.8854,-6.02759,***
-15_10,1,≤10 °C,≤10 °C,cold,2,0_12,1,0–12,0–12,-0.164618,0.0087372,3.48e-79,-16.4618,-18.1743,-14.7493,***
-15_10,1,≤10 °C,≤10 °C,cold,2,12_20,2,12–20,12–20,-0.123856,0.00898369,3.06e-43,-12.3856,-14.1464,-10.6248,***
-15_10,1,≤10 °C,≤10 °C,cold,2,20_40,3,20–40,20–40,-0.0991305,0.00658559,3.32e-51,-9.91305,-11.2038,-8.62227,***
-15_10,1,≤10 °C,≤10 °C,cold,2,40_60,4,40–60,40–60,-0.128819,0.00676508,7.699999999999998e-81,-12.8819,-14.2078,-11.5559,***
-15_10,1,≤10 °C,≤10 °C,cold,2,60_80,5,60–80,60–80,-0.104202,0.0079271,1.82e-39,-10.4202,-11.9739,-8.86644,***
-15_10,1,≤10 °C,≤10 °C,cold,2,80_130,6,80+,80+,-0.0775773,0.0134112,7.27e-9,-7.75773,-10.3863,-5.12913,***
-15_10,1,≤10 °C,≤10 °C,cold,3,0_12,1,0–12,0–12,-0.184781,0.0105244,5.219999999999999e-69,-18.4781,-20.5409,-16.4153,***
-15_10,1,≤10 °C,≤10 °C,cold,3,12_20,2,12–20,12–20,-0.148319,0.00851653,6.299999999999998e-68,-14.8319,-16.5012,-13.1627,***
-15_10,1,≤10 °C,≤10 °C,cold,3,20_40,3,20–40,20–40,-0.118577,0.00663079,1.6099999999999998e-71,-11.8577,-13.1573,-10.558,***
-15_10,1,≤10 °C,≤10 °C,cold,3,40_60,4,40–60,40–60,-0.13664,0.00817592,1.0599999999999999e-62,-13.664,-15.2664,-12.0615,***
-15_10,1,≤10 °C,≤10 °C,cold,3,60_80,5,60–80,60–80,-0.100053,0.00864999,6.07e-31,-10.0053,-11.7007,-8.30988,***
-15_10,1,≤10 °C,≤10 °C,cold,3,80_130,6,80+,80+,-0.0751486,0.0154405,1.13e-6,-7.51486,-10.5412,-4.48852,***
-15_10,1,≤10 °C,≤10 °C,cold,4,0_12,1,0–12,0–12,-0.197167,0.0114433,1.5899999999999996e-66,-19.7167,-21.9596,-17.4738,***
-15_10,1,≤10 °C,≤10 °C,cold,4,12_20,2,12–20,12–20,-0.155268,0.0106799,6.93e-48,-15.5268,-17.6201,-13.4336,***
-15_10,1,≤10 °C,≤10 °C,cold,4,20_40,3,20–40,20–40,-0.126766,0.00819704,5.989999999999999e-54,-12.6766,-14.2832,-11.07,***
-15_10,1,≤10 °C,≤10 °C,cold,4,40_60,4,40–60,40–60,-0.143554,0.00817375,4.739999999999999e-69,-14.3554,-15.9575,-12.7534,***
-15_10,1,≤10 °C,≤10 °C,cold,4,60_80,5,60–80,60–80,-0.103452,0.00921126,2.87e-29,-10.3452,-12.1506,-8.53982,***
-15_10,1,≤10 °C,≤10 °C,cold,4,80_130,6,80+,80+,-0.0519007,0.0156011,8.79e-4,-5.19007,-8.24789,-2.13225,***
-15_10,1,≤10 °C,≤10 °C,cold,5,0_12,1,0–12,0–12,-0.198514,0.0109632,2.7899999999999996e-73,-19.8514,-22.0002,-17.7027,***
-15_10,1,≤10 °C,≤10 °C,cold,5,12_20,2,12–20,12–20,-0.157567,0.0105702,2.98e-50,-15.7567,-17.8285,-13.685,***
-15_10,1,≤10 °C,≤10 °C,cold,5,20_40,3,20–40,20–40,-0.131113,0.0081332,1.82e-58,-13.1113,-14.7054,-11.5172,***
-15_10,1,≤10 °C,≤10 °C,cold,5,40_60,4,40–60,40–60,-0.145593,0.00811811,6.369999999999999e-72,-14.5593,-16.1504,-12.9681,***
-15_10,1,≤10 °C,≤10 °C,cold,5,60_80,5,60–80,60–80,-0.0984729,0.00941948,1.4e-25,-9.84729,-11.6935,-8.00107,***
-15_10,1,≤10 °C,≤10 °C,cold,5,80_130,6,80+,80+,-0.0380846,0.016335,0.0197,-3.80846,-7.01011,-0.606805,**
-15_10,1,≤10 °C,≤10 °C,cold,6,0_12,1,0–12,0–12,-0.216561,0.0128667,1.4399999999999997e-63,-21.6561,-24.178,-19.1342,***
-15_10,1,≤10 °C,≤10 °C,cold,6,12_20,2,12–20,12–20,-0.164674,0.010679,1.19e-53,-16.4674,-18.5605,-14.3743,***
-15_10,1,≤10 °C,≤10 °C,cold,6,20_40,3,20–40,20–40,-0.138325,0.00814181,9.819999999999999e-65,-13.8325,-15.4283,-12.2367,***
-15_10,1,≤10 °C,≤10 °C,cold,6,40_60,4,40–60,40–60,-0.145886,0.00972471,7.17e-51,-14.5886,-16.4947,-12.6826,***
-15_10,1,≤10 °C,≤10 °C,cold,6,60_80,5,60–80,60–80,-0.0849291,0.00971574,2.3e-18,-8.49291,-10.3972,-6.58862,***
-15_10,1,≤10 °C,≤10 °C,cold,6,80_130,6,80+,80+,-0.023064,0.0173836,0.185,-2.3064,-5.71359,1.10079,
-15_10,1,≤10 °C,≤10 °C,cold,7,0_12,1,0–12,0–12,-0.204244,0.0126526,1.2800000000000001e-58,-20.4244,-22.9043,-17.9445,***
-15_10,1,≤10 °C,≤10 °C,cold,7,12_20,2,12–20,12–20,-0.165077,0.011701,3.4e-45,-16.5077,-18.8011,-14.2143,***
-15_10,1,≤10 °C,≤10 °C,cold,7,20_40,3,20–40,20–40,-0.135192,0.0090607,2.42e-50,-13.5192,-15.2951,-11.7433,***
-15_10,1,≤10 °C,≤10 °C,cold,7,40_60,4,40–60,40–60,-0.141742,0.0100678,5.13e-45,-14.1742,-16.1475,-12.2009,***
-15_10,1,≤10 °C,≤10 °C,cold,7,60_80,5,60–80,60–80,-0.0718896,0.0112396,1.59e-10,-7.18896,-9.39193,-4.98599,***
-15_10,1,≤10 °C,≤10 °C,cold,7,80_130,6,80+,80+,-0.01396,0.0200601,0.486,-1.396,-5.32778,2.53579,
-15_10,1,≤10 °C,≤10 °C,cold,8,0_12,1,0–12,0–12,-0.19983,0.0144723,2.2899999999999998e-43,-19.983,-22.8196,-17.1465,***
-15_10,1,≤10 °C,≤10 °C,cold,8,12_20,2,12–20,12–20,-0.169886,0.0123937,9.17e-43,-16.9886,-19.4177,-14.5594,***
-15_10,1,≤10 °C,≤10 °C,cold,8,20_40,3,20–40,20–40,-0.138909,0.0106178,4.13e-39,-13.8909,-15.972,-11.8098,***
-15_10,1,≤10 °C,≤10 °C,cold,8,40_60,4,40–60,40–60,-0.140416,0.0118554,2.31e-32,-14.0416,-16.3653,-11.718,***
-15_10,1,≤10 °C,≤10 °C,cold,8,60_80,5,60–80,60–80,-0.0636123,0.0123131,2.39e-7,-6.36123,-8.77459,-3.94787,***
-15_10,1,≤10 °C,≤10 °C,cold,8,80_130,6,80+,80+,0.0057581,0.020485,0.779,0.57581,-3.43925,4.59086,
-15_10,1,≤10 °C,≤10 °C,cold,9,0_12,1,0–12,0–12,-0.199329,0.0155148,8.859999999999999e-38,-19.9329,-22.9738,-16.892,***
-15_10,1,≤10 °C,≤10 °C,cold,9,12_20,2,12–20,12–20,-0.169127,0.0131702,9.58e-38,-16.9127,-19.4941,-14.3314,***
-15_10,1,≤10 °C,≤10 °C,cold,9,20_40,3,20–40,20–40,-0.141037,0.0117084,2.04e-33,-14.1037,-16.3985,-11.8088,***
-15_10,1,≤10 °C,≤10 °C,cold,9,40_60,4,40–60,40–60,-0.137436,0.0124565,2.6399999999999998e-28,-13.7436,-16.1851,-11.3021,***
-15_10,1,≤10 °C,≤10 °C,cold,9,60_80,5,60–80,60–80,-0.0605995,0.0133757,5.88e-6,-6.05995,-8.68159,-3.4383,***
-15_10,1,≤10 °C,≤10 °C,cold,9,80_130,6,80+,80+,0.0164109,0.0213452,0.442,1.64109,-2.54258,5.82475,
-15_10,1,≤10 °C,≤10 °C,cold,10,0_12,1,0–12,0–12,-0.19056,0.0165383,1.02e-30,-19.056,-22.2975,-15.8145,***
-15_10,1,≤10 °C,≤10 °C,cold,10,12_20,2,12–20,12–20,-0.16892,0.0144661,1.6699999999999999e-31,-16.892,-19.7274,-14.0567,***
-15_10,1,≤10 °C,≤10 °C,cold,10,20_40,3,20–40,20–40,-0.138258,0.0125637,3.63e-28,-13.8258,-16.2883,-11.3633,***
-15_10,1,≤10 °C,≤10 °C,cold,10,40_60,4,40–60,40–60,-0.132091,0.0139013,2.0600000000000002e-21,-13.2091,-15.9338,-10.4845,***
-15_10,1,≤10 °C,≤10 °C,cold,10,60_80,5,60–80,60–80,-0.0509519,0.0147514,5.52e-4,-5.09519,-7.98647,-2.20391,***
-15_10,1,≤10 °C,≤10 °C,cold,10,80_130,6,80+,80+,0.0201557,0.0227811,0.376,2.01557,-2.44953,6.48067,
-15_10,1,≤10 °C,≤10 °C,cold,11,0_12,1,0–12,0–12,-0.183566,0.0180221,2.2999999999999997e-24,-18.3566,-21.8889,-14.8242,***
-15_10,1,≤10 °C,≤10 °C,cold,11,12_20,2,12–20,12–20,-0.167857,0.0154646,1.9e-27,-16.7857,-19.8168,-13.7547,***
-15_10,1,≤10 °C,≤10 °C,cold,11,20_40,3,20–40,20–40,-0.14022,0.0138472,4.22e-24,-14.022,-16.7361,-11.308,***
-15_10,1,≤10 °C,≤10 °C,cold,11,40_60,4,40–60,40–60,-0.129055,0.0150693,1.09e-17,-12.9055,-15.8591,-9.95196,***
-15_10,1,≤10 °C,≤10 °C,cold,11,60_80,5,60–80,60–80,-0.0495872,0.0158354,0.00174,-4.95872,-8.06246,-1.85499,***
-15_10,1,≤10 °C,≤10 °C,cold,11,80_130,6,80+,80+,0.0288737,0.0256527,0.26,2.88737,-2.14056,7.9153,
-15_10,1,≤10 °C,≤10 °C,cold,12,0_12,1,0–12,0–12,-0.171412,0.0184557,1.58e-20,-17.1412,-20.7585,-13.5239,***
-15_10,1,≤10 °C,≤10 °C,cold,12,12_20,2,12–20,12–20,-0.167055,0.0160851,2.88e-25,-16.7055,-19.8582,-13.5528,***
-15_10,1,≤10 °C,≤10 °C,cold,12,20_40,3,20–40,20–40,-0.136104,0.0147204,2.33e-20,-13.6104,-16.4956,-10.7252,***
-15_10,1,≤10 °C,≤10 °C,cold,12,40_60,4,40–60,40–60,-0.120641,0.0163617,1.66e-13,-12.0641,-15.271,-8.85722,***
-15_10,1,≤10 °C,≤10 °C,cold,12,60_80,5,60–80,60–80,-0.0432629,0.0165472,0.00894,-4.32629,-7.56954,-1.08305,***
-15_10,1,≤10 °C,≤10 °C,cold,12,80_130,6,80+,80+,0.0381449,0.0261757,0.145,3.81449,-1.31594,8.94492,
-15_10,1,≤10 °C,≤10 °C,cold,13,0_12,1,0–12,0–12,-0.166387,0.0198402,5.01e-17,-16.6387,-20.5274,-12.75,***
-15_10,1,≤10 °C,≤10 °C,cold,13,12_20,2,12–20,12–20,-0.16945,0.0164322,6.21e-25,-16.945,-20.1657,-13.7243,***
-15_10,1,≤10 °C,≤10 °C,cold,13,20_40,3,20–40,20–40,-0.144315,0.0154926,1.22e-20,-14.4315,-17.4681,-11.395,***
-15_10,1,≤10 °C,≤10 °C,cold,13,40_60,4,40–60,40–60,-0.129775,0.0167028,7.87e-15,-12.9775,-16.2512,-9.70371,***
-15_10,1,≤10 °C,≤10 °C,cold,13,60_80,5,60–80,60–80,-0.0402513,0.0184203,0.0289,-4.02513,-7.63551,-0.414752,**
-15_10,1,≤10 °C,≤10 °C,cold,13,80_130,6,80+,80+,0.0531546,0.0268101,0.0474,5.31546,0.0606797,10.5702,**
-15_10,1,≤10 °C,≤10 °C,cold,14,0_12,1,0–12,0–12,-0.172118,0.0209444,2.07e-16,-17.2118,-21.3169,-13.1067,***
-15_10,1,≤10 °C,≤10 °C,cold,14,12_20,2,12–20,12–20,-0.16738,0.0174162,7.21e-22,-16.738,-20.1516,-13.3244,***
-15_10,1,≤10 °C,≤10 °C,cold,14,20_40,3,20–40,20–40,-0.147697,0.0165656,4.84e-19,-14.7697,-18.0165,-11.5228,***
-15_10,1,≤10 °C,≤10 °C,cold,14,40_60,4,40–60,40–60,-0.142697,0.0167522,1.62e-17,-14.2697,-17.5531,-10.9863,***
-15_10,1,≤10 °C,≤10 °C,cold,14,60_80,5,60–80,60–80,-0.0528578,0.0186172,0.00452,-5.28578,-8.93475,-1.63681,***
-15_10,1,≤10 °C,≤10 °C,cold,14,80_130,6,80+,80+,0.0430889,0.0286155,0.132,4.30889,-1.29974,9.91751,
-15_10,1,≤10 °C,≤10 °C,cold,15,0_12,1,0–12,0–12,-0.180553,0.0207138,2.87e-18,-18.0553,-22.1152,-13.9954,***
-15_10,1,≤10 °C,≤10 °C,cold,15,12_20,2,12–20,12–20,-0.185214,0.0177695,1.94e-25,-18.5214,-22.0042,-15.0386,***
-15_10,1,≤10 °C,≤10 °C,cold,15,20_40,3,20–40,20–40,-0.155947,0.018682,6.98e-17,-15.5947,-19.2564,-11.933,***
-15_10,1,≤10 °C,≤10 °C,cold,15,40_60,4,40–60,40–60,-0.142733,0.0188879,4.13e-14,-14.2733,-17.9753,-10.5713,***
-15_10,1,≤10 °C,≤10 °C,cold,15,60_80,5,60–80,60–80,-0.0618661,0.0193219,0.00137,-6.18661,-9.97369,-2.39952,***
-15_10,1,≤10 °C,≤10 °C,cold,15,80_130,6,80+,80+,0.034785,0.0296492,0.241,3.4785,-2.33275,9.28975,
-15_10,1,≤10 °C,≤10 °C,cold,16,0_12,1,0–12,0–12,-0.170716,0.0200248,1.53e-17,-17.0716,-20.9964,-13.1467,***
-15_10,1,≤10 °C,≤10 °C,cold,16,12_20,2,12–20,12–20,-0.195371,0.0174597,4.57e-29,-19.5371,-22.9592,-16.115,***
-15_10,1,≤10 °C,≤10 °C,cold,16,20_40,3,20–40,20–40,-0.156575,0.0154732,4.54e-24,-15.6575,-18.6902,-12.6248,***
-15_10,1,≤10 °C,≤10 °C,cold,16,40_60,4,40–60,40–60,-0.145333,0.0194121,7.06e-14,-14.5333,-18.3381,-10.7286,***
-15_10,1,≤10 °C,≤10 °C,cold,16,60_80,5,60–80,60–80,-0.0626114,0.0196406,0.00143,-6.26114,-10.1107,-2.41158,***
-15_10,1,≤10 °C,≤10 °C,cold,16,80_130,6,80+,80+,0.0443274,0.0321624,0.168,4.43274,-1.87109,10.7366,
-15_10,1,≤10 °C,≤10 °C,cold,17,0_12,1,0–12,0–12,-0.166974,0.0221037,4.22e-14,-16.6974,-21.0297,-12.3651,***
-15_10,1,≤10 °C,≤10 °C,cold,17,12_20,2,12–20,12–20,-0.189639,0.0192907,8.309999999999999e-23,-18.9639,-22.7448,-15.1829,***
-15_10,1,≤10 °C,≤10 °C,cold,17,20_40,3,20–40,20–40,-0.159882,0.0168057,1.8400000000000002e-21,-15.9882,-19.2821,-12.6943,***
-15_10,1,≤10 °C,≤10 °C,cold,17,40_60,4,40–60,40–60,-0.142096,0.0195759,3.91e-13,-14.2096,-18.0465,-10.3727,***
-15_10,1,≤10 °C,≤10 °C,cold,17,60_80,5,60–80,60–80,-0.0646752,0.0201987,0.00136,-6.46752,-10.4265,-2.50859,***
-15_10,1,≤10 °C,≤10 °C,cold,17,80_130,6,80+,80+,0.0368265,0.032698,0.26,3.68265,-2.72616,10.0915,
-15_10,1,≤10 °C,≤10 °C,cold,18,0_12,1,0–12,0–12,-0.157514,0.0226694,3.7e-12,-15.7514,-20.1946,-11.3082,***
-15_10,1,≤10 °C,≤10 °C,cold,18,12_20,2,12–20,12–20,-0.197097,0.020537,8.22e-22,-19.7097,-23.7349,-15.6845,***
-15_10,1,≤10 °C,≤10 °C,cold,18,20_40,3,20–40,20–40,-0.172586,0.0196843,1.82e-18,-17.2586,-21.1168,-13.4005,***
-15_10,1,≤10 °C,≤10 °C,cold,18,40_60,4,40–60,40–60,-0.152397,0.0202822,5.74e-14,-15.2397,-19.215,-11.2644,***
-15_10,1,≤10 °C,≤10 °C,cold,18,60_80,5,60–80,60–80,-0.0743165,0.0214999,5.47e-4,-7.43165,-11.6456,-3.21766,***
-15_10,1,≤10 °C,≤10 °C,cold,18,80_130,6,80+,80+,0.0213387,0.0345197,0.536,2.13387,-4.632,8.89974,
-15_10,1,≤10 °C,≤10 °C,cold,19,0_12,1,0–12,0–12,-0.153899,0.021861,1.92e-12,-15.3899,-19.6747,-11.1051,***
-15_10,1,≤10 °C,≤10 °C,cold,19,12_20,2,12–20,12–20,-0.191118,0.0222958,1.02e-17,-19.1118,-23.4818,-14.7418,***
-15_10,1,≤10 °C,≤10 °C,cold,19,20_40,3,20–40,20–40,-0.165753,0.0193312,9.96e-18,-16.5753,-20.3642,-12.7864,***
-15_10,1,≤10 °C,≤10 °C,cold,19,40_60,4,40–60,40–60,-0.144555,0.0200902,6.23e-13,-14.4555,-18.3932,-10.5178,***
-15_10,1,≤10 °C,≤10 °C,cold,19,60_80,5,60–80,60–80,-0.0582648,0.0212496,0.00611,-5.82648,-9.99141,-1.66155,***
-15_10,1,≤10 °C,≤10 °C,cold,19,80_130,6,80+,80+,0.0354906,0.0350906,0.312,3.54906,-3.3287,10.4268,
-15_10,1,≤10 °C,≤10 °C,cold,20,0_12,1,0–12,0–12,-0.1465,0.0222515,4.58e-11,-14.65,-19.0113,-10.2887,***
-15_10,1,≤10 °C,≤10 °C,cold,20,12_20,2,12–20,12–20,-0.191709,0.0219864,2.8e-18,-19.1709,-23.4802,-14.8615,***
-15_10,1,≤10 °C,≤10 °C,cold,20,20_40,3,20–40,20–40,-0.162745,0.0185213,1.54e-18,-16.2745,-19.9047,-12.6443,***
-15_10,1,≤10 °C,≤10 °C,cold,20,40_60,4,40–60,40–60,-0.142399,0.0203561,2.64e-12,-14.2399,-18.2297,-10.2501,***
-15_10,1,≤10 °C,≤10 °C,cold,20,60_80,5,60–80,60–80,-0.0613116,0.022176,0.0057,-6.13116,-10.4776,-1.78467,***
-15_10,1,≤10 °C,≤10 °C,cold,20,80_130,6,80+,80+,0.0234106,0.0360037,0.516,2.34106,-4.71566,9.39778,
-15_10,1,≤10 °C,≤10 °C,cold,21,0_12,1,0–12,0–12,-0.142398,0.0226259,3.1e-10,-14.2398,-18.6745,-9.80517,***
-15_10,1,≤10 °C,≤10 °C,cold,21,12_20,2,12–20,12–20,-0.195861,0.0220683,6.98e-19,-19.5861,-23.9115,-15.2608,***
-15_10,1,≤10 °C,≤10 °C,cold,21,20_40,3,20–40,20–40,-0.173396,0.0178369,2.45e-22,-17.3396,-20.8357,-13.8436,***
-15_10,1,≤10 °C,≤10 °C,cold,21,40_60,4,40–60,40–60,-0.153709,0.0199122,1.17e-14,-15.3709,-19.2737,-11.4681,***
-15_10,1,≤10 °C,≤10 °C,cold,21,60_80,5,60–80,60–80,-0.0736555,0.0222463,0.00093000000000000005,-7.36555,-11.7258,-3.00527,***
-15_10,1,≤10 °C,≤10 °C,cold,21,80_130,6,80+,80+,0.016341,0.0374288,0.662,1.6341,-5.70195,8.97014,
-15_10,1,≤10 °C,≤10 °C,cold,22,0_12,1,0–12,0–12,-0.132741,0.0227699,5.55e-9,-13.2741,-17.737,-8.81121,***
-15_10,1,≤10 °C,≤10 °C,cold,22,12_20,2,12–20,12–20,-0.196909,0.0222733,9.52e-19,-19.6909,-24.0565,-15.3254,***
-15_10,1,≤10 °C,≤10 °C,cold,22,20_40,3,20–40,20–40,-0.174389,0.0184587,3.47e-21,-17.4389,-21.0568,-13.821,***
-15_10,1,≤10 °C,≤10 °C,cold,22,40_60,4,40–60,40–60,-0.150662,0.0203331,1.27e-13,-15.0662,-19.0515,-11.0809,***
-15_10,1,≤10 °C,≤10 °C,cold,22,60_80,5,60–80,60–80,-0.0678682,0.0227624,0.00287,-6.78682,-11.2482,-2.3254,***
-15_10,1,≤10 °C,≤10 °C,cold,22,80_130,6,80+,80+,0.0102716,0.0372835,0.783,1.02716,-6.2804,8.33473,
-15_10,1,≤10 °C,≤10 °C,cold,23,0_12,1,0–12,0–12,-0.137649,0.0236783,6.12e-9,-13.7649,-18.4059,-9.12399,***
-15_10,1,≤10 °C,≤10 °C,cold,23,12_20,2,12–20,12–20,-0.208262,0.0236008,1.1e-18,-20.8262,-25.4519,-16.2004,***
-15_10,1,≤10 °C,≤10 °C,cold,23,20_40,3,20–40,20–40,-0.182306,0.0185806,1e-22,-18.2306,-21.8724,-14.5888,***
-15_10,1,≤10 °C,≤10 °C,cold,23,40_60,4,40–60,40–60,-0.149636,0.0204035,2.24e-13,-14.9636,-18.9627,-10.9645,***
-15_10,1,≤10 °C,≤10 °C,cold,23,60_80,5,60–80,60–80,-0.0690474,0.0236339,0.00348,-6.90474,-11.537,-2.2725,***
-15_10,1,≤10 °C,≤10 °C,cold,23,80_130,6,80+,80+,-1.62376e-4,0.0386822,0.997,-0.0162376,-7.59794,7.56546,
-15_10,1,≤10 °C,≤10 °C,cold,24,0_12,1,0–12,0–12,-0.124009,0.0235304,1.36e-7,-12.4009,-17.0129,-7.78896,***
-15_10,1,≤10 °C,≤10 °C,cold,24,12_20,2,12–20,12–20,-0.212185,0.022902,1.95e-20,-21.2185,-25.7073,-16.7297,***
-15_10,1,≤10 °C,≤10 °C,cold,24,20_40,3,20–40,20–40,-0.177683,0.0177586,1.4399999999999997e-23,-17.7683,-21.2489,-14.2876,***
-15_10,1,≤10 °C,≤10 °C,cold,24,40_60,4,40–60,40–60,-0.144724,0.0208889,4.26e-12,-14.4724,-18.5666,-10.3782,***
-15_10,1,≤10 °C,≤10 °C,cold,24,60_80,5,60–80,60–80,-0.0638387,0.0244534,0.00904,-6.38387,-11.1767,-1.59099,***
-15_10,1,≤10 °C,≤10 °C,cold,24,80_130,6,80+,80+,0.0177641,0.0393701,0.652,1.77641,-5.94013,9.49295,
-15_10,1,≤10 °C,≤10 °C,cold,25,0_12,1,0–12,0–12,-0.128915,0.023972,7.54e-8,-12.8915,-17.59,-8.19298,***
-15_10,1,≤10 °C,≤10 °C,cold,25,12_20,2,12–20,12–20,-0.222878,0.0238433,8.960000000000001e-21,-22.2878,-26.9611,-17.6146,***
-15_10,1,≤10 °C,≤10 °C,cold,25,20_40,3,20–40,20–40,-0.176439,0.018301,5.37e-22,-17.6439,-21.2309,-14.0569,***
-15_10,1,≤10 °C,≤10 °C,cold,25,40_60,4,40–60,40–60,-0.146474,0.0214242,8.1e-12,-14.6474,-18.8465,-10.4482,***
-15_10,1,≤10 °C,≤10 °C,cold,25,60_80,5,60–80,60–80,-0.0707243,0.0238207,0.00299,-7.07243,-11.7413,-2.40357,***
-15_10,1,≤10 °C,≤10 °C,cold,25,80_130,6,80+,80+,-0.00799113,0.0403132,0.843,-0.799113,-8.70049,7.10226,
-15_10,1,≤10 °C,≤10 °C,cold,26,0_12,1,0–12,0–12,-0.130974,0.0249492,1.52e-7,-13.0974,-17.9875,-8.20738,***
-15_10,1,≤10 °C,≤10 °C,cold,26,12_20,2,12–20,12–20,-0.232364,0.0248268,8.02e-21,-23.2364,-28.1025,-18.3704,***
-15_10,1,≤10 °C,≤10 °C,cold,26,20_40,3,20–40,20–40,-0.190334,0.0189959,1.2499999999999999e-23,-19.0334,-22.7566,-15.3102,***
-15_10,1,≤10 °C,≤10 °C,cold,26,40_60,4,40–60,40–60,-0.153414,0.021689,1.51e-12,-15.3414,-19.5925,-11.0904,***
-15_10,1,≤10 °C,≤10 °C,cold,26,60_80,5,60–80,60–80,-0.0830535,0.0242138,6.04e-4,-8.30535,-13.0513,-3.55945,***
-15_10,1,≤10 °C,≤10 °C,cold,26,80_130,6,80+,80+,0.005625,0.0411475,0.891,0.5625,-7.50241,8.62741,
-15_10,1,≤10 °C,≤10 °C,cold,27,0_12,1,0–12,0–12,-0.125727,0.0238706,1.39e-7,-12.5727,-17.2514,-7.89411,***
-15_10,1,≤10 °C,≤10 °C,cold,27,12_20,2,12–20,12–20,-0.226892,0.0257967,1.43e-18,-22.6892,-27.7453,-17.633,***
-15_10,1,≤10 °C,≤10 °C,cold,27,20_40,3,20–40,20–40,-0.19094,0.0195383,1.48e-22,-19.094,-22.9235,-15.2645,***
-15_10,1,≤10 °C,≤10 °C,cold,27,40_60,4,40–60,40–60,-0.161059,0.0211151,2.39e-14,-16.1059,-20.2445,-11.9674,***
-15_10,1,≤10 °C,≤10 °C,cold,27,60_80,5,60–80,60–80,-0.0881044,0.0245202,3.27e-4,-8.81044,-13.6164,-4.00447,***
-15_10,1,≤10 °C,≤10 °C,cold,27,80_130,6,80+,80+,-0.0193947,0.0417935,0.643,-1.93947,-10.131,6.25204,
-15_10,1,≤10 °C,≤10 °C,cold,28,0_12,1,0–12,0–12,-0.13249,0.0240617,3.67e-8,-13.249,-17.9651,-8.53294,***
-15_10,1,≤10 °C,≤10 °C,cold,28,12_20,2,12–20,12–20,-0.231855,0.0278889,9.29e-17,-23.1855,-28.6518,-17.7193,***
-15_10,1,≤10 °C,≤10 °C,cold,28,20_40,3,20–40,20–40,-0.197194,0.0212809,1.93e-20,-19.7194,-23.8904,-15.5483,***
-15_10,1,≤10 °C,≤10 °C,cold,28,40_60,4,40–60,40–60,-0.163218,0.0217426,6.06e-14,-16.3218,-20.5834,-12.0603,***
-15_10,1,≤10 °C,≤10 °C,cold,28,60_80,5,60–80,60–80,-0.0960988,0.0255587,1.7e-4,-9.60988,-14.6194,-4.60038,***
-15_10,1,≤10 °C,≤10 °C,cold,28,80_130,6,80+,80+,-0.0314391,0.0427122,0.462,-3.14391,-11.5155,5.22768,
-15_10,1,≤10 °C,≤10 °C,cold,29,0_12,1,0–12,0–12,-0.13089,0.023887,4.26e-8,-13.089,-17.7708,-8.40716,***
-15_10,1,≤10 °C,≤10 °C,cold,29,12_20,2,12–20,12–20,-0.242351,0.0266188,8.67e-20,-24.2351,-29.4524,-19.0178,***
-15_10,1,≤10 °C,≤10 °C,cold,29,20_40,3,20–40,20–40,-0.205933,0.0206517,2.0299999999999998e-23,-20.5933,-24.6411,-16.5456,***
-15_10,1,≤10 °C,≤10 °C,cold,29,40_60,4,40–60,40–60,-0.165701,0.0221191,6.82e-14,-16.5701,-20.9054,-12.2347,***
-15_10,1,≤10 °C,≤10 °C,cold,29,60_80,5,60–80,60–80,-0.101092,0.0258677,9.31e-5,-10.1092,-15.1792,-5.0391,***
-15_10,1,≤10 °C,≤10 °C,cold,29,80_130,6,80+,80+,-0.018734,0.0425153,0.659,-1.8734,-10.2064,6.4596,
-15_10,1,≤10 °C,≤10 °C,cold,30,0_12,1,0–12,0–12,-0.117409,0.0248606,2.33e-6,-11.7409,-16.6135,-6.86818,***
-15_10,1,≤10 °C,≤10 °C,cold,30,12_20,2,12–20,12–20,-0.229715,0.0279021,1.83e-16,-22.9715,-28.4403,-17.5027,***
-15_10,1,≤10 °C,≤10 °C,cold,30,20_40,3,20–40,20–40,-0.194595,0.0212296,4.9e-20,-19.4595,-23.6205,-15.2985,***
-15_10,1,≤10 °C,≤10 °C,cold,30,40_60,4,40–60,40–60,-0.154752,0.0222963,3.9e-12,-15.4752,-19.8453,-11.1052,***
-15_10,1,≤10 °C,≤10 °C,cold,30,60_80,5,60–80,60–80,-0.0858386,0.026366,0.00113,-8.58386,-13.7516,-3.41613,***
-15_10,1,≤10 °C,≤10 °C,cold,30,80_130,6,80+,80+,-0.0140959,0.0444036,0.751,-1.40959,-10.1127,7.29352,
10_15,2,10–15 °C,10–15 °C,cold,0,0_12,1,0–12,0–12,-0.0668433,0.00346263,4.949999999999999e-83,-6.68433,-7.36301,-6.00566,***
10_15,2,10–15 °C,10–15 °C,cold,0,12_20,2,12–20,12–20,-0.0575011,0.00284833,1.2599999999999997e-90,-5.75011,-6.30839,-5.19184,***
10_15,2,10–15 °C,10–15 °C,cold,0,20_40,3,20–40,20–40,-0.047008,0.00247423,1.74e-80,-4.7008,-5.18575,-4.21585,***
10_15,2,10–15 °C,10–15 °C,cold,0,40_60,4,40–60,40–60,-0.0500468,0.00362509,2.3599999999999997e-43,-5.00468,-5.71519,-4.29416,***
10_15,2,10–15 °C,10–15 °C,cold,0,60_80,5,60–80,60–80,-0.0451104,0.00421741,1.06e-26,-4.51104,-5.33765,-3.68443,***
10_15,2,10–15 °C,10–15 °C,cold,0,80_130,6,80+,80+,-0.0375534,0.00660397,1.3e-8,-3.75534,-5.04972,-2.46097,***
10_15,2,10–15 °C,10–15 °C,cold,1,0_12,1,0–12,0–12,-0.0891238,0.00393458,1.3499999999999997e-113,-8.91238,-9.68356,-8.1412,***
10_15,2,10–15 °C,10–15 °C,cold,1,12_20,2,12–20,12–20,-0.0769559,0.00347436,1.0499999999999998e-108,-7.69559,-8.37656,-7.01461,***
10_15,2,10–15 °C,10–15 °C,cold,1,20_40,3,20–40,20–40,-0.0645033,0.00289293,3.959999999999999e-110,-6.45033,-7.01735,-5.88332,***
10_15,2,10–15 °C,10–15 °C,cold,1,40_60,4,40–60,40–60,-0.0691466,0.00395205,1.5299999999999997e-68,-6.91466,-7.68926,-6.14006,***
10_15,2,10–15 °C,10–15 °C,cold,1,60_80,5,60–80,60–80,-0.0543137,0.00470661,8.299999999999999e-31,-5.43137,-6.35387,-4.5088800000000004,***
10_15,2,10–15 °C,10–15 °C,cold,1,80_130,6,80+,80+,-0.0452763,0.00729716,5.48e-10,-4.52763,-5.95787,-3.09738,***
10_15,2,10–15 °C,10–15 °C,cold,2,0_12,1,0–12,0–12,-0.0909134,0.00485247,2.5399999999999996e-78,-9.09134,-10.0424,-8.14026,***
10_15,2,10–15 °C,10–15 °C,cold,2,12_20,2,12–20,12–20,-0.0831881,0.00443116,1.25e-78,-8.31881,-9.18732,-7.4503,***
10_15,2,10–15 °C,10–15 °C,cold,2,20_40,3,20–40,20–40,-0.065362,0.00344853,4.12e-80,-6.5362,-7.21212,-5.86029,***
10_15,2,10–15 °C,10–15 °C,cold,2,40_60,4,40–60,40–60,-0.0753203,0.00396714,2.22e-80,-7.53203,-8.30959,-6.75447,***
10_15,2,10–15 °C,10–15 °C,cold,2,60_80,5,60–80,60–80,-0.0528492,0.0056133,4.730000000000001e-21,-5.28492,-6.38513,-4.18471,***
10_15,2,10–15 °C,10–15 °C,cold,2,80_130,6,80+,80+,-0.047052,0.00845756,2.65e-8,-4.7052,-6.36288,-3.04751,***
10_15,2,10–15 °C,10–15 °C,cold,3,0_12,1,0–12,0–12,-0.0936546,0.00539758,1.93e-67,-9.36546,-10.423400000000001,-8.30753,***
10_15,2,10–15 °C,10–15 °C,cold,3,12_20,2,12–20,12–20,-0.0957593,0.00458066,4.809999999999999e-97,-9.57593,-10.4737,-8.67812,***
10_15,2,10–15 °C,10–15 °C,cold,3,20_40,3,20–40,20–40,-0.0797561,0.00391949,4.779999999999999e-92,-7.97561,-8.74383,-7.20739,***
10_15,2,10–15 °C,10–15 °C,cold,3,40_60,4,40–60,40–60,-0.0788205,0.00497471,1.5399999999999998e-56,-7.88205,-8.8571,-6.90701,***
10_15,2,10–15 °C,10–15 °C,cold,3,60_80,5,60–80,60–80,-0.0489228,0.00618092,2.47e-15,-4.89228,-6.10374,-3.68082,***
10_15,2,10–15 °C,10–15 °C,cold,3,80_130,6,80+,80+,-0.0593003,0.00992832,2.33e-9,-5.93003,-7.87598,-3.98408,***
10_15,2,10–15 °C,10–15 °C,cold,4,0_12,1,0–12,0–12,-0.0998728,0.007312,1.79e-42,-9.98728,-11.4204,-8.55413,***
10_15,2,10–15 °C,10–15 °C,cold,4,12_20,2,12–20,12–20,-0.101926,0.00557468,1.1199999999999998e-74,-10.1926,-11.2852,-9.09994,***
10_15,2,10–15 °C,10–15 °C,cold,4,20_40,3,20–40,20–40,-0.0834284,0.00425226,1.0499999999999998e-85,-8.34284,-9.17628,-7.50939,***
10_15,2,10–15 °C,10–15 °C,cold,4,40_60,4,40–60,40–60,-0.0842806,0.00541974,1.5699999999999998e-54,-8.42806,-9.49033,-7.36579,***
10_15,2,10–15 °C,10–15 °C,cold,4,60_80,5,60–80,60–80,-0.0543979,0.00583966,1.22e-20,-5.43979,-6.58436,-4.29521,***
10_15,2,10–15 °C,10–15 °C,cold,4,80_130,6,80+,80+,-0.0419285,0.0102403,4.23e-5,-4.19285,-6.19994,-2.18575,***
10_15,2,10–15 °C,10–15 °C,cold,5,0_12,1,0–12,0–12,-0.0874942,0.00582865,6.22e-51,-8.74942,-9.89183,-7.607,***
10_15,2,10–15 °C,10–15 °C,cold,5,12_20,2,12–20,12–20,-0.0999136,0.00528708,1.1899999999999998e-79,-9.99136,-11.0276,-8.95509,***
10_15,2,10–15 °C,10–15 °C,cold,5,20_40,3,20–40,20–40,-0.0833281,0.00416844,6.699999999999998e-89,-8.33281,-9.14983,-7.5158,***
10_15,2,10–15 °C,10–15 °C,cold,5,40_60,4,40–60,40–60,-0.080172,0.00529214,7.659999999999999e-52,-8.0172,-9.05446,-6.97994,***
10_15,2,10–15 °C,10–15 °C,cold,5,60_80,5,60–80,60–80,-0.0460498,0.00641538,7.07e-13,-4.60498,-5.86239,-3.34756,***
10_15,2,10–15 °C,10–15 °C,cold,5,80_130,6,80+,80+,-0.0349904,0.0100664,5.09e-4,-3.49904,-5.47207,-1.52602,***
10_15,2,10–15 °C,10–15 °C,cold,6,0_12,1,0–12,0–12,-0.0957698,0.00834489,1.73e-30,-9.57698,-11.2126,-7.94138,***
10_15,2,10–15 °C,10–15 °C,cold,6,12_20,2,12–20,12–20,-0.108196,0.00653369,1.36e-61,-10.8196,-12.1002,-9.53902,***
10_15,2,10–15 °C,10–15 °C,cold,6,20_40,3,20–40,20–40,-0.0882818,0.00537418,1.22e-60,-8.82818,-9.88152,-7.77485,***
10_15,2,10–15 °C,10–15 °C,cold,6,40_60,4,40–60,40–60,-0.0824943,0.00596659,1.7699999999999998e-43,-8.24943,-9.41888,-7.07998,***
10_15,2,10–15 °C,10–15 °C,cold,6,60_80,5,60–80,60–80,-0.0389286,0.00663593,4.46e-9,-3.89286,-5.1935,-2.59221,***
10_15,2,10–15 °C,10–15 °C,cold,6,80_130,6,80+,80+,-0.0312816,0.0117039,0.00752,-3.12816,-5.42213,-0.834188,***
10_15,2,10–15 °C,10–15 °C,cold,7,0_12,1,0–12,0–12,-0.0858834,0.00839107,1.38e-24,-8.58834,-10.233,-6.94369,***
10_15,2,10–15 °C,10–15 °C,cold,7,12_20,2,12–20,12–20,-0.111171,0.00701019,1.2299999999999998e-56,-11.1171,-12.4911,-9.74308,***
10_15,2,10–15 °C,10–15 °C,cold,7,20_40,3,20–40,20–40,-0.0861204,0.00558262,1.09e-53,-8.61204,-9.70623,-7.51785,***
10_15,2,10–15 °C,10–15 °C,cold,7,40_60,4,40–60,40–60,-0.0808271,0.00606404,1.5699999999999999e-40,-8.08271,-9.27126,-6.89416,***
10_15,2,10–15 °C,10–15 °C,cold,7,60_80,5,60–80,60–80,-0.0326863,0.00705413,3.59e-6,-3.26863,-4.65124,-1.88602,***
10_15,2,10–15 °C,10–15 °C,cold,7,80_130,6,80+,80+,-0.0282077,0.012241,0.0212,-2.82077,-5.22001,-0.421528,**
10_15,2,10–15 °C,10–15 °C,cold,8,0_12,1,0–12,0–12,-0.0825765,0.00834977,4.6199999999999997e-23,-8.25765,-9.8942,-6.62109,***
10_15,2,10–15 °C,10–15 °C,cold,8,12_20,2,12–20,12–20,-0.116274,0.00705176,4.43e-61,-11.6274,-13.0096,-10.2453,***
10_15,2,10–15 °C,10–15 °C,cold,8,20_40,3,20–40,20–40,-0.0909701,0.00589593,1.04e-53,-9.09701,-10.2526,-7.94141,***
10_15,2,10–15 °C,10–15 °C,cold,8,40_60,4,40–60,40–60,-0.0897313,0.0066331,1.0699999999999999e-41,-8.97313,-10.2732,-7.67304,***
10_15,2,10–15 °C,10–15 °C,cold,8,60_80,5,60–80,60–80,-0.0340351,0.00820855,3.38e-5,-3.40351,-5.01238,-1.79463,***
10_15,2,10–15 °C,10–15 °C,cold,8,80_130,6,80+,80+,-0.0180227,0.0139211,0.195,-1.80227,-4.5308,0.926268,
10_15,2,10–15 °C,10–15 °C,cold,9,0_12,1,0–12,0–12,-0.0827637,0.00848515,1.77e-22,-8.27637,-9.93946,-6.61328,***
10_15,2,10–15 °C,10–15 °C,cold,9,12_20,2,12–20,12–20,-0.117938,0.0072640100000000004,2.81e-59,-11.7938,-13.2175,-10.37,***
10_15,2,10–15 °C,10–15 °C,cold,9,20_40,3,20–40,20–40,-0.0919063,0.00617349,3.9900000000000002e-50,-9.19063,-10.4006,-7.98062,***
10_15,2,10–15 °C,10–15 °C,cold,9,40_60,4,40–60,40–60,-0.0913197,0.00663797,4.6099999999999995e-43,-9.13197,-10.433,-7.83093,***
10_15,2,10–15 °C,10–15 °C,cold,9,60_80,5,60–80,60–80,-0.0410993,0.00801359,2.92e-7,-4.10993,-5.68059,-2.53927,***
10_15,2,10–15 °C,10–15 °C,cold,9,80_130,6,80+,80+,-0.0220291,0.0135094,0.103,-2.20291,-4.85076,0.444935,
10_15,2,10–15 °C,10–15 °C,cold,10,0_12,1,0–12,0–12,-0.0730939,0.00949681,1.4e-14,-7.30939,-9.17076,-5.44802,***
10_15,2,10–15 °C,10–15 °C,cold,10,12_20,2,12–20,12–20,-0.118824,0.00771264,1.4799999999999999e-53,-11.8824,-13.3941,-10.3708,***
10_15,2,10–15 °C,10–15 °C,cold,10,20_40,3,20–40,20–40,-0.0911404,0.00656736,8.640000000000001e-44,-9.11404,-10.4012,-7.82683,***
10_15,2,10–15 °C,10–15 °C,cold,10,40_60,4,40–60,40–60,-0.0829836,0.00745933,9.5e-29,-8.29836,-9.76038,-6.83633,***
10_15,2,10–15 °C,10–15 °C,cold,10,60_80,5,60–80,60–80,-0.0313994,0.00854031,2.36e-4,-3.13994,-4.81384,-1.46604,***
10_15,2,10–15 °C,10–15 °C,cold,10,80_130,6,80+,80+,-0.0169596,0.0148687,0.254,-1.69596,-4.61023,1.21831,
10_15,2,10–15 °C,10–15 °C,cold,11,0_12,1,0–12,0–12,-0.0663433,0.00975714,1.05e-11,-6.63433,-8.54673,-4.72193,***
10_15,2,10–15 °C,10–15 °C,cold,11,12_20,2,12–20,12–20,-0.120445,0.00795598,8.96e-52,-12.0445,-13.6039,-10.4852,***
10_15,2,10–15 °C,10–15 °C,cold,11,20_40,3,20–40,20–40,-0.094218,0.00662179,6.0999999999999996e-46,-9.4218,-10.7197,-8.12393,***
10_15,2,10–15 °C,10–15 °C,cold,11,40_60,4,40–60,40–60,-0.0854581,0.00767248,8.17e-29,-8.54581,-10.0496,-7.042,***
10_15,2,10–15 °C,10–15 °C,cold,11,60_80,5,60–80,60–80,-0.0323051,0.00845475,1.33e-4,-3.23051,-4.88764,-1.57338,***
10_15,2,10–15 °C,10–15 °C,cold,11,80_130,6,80+,80+,-0.019072,0.0157266,0.225,-1.9072,-4.98961,1.1752,
10_15,2,10–15 °C,10–15 °C,cold,12,0_12,1,0–12,0–12,-0.0562728,0.00977535,8.58e-9,-5.62728,-7.54325,-3.71131,***
10_15,2,10–15 °C,10–15 °C,cold,12,12_20,2,12–20,12–20,-0.122999,0.00823018,1.68e-50,-12.2999,-13.913,-10.6868,***
10_15,2,10–15 °C,10–15 °C,cold,12,20_40,3,20–40,20–40,-0.0931169,0.0067902,8.439999999999999e-43,-9.31169,-10.6426,-7.98081,***
10_15,2,10–15 °C,10–15 °C,cold,12,40_60,4,40–60,40–60,-0.0845357,0.00797785,3.1000000000000004e-26,-8.45357,-10.0172,-6.88991,***
10_15,2,10–15 °C,10–15 °C,cold,12,60_80,5,60–80,60–80,-0.0334378,0.00859389,9.99e-5,-3.34378,-5.02818,-1.65937,***
10_15,2,10–15 °C,10–15 °C,cold,12,80_130,6,80+,80+,-0.0189173,0.0165006,0.252,-1.89173,-5.12584,1.34238,
10_15,2,10–15 °C,10–15 °C,cold,13,0_12,1,0–12,0–12,-0.0565916,0.0111694,4.05e-7,-5.65916,-7.84836,-3.46996,***
10_15,2,10–15 °C,10–15 °C,cold,13,12_20,2,12–20,12–20,-0.125755,0.00877576,1.4199999999999998e-46,-12.5755,-14.2956,-10.8555,***
10_15,2,10–15 °C,10–15 °C,cold,13,20_40,3,20–40,20–40,-0.0961058,0.0074108,1.85e-38,-9.61058,-11.0631,-8.15807,***
10_15,2,10–15 °C,10–15 °C,cold,13,40_60,4,40–60,40–60,-0.0865003,0.00909014,1.8000000000000003e-21,-8.65003,-10.4317,-6.86836,***
10_15,2,10–15 °C,10–15 °C,cold,13,60_80,5,60–80,60–80,-0.0314815,0.010461,0.00262,-3.14815,-5.1985,-1.09779,***
10_15,2,10–15 °C,10–15 °C,cold,13,80_130,6,80+,80+,-0.00957483,0.0170657,0.575,-0.957483,-4.30237,2.3874,
10_15,2,10–15 °C,10–15 °C,cold,14,0_12,1,0–12,0–12,-0.0613025,0.0120182,3.38e-7,-6.13025,-8.48581,-3.77469,***
10_15,2,10–15 °C,10–15 °C,cold,14,12_20,2,12–20,12–20,-0.131034,0.00957548,1.2599999999999999e-42,-13.1034,-14.9801,-11.2266,***
10_15,2,10–15 °C,10–15 °C,cold,14,20_40,3,20–40,20–40,-0.102164,0.00793695,6.48e-38,-10.2164,-11.772,-8.66073,***
10_15,2,10–15 °C,10–15 °C,cold,14,40_60,4,40–60,40–60,-0.0957643,0.0099868,8.89e-22,-9.57643,-11.5338,-7.61902,***
10_15,2,10–15 °C,10–15 °C,cold,14,60_80,5,60–80,60–80,-0.0373972,0.010193,2.44e-4,-3.73972,-5.73755,-1.74189,***
10_15,2,10–15 °C,10–15 °C,cold,14,80_130,6,80+,80+,-0.0158086,0.0172219,0.359,-1.58086,-4.95634,1.79463,
10_15,2,10–15 °C,10–15 °C,cold,15,0_12,1,0–12,0–12,-0.0606864,0.0113153,8.17e-8,-6.06864,-8.28643,-3.85084,***
10_15,2,10–15 °C,10–15 °C,cold,15,12_20,2,12–20,12–20,-0.138842,0.00923173,4.04e-51,-13.8842,-15.6936,-12.0747,***
10_15,2,10–15 °C,10–15 °C,cold,15,20_40,3,20–40,20–40,-0.105365,0.00752613,1.56e-44,-10.5365,-12.0117,-9.06143,***
10_15,2,10–15 °C,10–15 °C,cold,15,40_60,4,40–60,40–60,-0.0963439,0.0100923,1.3400000000000002e-21,-9.63439,-11.6125,-7.6563,***
10_15,2,10–15 °C,10–15 °C,cold,15,60_80,5,60–80,60–80,-0.0386149,0.0101566,1.44e-4,-3.86149,-5.85219,-1.87079,***
10_15,2,10–15 °C,10–15 °C,cold,15,80_130,6,80+,80+,-0.0171874,0.0175341,0.327,-1.71874,-5.15541,1.71794,
10_15,2,10–15 °C,10–15 °C,cold,16,0_12,1,0–12,0–12,-0.0606762,0.0118732,3.22e-7,-6.06762,-8.39476,-3.74048,***
10_15,2,10–15 °C,10–15 °C,cold,16,12_20,2,12–20,12–20,-0.14672,0.00975946,4.42e-51,-14.672,-16.5848,-12.7591,***
10_15,2,10–15 °C,10–15 °C,cold,16,20_40,3,20–40,20–40,-0.109747,0.00827179,3.57e-40,-10.9747,-12.596,-9.35342,***
10_15,2,10–15 °C,10–15 °C,cold,16,40_60,4,40–60,40–60,-0.102747,0.0110742,1.73e-20,-10.2747,-12.4453,-8.1042,***
10_15,2,10–15 °C,10–15 °C,cold,16,60_80,5,60–80,60–80,-0.0449754,0.0117404,1.28e-4,-4.49754,-6.79865,-2.19643,***
10_15,2,10–15 °C,10–15 °C,cold,16,80_130,6,80+,80+,-0.0162825,0.018421,0.377,-1.62825,-5.23876,1.98225,
10_15,2,10–15 °C,10–15 °C,cold,17,0_12,1,0–12,0–12,-0.0566121,0.0124556,5.49e-6,-5.66121,-8.10251,-3.21991,***
10_15,2,10–15 °C,10–15 °C,cold,17,12_20,2,12–20,12–20,-0.150071,0.0100981,5.88e-50,-15.0071,-16.9863,-13.0279,***
10_15,2,10–15 °C,10–15 °C,cold,17,20_40,3,20–40,20–40,-0.112322,0.00826155,4.2399999999999996e-42,-11.2322,-12.8515,-9.61293,***
10_15,2,10–15 °C,10–15 °C,cold,17,40_60,4,40–60,40–60,-0.104986,0.0112293,8.82e-21,-10.4986,-12.6996,-8.29768,***
10_15,2,10–15 °C,10–15 °C,cold,17,60_80,5,60–80,60–80,-0.049334,0.0117454,2.67e-5,-4.9334,-7.2355,-2.6313,***
10_15,2,10–15 °C,10–15 °C,cold,17,80_130,6,80+,80+,-0.0189447,0.0188648,0.315,-1.89447,-5.59197,1.80304,
10_15,2,10–15 °C,10–15 °C,cold,18,0_12,1,0–12,0–12,-0.0540831,0.0131351,3.83e-5,-5.40831,-7.98279,-2.83383,***
10_15,2,10–15 °C,10–15 °C,cold,18,12_20,2,12–20,12–20,-0.155694,0.00988495,6.8e-56,-15.5694,-17.5069,-13.632,***
10_15,2,10–15 °C,10–15 °C,cold,18,20_40,3,20–40,20–40,-0.11711,0.00799093,1.25e-48,-11.711,-13.2772,-10.1447,***
10_15,2,10–15 °C,10–15 °C,cold,18,40_60,4,40–60,40–60,-0.105826,0.0113552,1.17e-20,-10.5826,-12.8082,-8.35702,***
10_15,2,10–15 °C,10–15 °C,cold,18,60_80,5,60–80,60–80,-0.0460751,0.0123607,1.93e-4,-4.60751,-7.03021,-2.18481,***
10_15,2,10–15 °C,10–15 °C,cold,18,80_130,6,80+,80+,-0.0275151,0.0197218,0.163,-2.75151,-6.61699,1.11397,
10_15,2,10–15 °C,10–15 °C,cold,19,0_12,1,0–12,0–12,-0.0513505,0.0135994,1.59e-4,-5.13505,-7.80053,-2.46956,***
10_15,2,10–15 °C,10–15 °C,cold,19,12_20,2,12–20,12–20,-0.154579,0.0104898,3.78e-49,-15.4579,-17.5139,-13.4019,***
10_15,2,10–15 °C,10–15 °C,cold,19,20_40,3,20–40,20–40,-0.115727,0.00872893,4.06e-40,-11.5727,-13.2836,-9.86182,***
10_15,2,10–15 °C,10–15 °C,cold,19,40_60,4,40–60,40–60,-0.102953,0.0114624,2.66e-19,-10.2953,-12.5419,-8.04865,***
10_15,2,10–15 °C,10–15 °C,cold,19,60_80,5,60–80,60–80,-0.0403474,0.0128197,0.00165,-4.03474,-6.5474,-1.52208,***
10_15,2,10–15 °C,10–15 °C,cold,19,80_130,6,80+,80+,-0.0177392,0.0206858,0.391,-1.77392,-5.82834,2.2805,
10_15,2,10–15 °C,10–15 °C,cold,20,0_12,1,0–12,0–12,-0.0479723,0.0133053,3.12e-4,-4.79723,-7.40507,-2.1894,***
10_15,2,10–15 °C,10–15 °C,cold,20,12_20,2,12–20,12–20,-0.154869,0.0107593,5.64e-47,-15.4869,-17.5957,-13.3781,***
10_15,2,10–15 °C,10–15 °C,cold,20,20_40,3,20–40,20–40,-0.116027,0.00888982,6.21e-39,-11.6027,-13.3451,-9.86032,***
10_15,2,10–15 °C,10–15 °C,cold,20,40_60,4,40–60,40–60,-0.103785,0.0116089,3.89e-19,-10.3785,-12.6539,-8.10315,***
10_15,2,10–15 °C,10–15 °C,cold,20,60_80,5,60–80,60–80,-0.0443762,0.0130735,6.88e-4,-4.43762,-7.00003,-1.87521,***
10_15,2,10–15 °C,10–15 °C,cold,20,80_130,6,80+,80+,-0.0234095,0.0202618,0.248,-2.34095,-6.31227,1.63037,
10_15,2,10–15 °C,10–15 °C,cold,21,0_12,1,0–12,0–12,-0.0464424,0.013617,6.48e-4,-4.64424,-7.31317,-1.9753,***
10_15,2,10–15 °C,10–15 °C,cold,21,12_20,2,12–20,12–20,-0.160718,0.0108296,8e-50,-16.0718,-18.1944,-13.9492,***
10_15,2,10–15 °C,10–15 °C,cold,21,20_40,3,20–40,20–40,-0.125089,0.00919749,3.99e-42,-12.5089,-14.3116,-10.7062,***
10_15,2,10–15 °C,10–15 °C,cold,21,40_60,4,40–60,40–60,-0.111552,0.0128607,4.18e-18,-11.1552,-13.6759,-8.6345,***
10_15,2,10–15 °C,10–15 °C,cold,21,60_80,5,60–80,60–80,-0.0500589,0.0140365,3.62e-4,-5.00589,-7.75703,-2.25474,***
10_15,2,10–15 °C,10–15 °C,cold,21,80_130,6,80+,80+,-0.0359062,0.0213355,0.0924,-3.59062,-7.77238,0.591136,*
10_15,2,10–15 °C,10–15 °C,cold,22,0_12,1,0–12,0–12,-0.0432598,0.0135458,0.00141,-4.32598,-6.98095,-1.67101,***
10_15,2,10–15 °C,10–15 °C,cold,22,12_20,2,12–20,12–20,-0.164897,0.01123,8.21e-49,-16.4897,-18.6908,-14.2886,***
10_15,2,10–15 °C,10–15 °C,cold,22,20_40,3,20–40,20–40,-0.126402,0.00938043,2.19e-41,-12.6402,-14.4787,-10.8016,***
10_15,2,10–15 °C,10–15 °C,cold,22,40_60,4,40–60,40–60,-0.114579,0.0122526,8.650000000000001e-21,-11.4579,-13.8594,-9.05642,***
10_15,2,10–15 °C,10–15 °C,cold,22,60_80,5,60–80,60–80,-0.0485606,0.0140779,5.62e-4,-4.85606,-7.61533,-2.09679,***
10_15,2,10–15 °C,10–15 °C,cold,22,80_130,6,80+,80+,-0.0330612,0.0212543,0.12,-3.30612,-7.47196,0.859712,
10_15,2,10–15 °C,10–15 °C,cold,23,0_12,1,0–12,0–12,-0.0468828,0.013697,6.2e-4,-4.68828,-7.3729,-2.00367,***
10_15,2,10–15 °C,10–15 °C,cold,23,12_20,2,12–20,12–20,-0.169907,0.011749,2.1199999999999998e-47,-16.9907,-19.2935,-14.6879,***
10_15,2,10–15 °C,10–15 °C,cold,23,20_40,3,20–40,20–40,-0.130425,0.00978851,1.67e-40,-13.0425,-14.9611,-11.124,***
10_15,2,10–15 °C,10–15 °C,cold,23,40_60,4,40–60,40–60,-0.112135,0.0120717,1.56e-20,-11.2135,-13.5796,-8.84745,***
10_15,2,10–15 °C,10–15 °C,cold,23,60_80,5,60–80,60–80,-0.046216,0.0155267,0.00292,-4.6216,-7.66484,-1.57835,***
10_15,2,10–15 °C,10–15 °C,cold,23,80_130,6,80+,80+,-0.0394736,0.0215067,0.0664,-3.94736,-8.16267,0.267954,*
10_15,2,10–15 °C,10–15 °C,cold,24,0_12,1,0–12,0–12,-0.0420814,0.0143083,0.00327,-4.20814,-7.01257,-1.40372,***
10_15,2,10–15 °C,10–15 °C,cold,24,12_20,2,12–20,12–20,-0.175446,0.0116975,7.5e-51,-17.5446,-19.8373,-15.2519,***
10_15,2,10–15 °C,10–15 °C,cold,24,20_40,3,20–40,20–40,-0.134603,0.00960972,1.41e-44,-13.4603,-15.3438,-11.5768,***
10_15,2,10–15 °C,10–15 °C,cold,24,40_60,4,40–60,40–60,-0.118323,0.0122652,5.0600000000000005e-22,-11.8323,-14.2363,-9.42833,***
10_15,2,10–15 °C,10–15 °C,cold,24,60_80,5,60–80,60–80,-0.0499258,0.0156937,0.00147,-4.99258,-8.06855,-1.91661,***
10_15,2,10–15 °C,10–15 °C,cold,24,80_130,6,80+,80+,-0.0317324,0.0219448,0.148,-3.17324,-7.47443,1.12794,
10_15,2,10–15 °C,10–15 °C,cold,25,0_12,1,0–12,0–12,-0.0481214,0.0145892,9.72e-4,-4.81214,-7.67161,-1.95266,***
10_15,2,10–15 °C,10–15 °C,cold,25,12_20,2,12–20,12–20,-0.180653,0.0120097,3.88e-51,-18.0653,-20.4192,-15.7114,***
10_15,2,10–15 °C,10–15 °C,cold,25,20_40,3,20–40,20–40,-0.136119,0.00978666,5.62e-44,-13.6119,-15.5301,-11.6937,***
10_15,2,10–15 °C,10–15 °C,cold,25,40_60,4,40–60,40–60,-0.11851,0.0124217,1.4200000000000002e-21,-11.851,-14.2857,-9.41634,***
10_15,2,10–15 °C,10–15 °C,cold,25,60_80,5,60–80,60–80,-0.0521316,0.0150081,5.14e-4,-5.21316,-8.15474,-2.27158,***
10_15,2,10–15 °C,10–15 °C,cold,25,80_130,6,80+,80+,-0.0470376,0.0223066,0.035,-4.70376,-9.07586,-0.331669,**
10_15,2,10–15 °C,10–15 °C,cold,26,0_12,1,0–12,0–12,-0.049391,0.0152145,0.00117,-4.9391,-7.92114,-1.95707,***
10_15,2,10–15 °C,10–15 °C,cold,26,12_20,2,12–20,12–20,-0.185581,0.0120887,3.45e-53,-18.5581,-20.9275,-16.1887,***
10_15,2,10–15 °C,10–15 °C,cold,26,20_40,3,20–40,20–40,-0.142101,0.0101515,1.6e-44,-14.2101,-16.1998,-12.2204,***
10_15,2,10–15 °C,10–15 °C,cold,26,40_60,4,40–60,40–60,-0.12289,0.0127864,7.19e-22,-12.289,-14.7951,-9.78286,***
10_15,2,10–15 °C,10–15 °C,cold,26,60_80,5,60–80,60–80,-0.0593876,0.0154403,1.2e-4,-5.93876,-8.96506,-2.91245,***
10_15,2,10–15 °C,10–15 °C,cold,26,80_130,6,80+,80+,-0.0490537,0.0236014,0.0377,-4.90537,-9.53125,-0.279492,**
10_15,2,10–15 °C,10–15 °C,cold,27,0_12,1,0–12,0–12,-0.0501227,0.0152194,9.9e-4,-5.01227,-7.99528,-2.02927,***
10_15,2,10–15 °C,10–15 °C,cold,27,12_20,2,12–20,12–20,-0.186339,0.0131208,8.93e-46,-18.6339,-21.2055,-16.0622,***
10_15,2,10–15 °C,10–15 °C,cold,27,20_40,3,20–40,20–40,-0.142979,0.0107596,2.7e-40,-14.2979,-16.4068,-12.189,***
10_15,2,10–15 °C,10–15 °C,cold,27,40_60,4,40–60,40–60,-0.128589,0.0135781,2.79e-21,-12.8589,-15.5202,-10.1975,***
10_15,2,10–15 °C,10–15 °C,cold,27,60_80,5,60–80,60–80,-0.0629468,0.0156618,5.84e-5,-6.29468,-9.3644,-3.22496,***
10_15,2,10–15 °C,10–15 °C,cold,27,80_130,6,80+,80+,-0.0525165,0.0242396,0.0303,-5.25165,-10.0026,-0.500682,**
10_15,2,10–15 °C,10–15 °C,cold,28,0_12,1,0–12,0–12,-0.0516487,0.0153332,7.56e-4,-5.16487,-8.17018,-2.15955,***
10_15,2,10–15 °C,10–15 °C,cold,28,12_20,2,12–20,12–20,-0.187242,0.0140778,2.3e-40,-18.7242,-21.4834,-15.965,***
10_15,2,10–15 °C,10–15 °C,cold,28,20_40,3,20–40,20–40,-0.146121,0.0118039,3.3899999999999995e-35,-14.6121,-16.9256,-12.2985,***
10_15,2,10–15 °C,10–15 °C,cold,28,40_60,4,40–60,40–60,-0.129952,0.0135131,6.79e-22,-12.9952,-15.6438,-10.3466,***
10_15,2,10–15 °C,10–15 °C,cold,28,60_80,5,60–80,60–80,-0.0596212,0.0161713,2.27e-4,-5.96212,-9.13169,-2.79255,***
10_15,2,10–15 °C,10–15 °C,cold,28,80_130,6,80+,80+,-0.0584448,0.0239272,0.0146,-5.84448,-10.5342,-1.15475,**
10_15,2,10–15 °C,10–15 °C,cold,29,0_12,1,0–12,0–12,-0.0483268,0.0152428,0.00152,-4.83268,-7.82027,-1.84509,***
10_15,2,10–15 °C,10–15 °C,cold,29,12_20,2,12–20,12–20,-0.19553,0.0128744,4.279999999999999e-52,-19.553,-22.0764,-17.0296,***
10_15,2,10–15 °C,10–15 °C,cold,29,20_40,3,20–40,20–40,-0.152923,0.0111779,1.3199999999999999e-42,-15.2923,-17.4832,-13.1014,***
10_15,2,10–15 °C,10–15 °C,cold,29,40_60,4,40–60,40–60,-0.132738,0.0135975,1.6400000000000001e-22,-13.2738,-15.9389,-10.6087,***
10_15,2,10–15 °C,10–15 °C,cold,29,60_80,5,60–80,60–80,-0.0623324,0.016116,1.1e-4,-6.23324,-9.39199,-3.0745,***
10_15,2,10–15 °C,10–15 °C,cold,29,80_130,6,80+,80+,-0.05551,0.0232409,0.0169,-5.551,-10.1062,-0.995788,**
10_15,2,10–15 °C,10–15 °C,cold,30,0_12,1,0–12,0–12,-0.0466255,0.0159195,0.0034,-4.66255,-7.78278,-1.54232,***
10_15,2,10–15 °C,10–15 °C,cold,30,12_20,2,12–20,12–20,-0.192463,0.0137324,1.26e-44,-19.2463,-21.9378,-16.5547,***
10_15,2,10–15 °C,10–15 °C,cold,30,20_40,3,20–40,20–40,-0.147841,0.0117383,2.26e-36,-14.7841,-17.0848,-12.4834,***
10_15,2,10–15 °C,10–15 °C,cold,30,40_60,4,40–60,40–60,-0.131184,0.0137713,1.6400000000000002e-21,-13.1184,-15.8176,-10.4192,***
10_15,2,10–15 °C,10–15 °C,cold,30,60_80,5,60–80,60–80,-0.0562599,0.0167411,7.78e-4,-5.62599,-8.90724,-2.34473,***
10_15,2,10–15 °C,10–15 °C,cold,30,80_130,6,80+,80+,-0.0509487,0.023983,0.0336,-5.09487,-9.79553,-0.394204,**
15_20,3,15–20 °C,15–20 °C,cold,0,0_12,1,0–12,0–12,-0.0324405,0.00229235,1.8199999999999998e-45,-3.24405,-3.69335,-2.79474,***
15_20,3,15–20 °C,15–20 °C,cold,0,12_20,2,12–20,12–20,-0.0315111,0.00201743,5.369999999999999e-55,-3.15111,-3.54652,-2.75569,***
15_20,3,15–20 °C,15–20 °C,cold,0,20_40,3,20–40,20–40,-0.0250176,0.0017436,1.09e-46,-2.50176,-2.8435,-2.16001,***
15_20,3,15–20 °C,15–20 °C,cold,0,40_60,4,40–60,40–60,-0.0247431,0.0023828,2.93e-25,-2.47431,-2.94134,-2.00728,***
15_20,3,15–20 °C,15–20 °C,cold,0,60_80,5,60–80,60–80,-0.0182386,0.00286907,2.06e-10,-1.82386,-2.3862,-1.26152,***
15_20,3,15–20 °C,15–20 °C,cold,0,80_130,6,80+,80+,-0.0171563,0.00473975,2.95e-4,-1.71563,-2.64462,-0.786642,***
15_20,3,15–20 °C,15–20 °C,cold,1,0_12,1,0–12,0–12,-0.0404438,0.0024618,1.19e-60,-4.04438,-4.52689,-3.56187,***
15_20,3,15–20 °C,15–20 °C,cold,1,12_20,2,12–20,12–20,-0.0396334,0.00257254,1.4799999999999999e-53,-3.96334,-4.46755,-3.45912,***
15_20,3,15–20 °C,15–20 °C,cold,1,20_40,3,20–40,20–40,-0.0319188,0.00207441,2e-53,-3.19188,-3.59846,-2.78529,***
15_20,3,15–20 °C,15–20 °C,cold,1,40_60,4,40–60,40–60,-0.0312695,0.00256013,2.62e-34,-3.12695,-3.62873,-2.62516,***
15_20,3,15–20 °C,15–20 °C,cold,1,60_80,5,60–80,60–80,-0.0158665,0.00312582,3.86e-7,-1.58665,-2.19931,-0.973988,***
15_20,3,15–20 °C,15–20 °C,cold,1,80_130,6,80+,80+,-0.017475,0.00494453,4.09e-4,-1.7475,-2.71663,-0.778375,***
15_20,3,15–20 °C,15–20 °C,cold,2,0_12,1,0–12,0–12,-0.0378988,0.00333667,6.749999999999999e-30,-3.78988,-4.44387,-3.13589,***
15_20,3,15–20 °C,15–20 °C,cold,2,12_20,2,12–20,12–20,-0.0409603,0.00266081,1.8e-53,-4.09603,-4.61755,-3.57451,***
15_20,3,15–20 °C,15–20 °C,cold,2,20_40,3,20–40,20–40,-0.0331607,0.00228704,1.22e-47,-3.31607,-3.76433,-2.86781,***
15_20,3,15–20 °C,15–20 °C,cold,2,40_60,4,40–60,40–60,-0.0336994,0.00294332,2.3699999999999997e-30,-3.36994,-3.94683,-2.79305,***
15_20,3,15–20 °C,15–20 °C,cold,2,60_80,5,60–80,60–80,-0.0154534,0.00366446,2.47e-5,-1.54534,-2.26357,-0.827105,***
15_20,3,15–20 °C,15–20 °C,cold,2,80_130,6,80+,80+,-0.0195986,0.00581707,7.54e-4,-1.95986,-3.1,-0.819709,***
15_20,3,15–20 °C,15–20 °C,cold,3,0_12,1,0–12,0–12,-0.0353599,0.00393071,2.35e-19,-3.53599,-4.30641,-2.76557,***
15_20,3,15–20 °C,15–20 °C,cold,3,12_20,2,12–20,12–20,-0.0455155,0.002994,3.42e-52,-4.55155,-5.13837,-3.96472,***
15_20,3,15–20 °C,15–20 °C,cold,3,20_40,3,20–40,20–40,-0.0397003,0.00271638,2.25e-48,-3.97003,-4.50244,-3.43762,***
15_20,3,15–20 °C,15–20 °C,cold,3,40_60,4,40–60,40–60,-0.034086,0.00323103,5.1000000000000005e-26,-3.4086,-4.04188,-2.77531,***
15_20,3,15–20 °C,15–20 °C,cold,3,60_80,5,60–80,60–80,-0.0141413,0.00383696,2.28e-4,-1.41413,-2.16617,-0.662087,***
15_20,3,15–20 °C,15–20 °C,cold,3,80_130,6,80+,80+,-0.020305,0.00678961,0.00278,-2.0305,-3.36126,-0.699733,***
15_20,3,15–20 °C,15–20 °C,cold,4,0_12,1,0–12,0–12,-0.0387001,0.00548236,1.68e-12,-3.87001,-4.94455,-2.79547,***
15_20,3,15–20 °C,15–20 °C,cold,4,12_20,2,12–20,12–20,-0.0490855,0.00382039,8.79e-38,-4.90855,-5.65735,-4.15976,***
15_20,3,15–20 °C,15–20 °C,cold,4,20_40,3,20–40,20–40,-0.0397924,0.00303216,2.42e-39,-3.97924,-4.57355,-3.38494,***
15_20,3,15–20 °C,15–20 °C,cold,4,40_60,4,40–60,40–60,-0.0360171,0.00361739,2.3599999999999998e-23,-3.60171,-4.31072,-2.89271,***
15_20,3,15–20 °C,15–20 °C,cold,4,60_80,5,60–80,60–80,-0.0150555,0.00371561,5.08e-5,-1.50555,-2.23381,-0.777289,***
15_20,3,15–20 °C,15–20 °C,cold,4,80_130,6,80+,80+,-0.0116226,0.00690278,0.0922,-1.16226,-2.5152,0.190685,*
15_20,3,15–20 °C,15–20 °C,cold,5,0_12,1,0–12,0–12,-0.0304528,0.0039061,6.38e-15,-3.04528,-3.81088,-2.27968,***
15_20,3,15–20 °C,15–20 °C,cold,5,12_20,2,12–20,12–20,-0.0477858,0.00366405,7.08e-39,-4.77858,-5.49674,-4.06043,***
15_20,3,15–20 °C,15–20 °C,cold,5,20_40,3,20–40,20–40,-0.0394546,0.00299714,1.41e-39,-3.94546,-4.5329,-3.35802,***
15_20,3,15–20 °C,15–20 °C,cold,5,40_60,4,40–60,40–60,-0.0353708,0.00370816,1.4500000000000002e-21,-3.53708,-4.26388,-2.81028,***
15_20,3,15–20 °C,15–20 °C,cold,5,60_80,5,60–80,60–80,-0.0111808,0.00400502,0.00524,-1.11808,-1.90306,-0.333094,***
15_20,3,15–20 °C,15–20 °C,cold,5,80_130,6,80+,80+,-0.00526892,0.00710841,0.459,-0.526892,-1.92014,0.866357,
15_20,3,15–20 °C,15–20 °C,cold,6,0_12,1,0–12,0–12,-0.0339471,0.00594965,1.16e-8,-3.39471,-4.56085,-2.22858,***
15_20,3,15–20 °C,15–20 °C,cold,6,12_20,2,12–20,12–20,-0.0499687,0.00414878,2.08e-33,-4.99687,-5.81003,-4.18371,***
15_20,3,15–20 °C,15–20 °C,cold,6,20_40,3,20–40,20–40,-0.0416787,0.00360925,7.579999999999999e-31,-4.16787,-4.87528,-3.46046,***
15_20,3,15–20 °C,15–20 °C,cold,6,40_60,4,40–60,40–60,-0.0340568,0.00402934,2.86e-17,-3.40568,-4.19544,-2.61593,***
15_20,3,15–20 °C,15–20 °C,cold,6,60_80,5,60–80,60–80,-0.00747284,0.00406369,0.0659,-0.747284,-1.54377,0.0491999,*
15_20,3,15–20 °C,15–20 °C,cold,6,80_130,6,80+,80+,-0.00720883,0.00795969,0.365,-0.720883,-2.28098,0.839217,
15_20,3,15–20 °C,15–20 °C,cold,7,0_12,1,0–12,0–12,-0.0267045,0.00565256,2.31e-6,-2.67045,-3.77836,-1.56255,***
15_20,3,15–20 °C,15–20 °C,cold,7,12_20,2,12–20,12–20,-0.0545894,0.00448794,4.8599999999999995e-34,-5.45894,-6.33858,-4.57931,***
15_20,3,15–20 °C,15–20 °C,cold,7,20_40,3,20–40,20–40,-0.0423693,0.00389382,1.4200000000000001e-27,-4.23693,-5.00012,-3.47374,***
15_20,3,15–20 °C,15–20 °C,cold,7,40_60,4,40–60,40–60,-0.034801,0.00409767,2.02e-17,-3.4801,-4.28324,-2.67696,***
15_20,3,15–20 °C,15–20 °C,cold,7,60_80,5,60–80,60–80,-0.00567014,0.00442095,0.2,-0.567014,-1.43352,0.299492,
15_20,3,15–20 °C,15–20 °C,cold,7,80_130,6,80+,80+,-0.00926733,0.00800208,0.247,-0.926733,-2.49514,0.641674,
15_20,3,15–20 °C,15–20 °C,cold,8,0_12,1,0–12,0–12,-0.02301,0.00536686,1.81e-5,-2.301,-3.3529,-1.24909,***
15_20,3,15–20 °C,15–20 °C,cold,8,12_20,2,12–20,12–20,-0.0548836,0.00449871,3.11e-34,-5.48836,-6.37011,-4.60661,***
15_20,3,15–20 °C,15–20 °C,cold,8,20_40,3,20–40,20–40,-0.041686,0.00390001,1.15e-26,-4.1686,-4.933,-3.4042,***
15_20,3,15–20 °C,15–20 °C,cold,8,40_60,4,40–60,40–60,-0.0358664,0.00461101,7.34e-15,-3.58664,-4.4904,-2.68288,***
15_20,3,15–20 °C,15–20 °C,cold,8,60_80,5,60–80,60–80,-0.00231616,0.00519006,0.655,-0.231616,-1.24887,0.785635,
15_20,3,15–20 °C,15–20 °C,cold,8,80_130,6,80+,80+,-0.00404131,0.00967867,0.676,-0.404131,-2.30115,1.49289,
15_20,3,15–20 °C,15–20 °C,cold,9,0_12,1,0–12,0–12,-0.0210795,0.00579173,2.73e-4,-2.10795,-3.24313,-0.972772,***
15_20,3,15–20 °C,15–20 °C,cold,9,12_20,2,12–20,12–20,-0.0559836,0.00488493,2.08e-30,-5.59836,-6.55581,-4.64092,***
15_20,3,15–20 °C,15–20 °C,cold,9,20_40,3,20–40,20–40,-0.0433258,0.00421981,9.9e-25,-4.33258,-5.15966,-3.5055,***
15_20,3,15–20 °C,15–20 °C,cold,9,40_60,4,40–60,40–60,-0.0382188,0.0048064,1.84e-15,-3.82188,-4.76393,-2.87982,***
15_20,3,15–20 °C,15–20 °C,cold,9,60_80,5,60–80,60–80,-0.0076138,0.00539533,0.158,-0.76138,-1.81887,0.296105,
15_20,3,15–20 °C,15–20 °C,cold,9,80_130,6,80+,80+,-0.00406329,0.00983647,0.68,-0.406329,-2.33428,1.52162,
15_20,3,15–20 °C,15–20 °C,cold,10,0_12,1,0–12,0–12,-0.0147578,0.00595884,0.0133,-1.47578,-2.64371,-0.307846,**
15_20,3,15–20 °C,15–20 °C,cold,10,12_20,2,12–20,12–20,-0.0556698,0.00532678,1.45e-25,-5.56698,-6.61103,-4.52293,***
15_20,3,15–20 °C,15–20 °C,cold,10,20_40,3,20–40,20–40,-0.041551,0.00457757,1.12e-19,-4.1551,-5.05231,-3.2579,***
15_20,3,15–20 °C,15–20 °C,cold,10,40_60,4,40–60,40–60,-0.0312523,0.00520302,1.89e-9,-3.12523,-4.14502,-2.10544,***
15_20,3,15–20 °C,15–20 °C,cold,10,60_80,5,60–80,60–80,-0.00328053,0.0058029,0.572,-0.328053,-1.46542,0.809315,
15_20,3,15–20 °C,15–20 °C,cold,10,80_130,6,80+,80+,7.54454e-4,0.010273,0.941,0.0754454,-1.93806,2.08895,
15_20,3,15–20 °C,15–20 °C,cold,11,0_12,1,0–12,0–12,-0.00900583,0.00617187,0.145,-0.900583,-2.11027,0.309103,
15_20,3,15–20 °C,15–20 °C,cold,11,12_20,2,12–20,12–20,-0.0542565,0.00554443,1.3e-22,-5.42565,-6.51236,-4.33894,***
15_20,3,15–20 °C,15–20 °C,cold,11,20_40,3,20–40,20–40,-0.0406464,0.00466364,2.89e-18,-4.06464,-4.97871,-3.15056,***
15_20,3,15–20 °C,15–20 °C,cold,11,40_60,4,40–60,40–60,-0.0328254,0.00550936,2.55e-9,-3.28254,-4.36237,-2.2027,***
15_20,3,15–20 °C,15–20 °C,cold,11,60_80,5,60–80,60–80,-0.0029009,0.00565559,0.608,-0.29009,-1.39859,0.818405,
15_20,3,15–20 °C,15–20 °C,cold,11,80_130,6,80+,80+,-0.00224543,0.010702,0.834,-0.224543,-2.32214,1.87305,
15_20,3,15–20 °C,15–20 °C,cold,12,0_12,1,0–12,0–12,-0.00275326,0.0059655,0.644,-0.275326,-1.44456,0.893911,
15_20,3,15–20 °C,15–20 °C,cold,12,12_20,2,12–20,12–20,-0.0529566,0.00563238,5.34e-21,-5.29566,-6.39961,-4.19171,***
15_20,3,15–20 °C,15–20 °C,cold,12,20_40,3,20–40,20–40,-0.0388737,0.00475775,3.07e-16,-3.88737,-4.81989,-2.95485,***
15_20,3,15–20 °C,15–20 °C,cold,12,40_60,4,40–60,40–60,-0.0307229,0.00567417,6.15e-8,-3.07229,-4.18443,-1.96015,***
15_20,3,15–20 °C,15–20 °C,cold,12,60_80,5,60–80,60–80,-0.00186856,0.00603814,0.757,-0.186856,-1.37033,0.996621,
15_20,3,15–20 °C,15–20 °C,cold,12,80_130,6,80+,80+,0.00220091,0.0114519,0.848,0.220091,-2.02448,2.46466,
15_20,3,15–20 °C,15–20 °C,cold,13,0_12,1,0–12,0–12,-0.00427791,0.00721997,0.554,-0.427791,-1.84291,0.987323,
15_20,3,15–20 °C,15–20 °C,cold,13,12_20,2,12–20,12–20,-0.0564743,0.00610311,2.18e-20,-5.64743,-6.84364,-4.45122,***
15_20,3,15–20 °C,15–20 °C,cold,13,20_40,3,20–40,20–40,-0.0431582,0.00512182,3.57e-17,-4.31582,-5.3197,-3.31195,***
15_20,3,15–20 °C,15–20 °C,cold,13,40_60,4,40–60,40–60,-0.0321854,0.00630557,3.32e-7,-3.21854,-4.45444,-1.98265,***
15_20,3,15–20 °C,15–20 °C,cold,13,60_80,5,60–80,60–80,-0.00271091,0.00654479,0.679,-0.271091,-1.55387,1.01169,
15_20,3,15–20 °C,15–20 °C,cold,13,80_130,6,80+,80+,0.00370482,0.0118432,0.754,0.370482,-1.95078,2.69174,
15_20,3,15–20 °C,15–20 °C,cold,14,0_12,1,0–12,0–12,-0.00891913,0.00828591,0.282,-0.891913,-2.51595,0.732125,
15_20,3,15–20 °C,15–20 °C,cold,14,12_20,2,12–20,12–20,-0.060917,0.00691612,1.27e-18,-6.0917,-7.44726,-4.73614,***
15_20,3,15–20 °C,15–20 °C,cold,14,20_40,3,20–40,20–40,-0.0457777,0.0057305,1.37e-15,-4.57777,-5.70095,-3.45459,***
15_20,3,15–20 °C,15–20 °C,cold,14,40_60,4,40–60,40–60,-0.0399122,0.00660198,1.49e-9,-3.99122,-5.28521,-2.69723,***
15_20,3,15–20 °C,15–20 °C,cold,14,60_80,5,60–80,60–80,-0.00804102,0.00628164,0.201,-0.804102,-2.0353,0.4271,
15_20,3,15–20 °C,15–20 °C,cold,14,80_130,6,80+,80+,-0.00190305,0.0122372,0.876,-0.190305,-2.5888,2.20819,
15_20,3,15–20 °C,15–20 °C,cold,15,0_12,1,0–12,0–12,-0.00796029,0.00744488,0.285,-0.796029,-2.25522,0.663167,
15_20,3,15–20 °C,15–20 °C,cold,15,12_20,2,12–20,12–20,-0.0643993,0.00655314,8.589999999999999e-23,-6.43993,-7.72435,-5.15552,***
15_20,3,15–20 °C,15–20 °C,cold,15,20_40,3,20–40,20–40,-0.0466203,0.00533222,2.27e-18,-4.66203,-5.70714,-3.61691,***
15_20,3,15–20 °C,15–20 °C,cold,15,40_60,4,40–60,40–60,-0.0371875,0.0065519,1.38e-8,-3.71875,-5.00292,-2.43458,***
15_20,3,15–20 °C,15–20 °C,cold,15,60_80,5,60–80,60–80,-0.00603879,0.00651278,0.354,-0.603879,-1.88038,0.672626,
15_20,3,15–20 °C,15–20 °C,cold,15,80_130,6,80+,80+,-0.00522626,0.0126456,0.679,-0.522626,-3.00117,1.95592,
15_20,3,15–20 °C,15–20 °C,cold,16,0_12,1,0–12,0–12,-0.00805683,0.00765343,0.292,-0.805683,-2.30575,0.694389,
15_20,3,15–20 °C,15–20 °C,cold,16,12_20,2,12–20,12–20,-0.066812,0.0068065,9.619999999999999e-23,-6.6812,-8.01528,-5.34713,***
15_20,3,15–20 °C,15–20 °C,cold,16,20_40,3,20–40,20–40,-0.0480414,0.00565468,1.96e-17,-4.80414,-5.91246,-3.69582,***
15_20,3,15–20 °C,15–20 °C,cold,16,40_60,4,40–60,40–60,-0.0394666,0.00688246,9.79e-9,-3.94666,-5.29562,-2.59769,***
15_20,3,15–20 °C,15–20 °C,cold,16,60_80,5,60–80,60–80,-0.00602597,0.00742569,0.417,-0.602597,-2.05803,0.852837,
15_20,3,15–20 °C,15–20 °C,cold,16,80_130,6,80+,80+,-0.00429224,0.0130909,0.743,-0.429224,-2.99503,2.13659,
15_20,3,15–20 °C,15–20 °C,cold,17,0_12,1,0–12,0–12,-0.0051954,0.00797533,0.515,-0.51954,-2.0827,1.04363,
15_20,3,15–20 °C,15–20 °C,cold,17,12_20,2,12–20,12–20,-0.0671258,0.00693355,3.62e-22,-6.71258,-8.07156,-5.3536,***
15_20,3,15–20 °C,15–20 °C,cold,17,20_40,3,20–40,20–40,-0.0473362,0.00574117,1.65e-16,-4.73362,-5.85889,-3.60835,***
15_20,3,15–20 °C,15–20 °C,cold,17,40_60,4,40–60,40–60,-0.0375977,0.00708094,1.1e-7,-3.75977,-5.14763,-2.37191,***
15_20,3,15–20 °C,15–20 °C,cold,17,60_80,5,60–80,60–80,-0.0097485,0.00752444,0.195,-0.97485,-2.44964,0.49994,
15_20,3,15–20 °C,15–20 °C,cold,17,80_130,6,80+,80+,2.59139e-5,0.0135882,0.998,0.00259139,-2.6607,2.66588,
15_20,3,15–20 °C,15–20 °C,cold,18,0_12,1,0–12,0–12,-0.00350282,0.00808427,0.665,-0.350282,-1.9348,1.23424,
15_20,3,15–20 °C,15–20 °C,cold,18,12_20,2,12–20,12–20,-0.0707263,0.00699833,5.1899999999999996e-24,-7.07263,-8.4443,-5.70096,***
15_20,3,15–20 °C,15–20 °C,cold,18,20_40,3,20–40,20–40,-0.0513059,0.00558484,4.05e-20,-5.13059,-6.22522,-4.03597,***
15_20,3,15–20 °C,15–20 °C,cold,18,40_60,4,40–60,40–60,-0.0431381,0.00760798,1.43e-8,-4.31381,-5.80498,-2.82265,***
15_20,3,15–20 °C,15–20 °C,cold,18,60_80,5,60–80,60–80,-0.00826941,0.00825363,0.316,-0.826941,-2.44465,0.79077,
15_20,3,15–20 °C,15–20 °C,cold,18,80_130,6,80+,80+,-0.0069138,0.01402,0.622,-0.69138,-3.4393,2.05654,
15_20,3,15–20 °C,15–20 °C,cold,19,0_12,1,0–12,0–12,-0.00320241,0.0080308,0.69,-0.320241,-1.89428,1.2538,
15_20,3,15–20 °C,15–20 °C,cold,19,12_20,2,12–20,12–20,-0.0708484,0.00704579,8.7e-24,-7.08484,-8.46581,-5.70386,***
15_20,3,15–20 °C,15–20 °C,cold,19,20_40,3,20–40,20–40,-0.0507387,0.00591525,9.69e-18,-5.07387,-6.23326,-3.91448,***
15_20,3,15–20 °C,15–20 °C,cold,19,40_60,4,40–60,40–60,-0.0423383,0.00798822,1.16e-7,-4.23383,-5.79952,-2.66814,***
15_20,3,15–20 °C,15–20 °C,cold,19,60_80,5,60–80,60–80,-0.00701932,0.00789809,0.374,-0.701932,-2.24996,0.846094,
15_20,3,15–20 °C,15–20 °C,cold,19,80_130,6,80+,80+,-0.00305579,0.0142851,0.831,-0.305579,-3.10546,2.49431,
15_20,3,15–20 °C,15–20 °C,cold,20,0_12,1,0–12,0–12,-0.00210027,0.00833816,0.801,-0.210027,-1.84431,1.42425,
15_20,3,15–20 °C,15–20 °C,cold,20,12_20,2,12–20,12–20,-0.0717104,0.00744099,5.57e-22,-7.17104,-8.62948,-5.71261,***
15_20,3,15–20 °C,15–20 °C,cold,20,20_40,3,20–40,20–40,-0.0524556,0.0061348,1.23e-17,-5.24556,-6.44798,-4.04314,***
15_20,3,15–20 °C,15–20 °C,cold,20,40_60,4,40–60,40–60,-0.0425124,0.00775842,4.27e-8,-4.25124,-5.77189,-2.73058,***
15_20,3,15–20 °C,15–20 °C,cold,20,60_80,5,60–80,60–80,-0.00835242,0.00867067,0.335,-0.835242,-2.53469,0.864209,
15_20,3,15–20 °C,15–20 °C,cold,20,80_130,6,80+,80+,-0.00709149,0.0150833,0.638,-0.709149,-3.66547,2.24717,
15_20,3,15–20 °C,15–20 °C,cold,21,0_12,1,0–12,0–12,-0.00235272,0.0085173,0.782,-0.235272,-1.90466,1.43412,
15_20,3,15–20 °C,15–20 °C,cold,21,12_20,2,12–20,12–20,-0.0728479,0.00757425,6.72e-22,-7.28479,-8.76935,-5.80024,***
15_20,3,15–20 °C,15–20 °C,cold,21,20_40,3,20–40,20–40,-0.0556253,0.00632961,1.52e-18,-5.56253,-6.80313,-4.32193,***
15_20,3,15–20 °C,15–20 °C,cold,21,40_60,4,40–60,40–60,-0.0459274,0.00866058,1.14e-7,-4.59274,-6.29022,-2.89527,***
15_20,3,15–20 °C,15–20 °C,cold,21,60_80,5,60–80,60–80,-0.0126726,0.00856475,0.139,-1.26726,-2.94595,0.411429,
15_20,3,15–20 °C,15–20 °C,cold,21,80_130,6,80+,80+,-0.0139205,0.0154815,0.369,-1.39205,-4.42642,1.64232,
15_20,3,15–20 °C,15–20 °C,cold,22,0_12,1,0–12,0–12,-0.00366724,0.00865488,0.672,-0.366724,-2.06308,1.32963,
15_20,3,15–20 °C,15–20 °C,cold,22,12_20,2,12–20,12–20,-0.0772215,0.00779055,3.6799999999999996e-23,-7.72215,-9.2491,-6.1952,***
15_20,3,15–20 °C,15–20 °C,cold,22,20_40,3,20–40,20–40,-0.0573047,0.0063944,3.2e-19,-5.73047,-6.98377,-4.47716,***
15_20,3,15–20 °C,15–20 °C,cold,22,40_60,4,40–60,40–60,-0.0491607,0.0083633,4.15e-9,-4.91607,-6.55528,-3.27687,***
15_20,3,15–20 °C,15–20 °C,cold,22,60_80,5,60–80,60–80,-0.0136526,0.00889319,0.125,-1.36526,-3.10832,0.37781,
15_20,3,15–20 °C,15–20 °C,cold,22,80_130,6,80+,80+,-0.0115946,0.0153775,0.451,-1.15946,-4.17345,1.85452,
15_20,3,15–20 °C,15–20 °C,cold,23,0_12,1,0–12,0–12,-0.00653362,0.00881432,0.459,-0.653362,-2.38097,1.07424,
15_20,3,15–20 °C,15–20 °C,cold,23,12_20,2,12–20,12–20,-0.0777928,0.00800211,2.44e-22,-7.77928,-9.34769,-6.21086,***
15_20,3,15–20 °C,15–20 °C,cold,23,20_40,3,20–40,20–40,-0.0577127,0.00646137,4.18e-19,-5.77127,-7.0377,-4.50485,***
15_20,3,15–20 °C,15–20 °C,cold,23,40_60,4,40–60,40–60,-0.0482309,0.00799973,1.65e-9,-4.82309,-6.39103,-3.25514,***
15_20,3,15–20 °C,15–20 °C,cold,23,60_80,5,60–80,60–80,-0.0128704,0.00923561,0.163,-1.28704,-3.09722,0.523137,
15_20,3,15–20 °C,15–20 °C,cold,23,80_130,6,80+,80+,-0.0195264,0.0148972,0.19,-1.95264,-4.87249,0.967199,
15_20,3,15–20 °C,15–20 °C,cold,24,0_12,1,0–12,0–12,-0.00481517,0.00906503,0.595,-0.481517,-2.25826,1.29523,
15_20,3,15–20 °C,15–20 °C,cold,24,12_20,2,12–20,12–20,-0.0821163,0.00818141,1.0499999999999999e-23,-8.21163,-9.81518,-6.60807,***
15_20,3,15–20 °C,15–20 °C,cold,24,20_40,3,20–40,20–40,-0.06106,0.00674971,1.48e-19,-6.106,-7.42894,-4.78305,***
15_20,3,15–20 °C,15–20 °C,cold,24,40_60,4,40–60,40–60,-0.0546959,0.00825071,3.37e-11,-5.46959,-7.08672,-3.85245,***
15_20,3,15–20 °C,15–20 °C,cold,24,60_80,5,60–80,60–80,-0.0184279,0.00932171,0.0481,-1.84279,-3.66985,-0.0157388,**
15_20,3,15–20 °C,15–20 °C,cold,24,80_130,6,80+,80+,-0.0171994,0.0154288,0.265,-1.71994,-4.74398,1.30411,
15_20,3,15–20 °C,15–20 °C,cold,25,0_12,1,0–12,0–12,-0.00970071,0.00907414,0.285,-0.970071,-2.7486,0.808461,
15_20,3,15–20 °C,15–20 °C,cold,25,12_20,2,12–20,12–20,-0.0851425,0.00836489,2.47e-24,-8.51425,-10.1538,-6.87473,***
15_20,3,15–20 °C,15–20 °C,cold,25,20_40,3,20–40,20–40,-0.0614692,0.00687553,3.88e-19,-6.14692,-7.49453,-4.79932,***
15_20,3,15–20 °C,15–20 °C,cold,25,40_60,4,40–60,40–60,-0.0562207,0.00870578,1.06e-10,-5.62207,-7.3284,-3.91573,***
15_20,3,15–20 °C,15–20 °C,cold,25,60_80,5,60–80,60–80,-0.0179963,0.00937165,0.0548,-1.79963,-3.63648,0.0372078,*
15_20,3,15–20 °C,15–20 °C,cold,25,80_130,6,80+,80+,-0.0251638,0.0158434,0.112,-2.51638,-5.62169,0.588921,
15_20,3,15–20 °C,15–20 °C,cold,26,0_12,1,0–12,0–12,-0.0102971,0.00934622,0.271,-1.02971,-2.86157,0.802144,
15_20,3,15–20 °C,15–20 °C,cold,26,12_20,2,12–20,12–20,-0.0885195,0.00826279,8.84e-27,-8.85195,-10.4715,-7.23244,***
15_20,3,15–20 °C,15–20 °C,cold,26,20_40,3,20–40,20–40,-0.0634456,0.00715442,7.45e-19,-6.34456,-7.74683,-4.94229,***
15_20,3,15–20 °C,15–20 °C,cold,26,40_60,4,40–60,40–60,-0.0574994,0.00904345,2.04e-10,-5.74994,-7.52246,-3.97743,***
15_20,3,15–20 °C,15–20 °C,cold,26,60_80,5,60–80,60–80,-0.0222224,0.00946819,0.0189,-2.22224,-4.078,-0.366474,**
15_20,3,15–20 °C,15–20 °C,cold,26,80_130,6,80+,80+,-0.0268744,0.0165754,0.105,-2.68744,-5.93623,0.561337,
15_20,3,15–20 °C,15–20 °C,cold,27,0_12,1,0–12,0–12,-0.0101848,0.00926136,0.271,-1.01848,-2.83371,0.796743,
15_20,3,15–20 °C,15–20 °C,cold,27,12_20,2,12–20,12–20,-0.088579,0.00837842,4.01e-26,-8.8579,-10.5001,-7.21573,***
15_20,3,15–20 °C,15–20 °C,cold,27,20_40,3,20–40,20–40,-0.064248,0.00712328,1.89e-19,-6.4248,-7.82096,-5.02864,***
15_20,3,15–20 °C,15–20 °C,cold,27,40_60,4,40–60,40–60,-0.0591449,0.00910576,8.29e-11,-5.91449,-7.69922,-4.12976,***
15_20,3,15–20 °C,15–20 °C,cold,27,60_80,5,60–80,60–80,-0.0242172,0.009895,0.0144,-2.42172,-4.36114,-0.482296,**
15_20,3,15–20 °C,15–20 °C,cold,27,80_130,6,80+,80+,-0.0265035,0.0169751,0.118,-2.65035,-5.97748,0.676768,
15_20,3,15–20 °C,15–20 °C,cold,28,0_12,1,0–12,0–12,-0.0148048,0.00968587,0.126,-1.48048,-3.37891,0.417952,
15_20,3,15–20 °C,15–20 °C,cold,28,12_20,2,12–20,12–20,-0.0899957,0.00855564,7.070000000000001e-26,-8.99957,-10.6765,-7.32266,***
15_20,3,15–20 °C,15–20 °C,cold,28,20_40,3,20–40,20–40,-0.0667526,0.00734205,9.74e-20,-6.67526,-8.1143,-5.23621,***
15_20,3,15–20 °C,15–20 °C,cold,28,40_60,4,40–60,40–60,-0.0609248,0.00901439,1.39e-11,-6.09248,-7.8593,-4.32566,***
15_20,3,15–20 °C,15–20 °C,cold,28,60_80,5,60–80,60–80,-0.0247,0.00979528,0.0117,-2.47,-4.38987,-0.550123,**
15_20,3,15–20 °C,15–20 °C,cold,28,80_130,6,80+,80+,-0.0364407,0.0171382,0.0335,-3.64407,-7.00316,-0.284989,**
15_20,3,15–20 °C,15–20 °C,cold,29,0_12,1,0–12,0–12,-0.0110502,0.00963167,0.251,-1.10502,-2.99283,0.782788,
15_20,3,15–20 °C,15–20 °C,cold,29,12_20,2,12–20,12–20,-0.0934445,0.00813851,1.63e-30,-9.34445,-10.9396,-7.7493,***
15_20,3,15–20 °C,15–20 °C,cold,29,20_40,3,20–40,20–40,-0.0696791,0.00715801,2.15e-22,-6.96791,-8.37088,-5.56494,***
15_20,3,15–20 °C,15–20 °C,cold,29,40_60,4,40–60,40–60,-0.0627462,0.0091598,7.38e-12,-6.27462,-8.06994,-4.4793,***
15_20,3,15–20 °C,15–20 °C,cold,29,60_80,5,60–80,60–80,-0.0260929,0.0101912,0.0105,-2.60929,-4.60676,-0.61181,**
15_20,3,15–20 °C,15–20 °C,cold,29,80_130,6,80+,80+,-0.0324773,0.0170001,0.0561,-3.24773,-6.57976,0.0842933,*
15_20,3,15–20 °C,15–20 °C,cold,30,0_12,1,0–12,0–12,-0.010795,0.0100113,0.281,-1.0795,-3.04172,0.882709,
15_20,3,15–20 °C,15–20 °C,cold,30,12_20,2,12–20,12–20,-0.0939095,0.00851151,2.6399999999999998e-28,-9.39095,-11.0592,-7.7227,***
15_20,3,15–20 °C,15–20 °C,cold,30,20_40,3,20–40,20–40,-0.0675112,0.00742812,1e-19,-6.75112,-8.20703,-5.29521,***
15_20,3,15–20 °C,15–20 °C,cold,30,40_60,4,40–60,40–60,-0.0633661,0.00942302,1.76e-11,-6.33661,-8.18352,-4.4897,***
15_20,3,15–20 °C,15–20 °C,cold,30,60_80,5,60–80,60–80,-0.0246594,0.0104805,0.0186,-2.46594,-4.52012,-0.411757,**
15_20,3,15–20 °C,15–20 °C,cold,30,80_130,6,80+,80+,-0.0338612,0.0175675,0.053900000000000003,-3.38612,-6.82936,0.057117,*
25_30,5,25–30 °C,25–30 °C,hot,0,0_12,1,0–12,0–12,0.0307466,0.0030622,1.0099999999999999e-23,3.07466,2.47447,3.67485,***
25_30,5,25–30 °C,25–30 °C,hot,0,12_20,2,12–20,12–20,0.0281857,0.00234278,2.4500000000000002e-33,2.81857,2.35938,3.27775,***
25_30,5,25–30 °C,25–30 °C,hot,0,20_40,3,20–40,20–40,0.025362,0.00190203,1.47e-40,2.5362,2.1634,2.90899,***
25_30,5,25–30 °C,25–30 °C,hot,0,40_60,4,40–60,40–60,0.0195628,0.00260393,5.79e-14,1.95628,1.44591,2.46665,***
25_30,5,25–30 °C,25–30 °C,hot,0,60_80,5,60–80,60–80,0.0106781,0.00321254,8.88e-4,1.06781,0.438154,1.69747,***
25_30,5,25–30 °C,25–30 °C,hot,0,80_130,6,80+,80+,0.0092458,0.00534687,0.0838,0.92458,-0.123406,1.97257,*
25_30,5,25–30 °C,25–30 °C,hot,1,0_12,1,0–12,0–12,0.0320316,0.00291965,5.27e-28,3.20316,2.63091,3.77542,***
25_30,5,25–30 °C,25–30 °C,hot,1,12_20,2,12–20,12–20,0.037091,0.00258927,1.53e-46,3.7091,3.2016,4.2166,***
25_30,5,25–30 °C,25–30 °C,hot,1,20_40,3,20–40,20–40,0.0314529,0.00213713,4.99e-49,3.14529,2.72641,3.56417,***
25_30,5,25–30 °C,25–30 °C,hot,1,40_60,4,40–60,40–60,0.0209401,0.00257811,4.57e-16,2.09401,1.5887,2.59932,***
25_30,5,25–30 °C,25–30 °C,hot,1,60_80,5,60–80,60–80,4.05158e-4,0.00344025,0.906,0.0405158,-0.633773,0.714805,
25_30,5,25–30 °C,25–30 °C,hot,1,80_130,6,80+,80+,0.0072251,0.0056806,0.203,0.72251,-0.390887,1.83591,
25_30,5,25–30 °C,25–30 °C,hot,2,0_12,1,0–12,0–12,0.0306338,0.00350263,2.21e-18,3.06338,2.37686,3.74989,***
25_30,5,25–30 °C,25–30 °C,hot,2,12_20,2,12–20,12–20,0.0399941,0.00302022,5.0099999999999996e-40,3.99941,3.40744,4.59137,***
25_30,5,25–30 °C,25–30 °C,hot,2,20_40,3,20–40,20–40,0.0361368,0.00259916,6.05e-44,3.61368,3.10425,4.12312,***
25_30,5,25–30 °C,25–30 °C,hot,2,40_60,4,40–60,40–60,0.0249018,0.00365967,1.01e-11,2.49018,1.77288,3.20747,***
25_30,5,25–30 °C,25–30 °C,hot,2,60_80,5,60–80,60–80,-0.00444285,0.0038744,0.251,-0.444285,-1.20367,0.315097,
25_30,5,25–30 °C,25–30 °C,hot,2,80_130,6,80+,80+,8.81107e-4,0.00646094,0.892,0.0881107,-1.1782300000000001,1.35446,
25_30,5,25–30 °C,25–30 °C,hot,3,0_12,1,0–12,0–12,0.0268141,0.00373103,6.63e-13,2.68141,1.95013,3.41269,***
25_30,5,25–30 °C,25–30 °C,hot,3,12_20,2,12–20,12–20,0.041964,0.00397035,4.1300000000000004e-26,4.1964,3.41821,4.97459,***
25_30,5,25–30 °C,25–30 °C,hot,3,20_40,3,20–40,20–40,0.0384472,0.00335595,2.18e-30,3.84472,3.18696,4.50249,***
25_30,5,25–30 °C,25–30 °C,hot,3,40_60,4,40–60,40–60,0.0236257,0.00440552,8.2e-8,2.36257,1.49909,3.22605,***
25_30,5,25–30 °C,25–30 °C,hot,3,60_80,5,60–80,60–80,-0.00529479,0.00428316,0.216,-0.529479,-1.36898,0.310021,
25_30,5,25–30 °C,25–30 °C,hot,3,80_130,6,80+,80+,0.00284706,0.00729626,0.696,0.284706,-1.14536,1.71477,
25_30,5,25–30 °C,25–30 °C,hot,4,0_12,1,0–12,0–12,0.0279518,0.004386,1.85e-10,2.79518,1.93552,3.65483,***
25_30,5,25–30 °C,25–30 °C,hot,4,12_20,2,12–20,12–20,0.0469998,0.00408583,1.27e-30,4.69998,3.89916,5.5008,***
25_30,5,25–30 °C,25–30 °C,hot,4,20_40,3,20–40,20–40,0.0429672,0.00371361,5.829999999999999e-31,4.29672,3.56885,5.02459,***
25_30,5,25–30 °C,25–30 °C,hot,4,40_60,4,40–60,40–60,0.0326534,0.00577725,1.59e-8,3.26534,2.133,4.39768,***
25_30,5,25–30 °C,25–30 °C,hot,4,60_80,5,60–80,60–80,-0.00457547,0.00507741,0.368,-0.457547,-1.45272,0.537625,
25_30,5,25–30 °C,25–30 °C,hot,4,80_130,6,80+,80+,0.00296625,0.00880322,0.736,0.296625,-1.42881,2.02206,
25_30,5,25–30 °C,25–30 °C,hot,5,0_12,1,0–12,0–12,0.0253671,0.00458442,3.14e-8,2.53671,1.63816,3.43526,***
25_30,5,25–30 °C,25–30 °C,hot,5,12_20,2,12–20,12–20,0.0486391,0.00411636,3.22e-32,4.86391,4.05711,5.67072,***
25_30,5,25–30 °C,25–30 °C,hot,5,20_40,3,20–40,20–40,0.0444647,0.00394894,2.0700000000000002e-29,4.44647,3.67248,5.22046,***
25_30,5,25–30 °C,25–30 °C,hot,5,40_60,4,40–60,40–60,0.0313854,0.00496762,2.65e-10,3.13854,2.16488,4.11219,***
25_30,5,25–30 °C,25–30 °C,hot,5,60_80,5,60–80,60–80,-0.0105911,0.00456174,0.0202,-1.05911,-1.95321,-0.165004,**
25_30,5,25–30 °C,25–30 °C,hot,5,80_130,6,80+,80+,-0.00459292,0.0088589,0.604,-0.459292,-2.19564,1.27705,
25_30,5,25–30 °C,25–30 °C,hot,6,0_12,1,0–12,0–12,0.0218336,0.0050115,1.32e-5,2.18336,1.20111,3.16562,***
25_30,5,25–30 °C,25–30 °C,hot,6,12_20,2,12–20,12–20,0.0482236,0.00481748,1.3799999999999998e-23,4.82236,3.87814,5.76659,***
25_30,5,25–30 °C,25–30 °C,hot,6,20_40,3,20–40,20–40,0.046251,0.00429976,5.5100000000000005e-27,4.6251,3.78235,5.46786,***
25_30,5,25–30 °C,25–30 °C,hot,6,40_60,4,40–60,40–60,0.0300595,0.00565933,1.09e-7,3.00595,1.89672,4.11518,***
25_30,5,25–30 °C,25–30 °C,hot,6,60_80,5,60–80,60–80,-0.00985284,0.00565205,0.0813,-0.985284,-2.09309,0.122519,*
25_30,5,25–30 °C,25–30 °C,hot,6,80_130,6,80+,80+,0.00165172,0.00971408,0.865,0.165172,-1.73879,2.06913,
25_30,5,25–30 °C,25–30 °C,hot,7,0_12,1,0–12,0–12,0.0193912,0.005286,2.44e-4,1.93912,0.903059,2.97517,***
25_30,5,25–30 °C,25–30 °C,hot,7,12_20,2,12–20,12–20,0.0485273,0.00550666,1.22e-18,4.85273,3.77343,5.93204,***
25_30,5,25–30 °C,25–30 °C,hot,7,20_40,3,20–40,20–40,0.04992,0.00488368,1.58e-24,4.992,4.0348,5.9492,***
25_30,5,25–30 °C,25–30 °C,hot,7,40_60,4,40–60,40–60,0.0326783,0.00543549,1.83e-9,3.26783,2.20248,4.33319,***
25_30,5,25–30 °C,25–30 °C,hot,7,60_80,5,60–80,60–80,-0.0059587,0.00598396,0.319,-0.59587,-1.76873,0.576987,
25_30,5,25–30 °C,25–30 °C,hot,7,80_130,6,80+,80+,0.00137887,0.010591,0.896,0.137887,-1.93795,2.21372,
25_30,5,25–30 °C,25–30 °C,hot,8,0_12,1,0–12,0–12,0.0156637,0.00561092,0.00524,1.56637,0.466626,2.66611,***
25_30,5,25–30 °C,25–30 °C,hot,8,12_20,2,12–20,12–20,0.0514898,0.00530318,2.75e-22,5.14898,4.10956,6.18841,***
25_30,5,25–30 °C,25–30 °C,hot,8,20_40,3,20–40,20–40,0.0478568,0.00471208,3.11e-24,4.78568,3.86211,5.70925,***
25_30,5,25–30 °C,25–30 °C,hot,8,40_60,4,40–60,40–60,0.0298198,0.00570915,1.76e-7,2.98198,1.86298,4.10097,***
25_30,5,25–30 °C,25–30 °C,hot,8,60_80,5,60–80,60–80,-0.00770673,0.00610273,0.207,-0.770673,-1.96681,0.425462,
25_30,5,25–30 °C,25–30 °C,hot,8,80_130,6,80+,80+,1.32102e-4,0.0116172,0.991,0.0132102,-2.26377,2.29019,
25_30,5,25–30 °C,25–30 °C,hot,9,0_12,1,0–12,0–12,0.0116053,0.00616664,0.0598,1.16053,-0.048136,2.36919,*
25_30,5,25–30 °C,25–30 °C,hot,9,12_20,2,12–20,12–20,0.0517299,0.00628437,1.85e-16,5.17299,3.94125,6.40472,***
25_30,5,25–30 °C,25–30 °C,hot,9,20_40,3,20–40,20–40,0.0503667,0.00566329,5.92e-19,5.03667,3.92667,6.14668,***
25_30,5,25–30 °C,25–30 °C,hot,9,40_60,4,40–60,40–60,0.0328683,0.00747727,1.1e-5,3.28683,1.82128,4.75237,***
25_30,5,25–30 °C,25–30 °C,hot,9,60_80,5,60–80,60–80,-0.00478058,0.00744202,0.521,-0.478058,-1.93669,0.980578,
25_30,5,25–30 °C,25–30 °C,hot,9,80_130,6,80+,80+,0.0133628,0.0133746,0.318,1.33628,-1.28514,3.95771,
25_30,5,25–30 °C,25–30 °C,hot,10,0_12,1,0–12,0–12,0.00204774,0.00657232,0.755,0.204774,-1.0834,1.49295,
25_30,5,25–30 °C,25–30 °C,hot,10,12_20,2,12–20,12–20,0.0465504,0.0062716,1.15e-13,4.65504,3.4258,5.88427,***
25_30,5,25–30 °C,25–30 °C,hot,10,20_40,3,20–40,20–40,0.0439637,0.00551772,1.62e-15,4.39637,3.31489,5.47784,***
25_30,5,25–30 °C,25–30 °C,hot,10,40_60,4,40–60,40–60,0.0262781,0.00709084,2.11e-4,2.62781,1.238,4.01761,***
25_30,5,25–30 °C,25–30 °C,hot,10,60_80,5,60–80,60–80,-0.00695545,0.00747865,0.352,-0.695545,-2.16136,0.770271,
25_30,5,25–30 °C,25–30 °C,hot,10,80_130,6,80+,80+,0.0231582,0.0133996,0.0839,2.31582,-0.310506,4.94216,*
25_30,5,25–30 °C,25–30 °C,hot,11,0_12,1,0–12,0–12,-0.00227927,0.00659756,0.73,-0.227927,-1.52105,1.06519,
25_30,5,25–30 °C,25–30 °C,hot,11,12_20,2,12–20,12–20,0.0460145,0.00684468,1.78e-11,4.60145,3.25989,5.94301,***
25_30,5,25–30 °C,25–30 °C,hot,11,20_40,3,20–40,20–40,0.0444034,0.0060207,1.64e-13,4.44034,3.26028,5.62039,***
25_30,5,25–30 °C,25–30 °C,hot,11,40_60,4,40–60,40–60,0.0267379,0.00744801,3.31e-4,2.67379,1.21398,4.1336,***
25_30,5,25–30 °C,25–30 °C,hot,11,60_80,5,60–80,60–80,-0.0113118,0.0082505,0.17,-1.13118,-2.74828,0.485918,
25_30,5,25–30 °C,25–30 °C,hot,11,80_130,6,80+,80+,0.0104502,0.0139439,0.454,1.04502,-1.68798,3.77802,
25_30,5,25–30 °C,25–30 °C,hot,12,0_12,1,0–12,0–12,-0.00530932,0.00700696,0.449,-0.530932,-1.9043,0.842433,
25_30,5,25–30 °C,25–30 °C,hot,12,12_20,2,12–20,12–20,0.0416715,0.00694964,2.02e-9,4.16715,2.80502,5.52927,***
25_30,5,25–30 °C,25–30 °C,hot,12,20_40,3,20–40,20–40,0.0441565,0.00597106,1.41e-13,4.41565,3.24532,5.58597,***
25_30,5,25–30 °C,25–30 °C,hot,12,40_60,4,40–60,40–60,0.0260118,0.00767812,7.05e-4,2.60118,1.09627,4.10609,***
25_30,5,25–30 °C,25–30 °C,hot,12,60_80,5,60–80,60–80,-0.0085778,0.00890183,0.335,-0.85778,-2.60254,0.886978,
25_30,5,25–30 °C,25–30 °C,hot,12,80_130,6,80+,80+,0.0201892,0.0148763,0.175,2.01892,-0.896828,4.93467,
25_30,5,25–30 °C,25–30 °C,hot,13,0_12,1,0–12,0–12,-0.00633844,0.0070956,0.372,-0.633844,-2.02458,0.756895,
25_30,5,25–30 °C,25–30 °C,hot,13,12_20,2,12–20,12–20,0.0449509,0.00689531,7.08e-11,4.49509,3.14361,5.84657,***
25_30,5,25–30 °C,25–30 °C,hot,13,20_40,3,20–40,20–40,0.0463615,0.00632121,2.23e-13,4.63615,3.3972,5.87511,***
25_30,5,25–30 °C,25–30 °C,hot,13,40_60,4,40–60,40–60,0.0251506,0.00754148,8.53e-4,2.51506,1.03693,3.99319,***
25_30,5,25–30 °C,25–30 °C,hot,13,60_80,5,60–80,60–80,-0.00406472,0.00871689,0.641,-0.406472,-2.11498,1.30204,
25_30,5,25–30 °C,25–30 °C,hot,13,80_130,6,80+,80+,0.0186197,0.0145065,0.199,1.86197,-0.981304,4.70525,
25_30,5,25–30 °C,25–30 °C,hot,14,0_12,1,0–12,0–12,-0.0100919,0.00754297,0.181,-1.00919,-2.48761,0.469231,
25_30,5,25–30 °C,25–30 °C,hot,14,12_20,2,12–20,12–20,0.0480307,0.00711278,1.45e-11,4.80307,3.40896,6.19717,***
25_30,5,25–30 °C,25–30 °C,hot,14,20_40,3,20–40,20–40,0.0515636,0.00677838,2.8e-14,5.15636,3.8278,6.48493,***
25_30,5,25–30 °C,25–30 °C,hot,14,40_60,4,40–60,40–60,0.0261944,0.0090361,0.00375,2.61944,0.848363,4.39051,***
25_30,5,25–30 °C,25–30 °C,hot,14,60_80,5,60–80,60–80,-0.00639666,0.0103792,0.538,-0.639666,-2.674,1.39467,
25_30,5,25–30 °C,25–30 °C,hot,14,80_130,6,80+,80+,0.0161384,0.0161265,0.317,1.61384,-1.54695,4.77463,
25_30,5,25–30 °C,25–30 °C,hot,15,0_12,1,0–12,0–12,-0.00997498,0.00771713,0.196,-0.997498,-2.51006,0.515059,
25_30,5,25–30 °C,25–30 °C,hot,15,12_20,2,12–20,12–20,0.0482865,0.00711567,1.15e-11,4.82865,3.43398,6.22333,***
25_30,5,25–30 °C,25–30 °C,hot,15,20_40,3,20–40,20–40,0.0508312,0.00664632,2.04e-14,5.08312,3.78044,6.3858,***
25_30,5,25–30 °C,25–30 °C,hot,15,40_60,4,40–60,40–60,0.0285845,0.00915527,0.0018,2.85845,1.06402,4.65289,***
25_30,5,25–30 °C,25–30 °C,hot,15,60_80,5,60–80,60–80,-0.00921176,0.0103362,0.373,-0.921176,-2.94706,1.10471,
25_30,5,25–30 °C,25–30 °C,hot,15,80_130,6,80+,80+,0.0184386,0.0161582,0.254,1.84386,-1.32316,5.01088,
25_30,5,25–30 °C,25–30 °C,hot,16,0_12,1,0–12,0–12,-0.0117997,0.00821443,0.151,-1.17997,-2.79,0.430054,
25_30,5,25–30 °C,25–30 °C,hot,16,12_20,2,12–20,12–20,0.0459045,0.00740848,5.78e-10,4.59045,3.13839,6.04251,***
25_30,5,25–30 °C,25–30 °C,hot,16,20_40,3,20–40,20–40,0.0527741,0.00730533,5.05e-13,5.27741,3.84557,6.70926,***
25_30,5,25–30 °C,25–30 °C,hot,16,40_60,4,40–60,40–60,0.0293506,0.0104287,0.00489,2.93506,0.891028,4.97909,***
25_30,5,25–30 °C,25–30 °C,hot,16,60_80,5,60–80,60–80,-0.0091018,0.011321,0.421,-0.91018,-3.12909,1.30873,
25_30,5,25–30 °C,25–30 °C,hot,16,80_130,6,80+,80+,0.0126247,0.0168531,0.454,1.26247,-2.04074,4.56568,
25_30,5,25–30 °C,25–30 °C,hot,17,0_12,1,0–12,0–12,-0.0185389,0.00802721,0.0209,-1.85389,-3.42722,-0.280558,**
25_30,5,25–30 °C,25–30 °C,hot,17,12_20,2,12–20,12–20,0.0467773,0.00788936,3.04e-9,4.67773,3.13142,6.22404,***
25_30,5,25–30 °C,25–30 °C,hot,17,20_40,3,20–40,20–40,0.0507072,0.00700781,4.63e-13,5.07072,3.69719,6.44425,***
25_30,5,25–30 °C,25–30 °C,hot,17,40_60,4,40–60,40–60,0.0288613,0.00933958,0.002,2.88613,1.05558,4.71669,***
25_30,5,25–30 °C,25–30 °C,hot,17,60_80,5,60–80,60–80,-0.00898402,0.0103198,0.384,-0.898402,-2.92107,1.12427,
25_30,5,25–30 °C,25–30 °C,hot,17,80_130,6,80+,80+,0.0214883,0.0156788,0.171,2.14883,-0.924207,5.22186,
25_30,5,25–30 °C,25–30 °C,hot,18,0_12,1,0–12,0–12,-0.021579,0.00804884,0.00734,-2.1579,-3.73547,-0.58033,***
25_30,5,25–30 °C,25–30 °C,hot,18,12_20,2,12–20,12–20,0.0498643,0.00780781,1.7e-10,4.98643,3.4561,6.51676,***
25_30,5,25–30 °C,25–30 °C,hot,18,20_40,3,20–40,20–40,0.0536645,0.00725926,1.44e-13,5.36645,3.94363,6.78926,***
25_30,5,25–30 °C,25–30 °C,hot,18,40_60,4,40–60,40–60,0.0321342,0.0100311,0.00136,3.21342,1.24733,5.17952,***
25_30,5,25–30 °C,25–30 °C,hot,18,60_80,5,60–80,60–80,-0.00776739,0.0112471,0.49,-0.776739,-2.98117,1.42769,
25_30,5,25–30 °C,25–30 °C,hot,18,80_130,6,80+,80+,0.013566,0.016306,0.405,1.3566,-1.83938,4.55258,
25_30,5,25–30 °C,25–30 °C,hot,19,0_12,1,0–12,0–12,-0.021018,0.00855558,0.014,-2.1018,-3.7787,-0.424911,**
25_30,5,25–30 °C,25–30 °C,hot,19,12_20,2,12–20,12–20,0.0503582,0.00849482,3.06e-9,5.03582,3.37083,6.70081,***
25_30,5,25–30 °C,25–30 °C,hot,19,20_40,3,20–40,20–40,0.0554476,0.00741747,7.7e-14,5.54476,4.09094,6.99858,***
25_30,5,25–30 °C,25–30 °C,hot,19,40_60,4,40–60,40–60,0.0322594,0.010256,0.00166,3.22594,1.21576,5.23613,***
25_30,5,25–30 °C,25–30 °C,hot,19,60_80,5,60–80,60–80,-0.00578197,0.011186,0.605,-0.578197,-2.77066,1.61426,
25_30,5,25–30 °C,25–30 °C,hot,19,80_130,6,80+,80+,0.0260909,0.016494,0.114,2.60909,-0.623735,5.84192,
25_30,5,25–30 °C,25–30 °C,hot,20,0_12,1,0–12,0–12,-0.0235371,0.00857674,0.00606,-2.35371,-4.03475,-0.672668,***
25_30,5,25–30 °C,25–30 °C,hot,20,12_20,2,12–20,12–20,0.0532186,0.00844798,2.98e-10,5.32186,3.66605,6.97766,***
25_30,5,25–30 °C,25–30 °C,hot,20,20_40,3,20–40,20–40,0.0566114,0.00741113,2.19e-14,5.66114,4.20856,7.11372,***
25_30,5,25–30 °C,25–30 °C,hot,20,40_60,4,40–60,40–60,0.0349948,0.0100112,4.73e-4,3.49948,1.53728,5.46169,***
25_30,5,25–30 °C,25–30 °C,hot,20,60_80,5,60–80,60–80,-0.00742767,0.0110802,0.503,-0.742767,-2.9145,1.42896,
25_30,5,25–30 °C,25–30 °C,hot,20,80_130,6,80+,80+,0.0269156,0.0159912,0.0923,2.69156,-0.442719,5.82584,*
25_30,5,25–30 °C,25–30 °C,hot,21,0_12,1,0–12,0–12,-0.0209215,0.00906249,0.021,-2.09215,-3.8684,-0.315904,**
25_30,5,25–30 °C,25–30 °C,hot,21,12_20,2,12–20,12–20,0.0563597,0.00866011,7.62e-11,5.63597,3.93859,7.33335,***
25_30,5,25–30 °C,25–30 °C,hot,21,20_40,3,20–40,20–40,0.0587314,0.00776577,3.94e-14,5.87314,4.35104,7.39523,***
25_30,5,25–30 °C,25–30 °C,hot,21,40_60,4,40–60,40–60,0.0341797,0.0103906,0.001,3.41797,1.38142,5.45453,***
25_30,5,25–30 °C,25–30 °C,hot,21,60_80,5,60–80,60–80,-0.00458624,0.0109373,0.675,-0.458624,-2.60233,1.68508,
25_30,5,25–30 °C,25–30 °C,hot,21,80_130,6,80+,80+,0.0198606,0.0171084,0.246,1.98606,-1.36719,5.33931,
25_30,5,25–30 °C,25–30 °C,hot,22,0_12,1,0–12,0–12,-0.0275397,0.00905756,0.00236,-2.75397,-4.52925,-0.978687,***
25_30,5,25–30 °C,25–30 °C,hot,22,12_20,2,12–20,12–20,0.0577141,0.00882752,6.24e-11,5.77141,4.04122,7.5016,***
25_30,5,25–30 °C,25–30 °C,hot,22,20_40,3,20–40,20–40,0.0581557,0.00783776,1.17e-13,5.81557,4.27937,7.35177,***
25_30,5,25–30 °C,25–30 °C,hot,22,40_60,4,40–60,40–60,0.0368525,0.0101239,2.72e-4,3.68525,1.70097,5.66954,***
25_30,5,25–30 °C,25–30 °C,hot,22,60_80,5,60–80,60–80,-0.00290727,0.0114387,0.799,-0.290727,-2.5327,1.95125,
25_30,5,25–30 °C,25–30 °C,hot,22,80_130,6,80+,80+,0.0270835,0.0177375,0.127,2.70835,-0.768193,6.18489,
25_30,5,25–30 °C,25–30 °C,hot,23,0_12,1,0–12,0–12,-0.0222182,0.0092651,0.0165,-2.22182,-4.03778,-0.405862,**
25_30,5,25–30 °C,25–30 °C,hot,23,12_20,2,12–20,12–20,0.062408,0.00903013,4.81e-12,6.2408,4.4709,8.01071,***
25_30,5,25–30 °C,25–30 °C,hot,23,20_40,3,20–40,20–40,0.0629997,0.00821454,1.73e-14,6.29997,4.68992,7.91002,***
25_30,5,25–30 °C,25–30 °C,hot,23,40_60,4,40–60,40–60,0.0416903,0.0106392,8.91e-5,4.16903,2.08376,6.25431,***
25_30,5,25–30 °C,25–30 °C,hot,23,60_80,5,60–80,60–80,7.13359e-4,0.0111681,0.949,0.0713359,-2.11762,2.26029,
25_30,5,25–30 °C,25–30 °C,hot,23,80_130,6,80+,80+,0.0212714,0.0181836,0.242,2.12714,-1.43685,5.69113,
25_30,5,25–30 °C,25–30 °C,hot,24,0_12,1,0–12,0–12,-0.0227573,0.00909742,0.0124,-2.27573,-4.05882,-0.492634,**
25_30,5,25–30 °C,25–30 °C,hot,24,12_20,2,12–20,12–20,0.065354400000000007,0.00879992,1.11e-13,6.53544,4.81066,8.26023,***
25_30,5,25–30 °C,25–30 °C,hot,24,20_40,3,20–40,20–40,0.0658636,0.0080496,2.79e-16,6.58636,5.00864,8.16408,***
25_30,5,25–30 °C,25–30 °C,hot,24,40_60,4,40–60,40–60,0.040294,0.0104684,1.19e-4,4.0294,1.97759,6.08121,***
25_30,5,25–30 °C,25–30 °C,hot,24,60_80,5,60–80,60–80,0.00597298,0.0112237,0.595,0.597298,-1.60255,2.79715,
25_30,5,25–30 °C,25–30 °C,hot,24,80_130,6,80+,80+,0.0268316,0.0188872,0.155,2.68316,-1.01873,6.38504,
25_30,5,25–30 °C,25–30 °C,hot,25,0_12,1,0–12,0–12,-0.0199407,0.00940826,0.034,-1.99407,-3.83809,-0.150051,**
25_30,5,25–30 °C,25–30 °C,hot,25,12_20,2,12–20,12–20,0.0661339,0.00918898,6.15e-13,6.61339,4.81235,8.41443,***
25_30,5,25–30 °C,25–30 °C,hot,25,20_40,3,20–40,20–40,0.0657952,0.00875584,5.72e-14,6.57952,4.86338,8.29567,***
25_30,5,25–30 °C,25–30 °C,hot,25,40_60,4,40–60,40–60,0.0411119,0.0112147,2.46e-4,4.11119,1.9131,6.30928,***
25_30,5,25–30 °C,25–30 °C,hot,25,60_80,5,60–80,60–80,0.00119045,0.012232700000000001,0.922,0.119045,-2.27856,2.51665,
25_30,5,25–30 °C,25–30 °C,hot,25,80_130,6,80+,80+,0.0232163,0.01868,0.214,2.32163,-1.33965,5.9829,
25_30,5,25–30 °C,25–30 °C,hot,26,0_12,1,0–12,0–12,-0.0187091,0.00933091,0.045,-1.87091,-3.69976,-0.042047,**
25_30,5,25–30 °C,25–30 °C,hot,26,12_20,2,12–20,12–20,0.0712986,0.00943477,4.12e-14,7.12986,5.28064,8.97907,***
25_30,5,25–30 °C,25–30 °C,hot,26,20_40,3,20–40,20–40,0.0689285,0.00889031,8.96e-15,6.89285,5.15035,8.63535,***
25_30,5,25–30 °C,25–30 °C,hot,26,40_60,4,40–60,40–60,0.0421904,0.0116214,2.83e-4,4.21904,1.94125,6.49684,***
25_30,5,25–30 °C,25–30 °C,hot,26,60_80,5,60–80,60–80,0.00474234,0.0118723,0.69,0.474234,-1.85273,2.8012,
25_30,5,25–30 °C,25–30 °C,hot,26,80_130,6,80+,80+,0.0186576,0.0198722,0.348,1.86576,-2.02919,5.7607,
25_30,5,25–30 °C,25–30 °C,hot,27,0_12,1,0–12,0–12,-0.0190884,0.00962429,0.0473,-1.90884,-3.7952,-0.0224843,**
25_30,5,25–30 °C,25–30 °C,hot,27,12_20,2,12–20,12–20,0.0694801,0.00936054,1.15e-13,6.94801,5.11335,8.78268,***
25_30,5,25–30 °C,25–30 °C,hot,27,20_40,3,20–40,20–40,0.0658584,0.00914713,6.03e-13,6.58584,4.79301,8.37868,***
25_30,5,25–30 °C,25–30 °C,hot,27,40_60,4,40–60,40–60,0.0379267,0.0114133,8.9e-4,3.79267,1.55567,6.02968,***
25_30,5,25–30 °C,25–30 °C,hot,27,60_80,5,60–80,60–80,0.00333882,0.01223,0.785,0.333882,-2.06321,2.73097,
25_30,5,25–30 °C,25–30 °C,hot,27,80_130,6,80+,80+,0.0200457,0.0203043,0.324,2.00457,-1.97508,5.98422,
25_30,5,25–30 °C,25–30 °C,hot,28,0_12,1,0–12,0–12,-0.0157352,0.0101066,0.119,-1.57352,-3.55441,0.40737,
25_30,5,25–30 °C,25–30 °C,hot,28,12_20,2,12–20,12–20,0.0761499,0.00968833,3.84e-15,7.61499,5.71608,9.5139,***
25_30,5,25–30 °C,25–30 °C,hot,28,20_40,3,20–40,20–40,0.0712101,0.00949092,6.24e-14,7.12101,5.26079,8.98123,***
25_30,5,25–30 °C,25–30 °C,hot,28,40_60,4,40–60,40–60,0.0452559,0.0113348,6.53e-5,4.52559,2.30397,6.74721,***
25_30,5,25–30 °C,25–30 °C,hot,28,60_80,5,60–80,60–80,0.00932932,0.012319,0.449,0.932932,-1.48159,3.34745,
25_30,5,25–30 °C,25–30 °C,hot,28,80_130,6,80+,80+,0.0162065,0.0203952,0.427,1.62065,-2.3768,5.61811,
25_30,5,25–30 °C,25–30 °C,hot,29,0_12,1,0–12,0–12,-0.016171,0.0101343,0.111,-1.6171,-3.60342,0.36922,
25_30,5,25–30 °C,25–30 °C,hot,29,12_20,2,12–20,12–20,0.0762831,0.00967883,3.24e-15,7.62831,5.73126,9.52536,***
25_30,5,25–30 °C,25–30 °C,hot,29,20_40,3,20–40,20–40,0.0700582,0.00934751,6.64e-14,7.00582,5.1737,8.83793,***
25_30,5,25–30 °C,25–30 °C,hot,29,40_60,4,40–60,40–60,0.0479441,0.0120696,7.12e-5,4.79441,2.42876,7.16006,***
25_30,5,25–30 °C,25–30 °C,hot,29,60_80,5,60–80,60–80,0.00760614,0.0129047,0.556,0.760614,-1.7687,3.28993,
25_30,5,25–30 °C,25–30 °C,hot,29,80_130,6,80+,80+,0.015373,0.0206777,0.457,1.5373000000000001,-2.51554,5.59014,
25_30,5,25–30 °C,25–30 °C,hot,30,0_12,1,0–12,0–12,-0.0118127,0.0103099,0.252,-1.18127,-3.20201,0.839471,
25_30,5,25–30 °C,25–30 °C,hot,30,12_20,2,12–20,12–20,0.0792154,0.00987552,1.05e-15,7.92154,5.98594,9.85715,***
25_30,5,25–30 °C,25–30 °C,hot,30,20_40,3,20–40,20–40,0.0744773,0.00980051,2.98e-14,7.44773,5.52683,9.36863,***
25_30,5,25–30 °C,25–30 °C,hot,30,40_60,4,40–60,40–60,0.0515474,0.0125924,4.25e-5,5.15474,2.68663,7.62284,***
25_30,5,25–30 °C,25–30 °C,hot,30,60_80,5,60–80,60–80,0.0134607,0.0136129,0.323,1.34607,-1.32206,4.01419,
25_30,5,25–30 °C,25–30 °C,hot,30,80_130,6,80+,80+,0.0228702,0.0218037,0.294,2.28702,-1.98651,6.56055,
30_45,6,>30 °C,>30 °C,hot,0,0_12,1,0–12,0–12,0.0480012,0.00642925,8.26e-14,4.80012,3.53999,6.06026,***
30_45,6,>30 °C,>30 °C,hot,0,12_20,2,12–20,12–20,0.0498724,0.00539119,2.23e-20,4.98724,3.93056,6.04391,***
30_45,6,>30 °C,>30 °C,hot,0,20_40,3,20–40,20–40,0.0419326,0.00417826,1.06e-23,4.19326,3.37432,5.0122,***
30_45,6,>30 °C,>30 °C,hot,0,40_60,4,40–60,40–60,0.0250337,0.00435817,9.24e-9,2.50337,1.64917,3.35757,***
30_45,6,>30 °C,>30 °C,hot,0,60_80,5,60–80,60–80,-0.00326932,0.00528958,0.537,-0.326932,-1.36369,0.709827,
30_45,6,>30 °C,>30 °C,hot,0,80_130,6,80+,80+,-0.0201615,0.0117689,0.0867,-2.01615,-4.32286,0.290565,*
30_45,6,>30 °C,>30 °C,hot,1,0_12,1,0–12,0–12,0.0353763,0.00723587,1.01e-6,3.53763,2.1194,4.95586,***
30_45,6,>30 °C,>30 °C,hot,1,12_20,2,12–20,12–20,0.0534529,0.00555727,6.680000000000001e-22,5.34529,4.25607,6.43452,***
30_45,6,>30 °C,>30 °C,hot,1,20_40,3,20–40,20–40,0.0494641,0.0047361,1.56e-25,4.94641,4.01813,5.87468,***
30_45,6,>30 °C,>30 °C,hot,1,40_60,4,40–60,40–60,0.0183214,0.00465254,8.22e-5,1.83214,0.920244,2.74404,***
30_45,6,>30 °C,>30 °C,hot,1,60_80,5,60–80,60–80,-0.0258382,0.00611146,2.36e-5,-2.58382,-3.78166,-1.38597,***
30_45,6,>30 °C,>30 °C,hot,1,80_130,6,80+,80+,-0.0196673,0.0122993,0.11,-1.96673,-4.37739,0.443925,
30_45,6,>30 °C,>30 °C,hot,2,0_12,1,0–12,0–12,0.0292034,0.00681128,1.81e-5,2.92034,1.58533,4.25535,***
30_45,6,>30 °C,>30 °C,hot,2,12_20,2,12–20,12–20,0.0587955,0.00760306,1.05e-14,5.87955,4.38935,7.36975,***
30_45,6,>30 °C,>30 °C,hot,2,20_40,3,20–40,20–40,0.0550145,0.00579625,2.2800000000000002e-21,5.50145,4.36538,6.63751,***
30_45,6,>30 °C,>30 °C,hot,2,40_60,4,40–60,40–60,0.0295392,0.00651745,5.83e-6,2.95392,1.6765,4.23135,***
30_45,6,>30 °C,>30 °C,hot,2,60_80,5,60–80,60–80,-0.0289169,0.00752444,1.22e-4,-2.89169,-4.36648,-1.4169,***
30_45,6,>30 °C,>30 °C,hot,2,80_130,6,80+,80+,-0.0303966,0.0141183,0.0313,-3.03966,-5.80685,-0.272476,**
30_45,6,>30 °C,>30 °C,hot,3,0_12,1,0–12,0–12,0.022152,0.00761665,0.00363,2.2152,0.72234,3.70807,***
30_45,6,>30 °C,>30 °C,hot,3,12_20,2,12–20,12–20,0.0647791,0.0081924,2.63e-15,6.47791,4.8722,8.08362,***
30_45,6,>30 °C,>30 °C,hot,3,20_40,3,20–40,20–40,0.0654952,0.00698599,6.9e-21,6.54952,5.18027,7.91878,***
30_45,6,>30 °C,>30 °C,hot,3,40_60,4,40–60,40–60,0.0344879,0.00704308,9.75e-7,3.44879,2.06835,4.82924,***
30_45,6,>30 °C,>30 °C,hot,3,60_80,5,60–80,60–80,-0.0254218,0.00849585,0.00277,-2.54218,-4.20736,-0.876991,***
30_45,6,>30 °C,>30 °C,hot,3,80_130,6,80+,80+,-0.0117653,0.0152161,0.439,-1.17653,-4.1589,1.80583,
30_45,6,>30 °C,>30 °C,hot,4,0_12,1,0–12,0–12,0.0140596,0.008101,0.0826,1.40596,-0.181835,2.99376,*
30_45,6,>30 °C,>30 °C,hot,4,12_20,2,12–20,12–20,0.0666094,0.00712727,9.13e-21,6.66094,5.26399,8.05788,***
30_45,6,>30 °C,>30 °C,hot,4,20_40,3,20–40,20–40,0.0674179,0.00771587,2.38e-18,6.74179,5.22948,8.2541,***
30_45,6,>30 °C,>30 °C,hot,4,40_60,4,40–60,40–60,0.0505933,0.00852105,2.89e-9,5.05933,3.3892,6.72946,***
30_45,6,>30 °C,>30 °C,hot,4,60_80,5,60–80,60–80,-0.017366,0.0096121,0.0708,-1.7366,-3.62057,0.147374,*
30_45,6,>30 °C,>30 °C,hot,4,80_130,6,80+,80+,-0.0202121,0.0170175,0.235,-2.02121,-5.35663,1.31422,
30_45,6,>30 °C,>30 °C,hot,5,0_12,1,0–12,0–12,0.0104217,0.00865987,0.229,1.04217,-0.655168,2.7395,
30_45,6,>30 °C,>30 °C,hot,5,12_20,2,12–20,12–20,0.0749093,0.00971428,1.25e-14,7.49093,5.58693,9.39493,***
30_45,6,>30 °C,>30 °C,hot,5,20_40,3,20–40,20–40,0.0750519,0.00767558,1.4e-22,7.50519,6.00078,9.00961,***
30_45,6,>30 °C,>30 °C,hot,5,40_60,4,40–60,40–60,0.0449453,0.00764901,4.2e-9,4.49453,2.99532,5.99374,***
30_45,6,>30 °C,>30 °C,hot,5,60_80,5,60–80,60–80,-0.0188727,0.00950251,0.047,-1.88727,-3.74976,-0.0247734,**
30_45,6,>30 °C,>30 °C,hot,5,80_130,6,80+,80+,-0.0124675,0.0145609,0.392,-1.24675,-4.10069,1.6072,
30_45,6,>30 °C,>30 °C,hot,6,0_12,1,0–12,0–12,0.0012472,0.00900968,0.89,0.12472,-1.64118,1.89062,
30_45,6,>30 °C,>30 °C,hot,6,12_20,2,12–20,12–20,0.0722655,0.00920667,4.19e-15,7.22655,5.42204,9.03106,***
30_45,6,>30 °C,>30 °C,hot,6,20_40,3,20–40,20–40,0.0736038,0.00820583,2.97e-19,7.36038,5.75203,8.96872,***
30_45,6,>30 °C,>30 °C,hot,6,40_60,4,40–60,40–60,0.0491717,0.00955002,2.62e-7,4.91717,3.04537,6.78897,***
30_45,6,>30 °C,>30 °C,hot,6,60_80,5,60–80,60–80,-0.0169392,0.0100687,0.0925,-1.69392,-3.66738,0.279538,*
30_45,6,>30 °C,>30 °C,hot,6,80_130,6,80+,80+,6.7566e-4,0.0184073,0.971,0.067566,-3.54027,3.6754,
30_45,6,>30 °C,>30 °C,hot,7,0_12,1,0–12,0–12,-0.0095341,0.0102827,0.354,-0.95341,-2.96881,1.06199,
30_45,6,>30 °C,>30 °C,hot,7,12_20,2,12–20,12–20,0.06617,0.0117794,1.94e-8,6.617,4.30823,8.92577,***
30_45,6,>30 °C,>30 °C,hot,7,20_40,3,20–40,20–40,0.0757949,0.00856563,8.85e-19,7.57949,5.90062,9.25835,***
30_45,6,>30 °C,>30 °C,hot,7,40_60,4,40–60,40–60,0.0471624,0.00916963,2.7e-7,4.71624,2.919,6.51349,***
30_45,6,>30 °C,>30 °C,hot,7,60_80,5,60–80,60–80,-0.0138924,0.0116991,0.235,-1.38924,-3.68225,0.903779,
30_45,6,>30 °C,>30 °C,hot,7,80_130,6,80+,80+,0.0113955,0.0192995,0.555,1.13955,-2.64315,4.92225,
30_45,6,>30 °C,>30 °C,hot,8,0_12,1,0–12,0–12,-0.0206086,0.0110504,0.0622,-2.06086,-4.22674,0.105017,*
30_45,6,>30 °C,>30 °C,hot,8,12_20,2,12–20,12–20,0.0648712,0.0106832,1.26e-9,6.48712,4.39321,8.58103,***
30_45,6,>30 °C,>30 °C,hot,8,20_40,3,20–40,20–40,0.0724151,0.00802127,1.75e-19,7.24151,5.66934,8.81367,***
30_45,6,>30 °C,>30 °C,hot,8,40_60,4,40–60,40–60,0.0452498,0.00925947,1.02e-6,4.52498,2.71013,6.33984,***
30_45,6,>30 °C,>30 °C,hot,8,60_80,5,60–80,60–80,-0.0145107,0.0119957,0.226,-1.45107,-3.80223,0.900098,
30_45,6,>30 °C,>30 °C,hot,8,80_130,6,80+,80+,0.0051947,0.0189917,0.784,0.51947,-3.2029,4.24184,
30_45,6,>30 °C,>30 °C,hot,9,0_12,1,0–12,0–12,-0.0329075,0.0120036,0.00612,-3.29075,-5.64345,-0.938057,***
30_45,6,>30 °C,>30 °C,hot,9,12_20,2,12–20,12–20,0.0595825,0.0108647,4.16e-8,5.95825,3.82878,8.08772,***
30_45,6,>30 °C,>30 °C,hot,9,20_40,3,20–40,20–40,0.0708217,0.00905908,5.38e-15,7.08217,5.30659,8.85775,***
30_45,6,>30 °C,>30 °C,hot,9,40_60,4,40–60,40–60,0.0480736,0.0107328,7.5e-6,4.80736,2.70372,6.911,***
30_45,6,>30 °C,>30 °C,hot,9,60_80,5,60–80,60–80,3.76078e-4,0.0132428,0.977,0.0376078,-2.55798,2.63319,
30_45,6,>30 °C,>30 °C,hot,9,80_130,6,80+,80+,0.0389331,0.0201084,0.0528,3.89331,-0.0479356,7.83455,*
30_45,6,>30 °C,>30 °C,hot,10,0_12,1,0–12,0–12,-0.047445,0.0125917,1.65e-4,-4.7445,-7.21247,-2.27654,***
30_45,6,>30 °C,>30 °C,hot,10,12_20,2,12–20,12–20,0.0517143,0.0100931,3e-7,5.17143,3.19319,7.14967,***
30_45,6,>30 °C,>30 °C,hot,10,20_40,3,20–40,20–40,0.0627726,0.00990854,2.37e-10,6.27726,4.33519,8.21933,***
30_45,6,>30 °C,>30 °C,hot,10,40_60,4,40–60,40–60,0.0399844,0.0105867,1.59e-4,3.99844,1.92345,6.07343,***
30_45,6,>30 °C,>30 °C,hot,10,60_80,5,60–80,60–80,-0.0105205,0.0137796,0.445,-1.05205,-3.75284,1.64874,
30_45,6,>30 °C,>30 °C,hot,10,80_130,6,80+,80+,0.0540157,0.0207905,0.00937,5.40157,1.32665,9.4765,***
30_45,6,>30 °C,>30 °C,hot,11,0_12,1,0–12,0–12,-0.0531072,0.0125846,2.44e-5,-5.31072,-7.7773,-2.84415,***
30_45,6,>30 °C,>30 °C,hot,11,12_20,2,12–20,12–20,0.0445784,0.0108817,4.19e-5,4.45784,2.32504,6.59065,***
30_45,6,>30 °C,>30 °C,hot,11,20_40,3,20–40,20–40,0.052061,0.00959111,5.7e-8,5.2061,3.32625,7.08596,***
30_45,6,>30 °C,>30 °C,hot,11,40_60,4,40–60,40–60,0.0372743,0.0103011,2.96e-4,3.72743,1.70841,5.74645,***
30_45,6,>30 °C,>30 °C,hot,11,60_80,5,60–80,60–80,-0.0086183,0.013339,0.518,-0.86183,-3.47626,1.7526,
30_45,6,>30 °C,>30 °C,hot,11,80_130,6,80+,80+,0.0414491,0.0228571,0.0698,4.14491,-0.335078,8.62489,*
30_45,6,>30 °C,>30 °C,hot,12,0_12,1,0–12,0–12,-0.0599766,0.0135952,1.03e-5,-5.99766,-8.66233,-3.333,***
30_45,6,>30 °C,>30 °C,hot,12,12_20,2,12–20,12–20,0.0438044,0.0113982,1.21e-4,4.38044,2.14639,6.61449,***
30_45,6,>30 °C,>30 °C,hot,12,20_40,3,20–40,20–40,0.0512087,0.0089696,1.14e-8,5.12087,3.36283,6.87891,***
30_45,6,>30 °C,>30 °C,hot,12,40_60,4,40–60,40–60,0.0398366,0.0103162,1.13e-4,3.98366,1.96168,6.00563,***
30_45,6,>30 °C,>30 °C,hot,12,60_80,5,60–80,60–80,-3.34294e-4,0.0136648,0.98,-0.0334294,-2.71174,2.64488,
30_45,6,>30 °C,>30 °C,hot,12,80_130,6,80+,80+,0.0607871,0.0220696,0.00588,6.07871,1.75308,10.4043,***
30_45,6,>30 °C,>30 °C,hot,13,0_12,1,0–12,0–12,-0.059406,0.0129534,4.52e-6,-5.9406,-8.47947,-3.40173,***
30_45,6,>30 °C,>30 °C,hot,13,12_20,2,12–20,12–20,0.0460966,0.0109357,2.5e-5,4.60966,2.46626,6.75305,***
30_45,6,>30 °C,>30 °C,hot,13,20_40,3,20–40,20–40,0.0570756,0.00900053,2.28e-10,5.70756,3.94345,7.47166,***
30_45,6,>30 °C,>30 °C,hot,13,40_60,4,40–60,40–60,0.0438333,0.0102726,1.98e-5,4.38333,2.36989,6.39676,***
30_45,6,>30 °C,>30 °C,hot,13,60_80,5,60–80,60–80,0.00767152,0.0129124,0.552,0.767152,-1.76369,3.29799,
30_45,6,>30 °C,>30 °C,hot,13,80_130,6,80+,80+,0.0504101,0.020665,0.0147,5.04101,0.990678,9.09135,**
30_45,6,>30 °C,>30 °C,hot,14,0_12,1,0–12,0–12,-0.0654147,0.0138339,2.26e-6,-6.54147,-9.2529,-3.83003,***
30_45,6,>30 °C,>30 °C,hot,14,12_20,2,12–20,12–20,0.0441915,0.0115588,1.32e-4,4.41915,2.15362,6.68468,***
30_45,6,>30 °C,>30 °C,hot,14,20_40,3,20–40,20–40,0.0635415,0.00995146,1.71e-10,6.35415,4.40366,8.30464,***
30_45,6,>30 °C,>30 °C,hot,14,40_60,4,40–60,40–60,0.0491456,0.0114805,1.86e-5,4.91456,2.66437,7.16474,***
30_45,6,>30 °C,>30 °C,hot,14,60_80,5,60–80,60–80,1.91172e-4,0.0145178,0.989,0.0191172,-2.82638,2.86461,
30_45,6,>30 °C,>30 °C,hot,14,80_130,6,80+,80+,0.0582644,0.0242694,0.0164,5.82644,1.06964,10.5832,**
30_45,6,>30 °C,>30 °C,hot,15,0_12,1,0–12,0–12,-0.0677814,0.0150527,6.7e-6,-6.77814,-9.72847,-3.82781,***
30_45,6,>30 °C,>30 °C,hot,15,12_20,2,12–20,12–20,0.0526867,0.0112209,2.66e-6,5.26867,3.06938,7.46797,***
30_45,6,>30 °C,>30 °C,hot,15,20_40,3,20–40,20–40,0.0661682,0.0104348,2.28e-10,6.61682,4.57161,8.66203,***
30_45,6,>30 °C,>30 °C,hot,15,40_60,4,40–60,40–60,0.0516867,0.0119875,1.62e-5,5.16867,2.81911,7.51823,***
30_45,6,>30 °C,>30 °C,hot,15,60_80,5,60–80,60–80,0.00201616,0.0152202,0.895,0.201616,-2.78155,3.18478,
30_45,6,>30 °C,>30 °C,hot,15,80_130,6,80+,80+,0.0609766,0.0243487,0.0123,6.09766,1.32532,10.87,**
30_45,6,>30 °C,>30 °C,hot,16,0_12,1,0–12,0–12,-0.0731981,0.0152322,1.54e-6,-7.31981,-10.3053,-4.3343,***
30_45,6,>30 °C,>30 °C,hot,16,12_20,2,12–20,12–20,0.0424655,0.0128882,9.84e-4,4.24655,1.72047,6.77263,***
30_45,6,>30 °C,>30 °C,hot,16,20_40,3,20–40,20–40,0.0641547,0.0110909,7.28e-9,6.41547,4.24165,8.5893,***
30_45,6,>30 °C,>30 °C,hot,16,40_60,4,40–60,40–60,0.0503516,0.0135446,2.01e-4,5.03516,2.38043,7.6899,***
30_45,6,>30 °C,>30 °C,hot,16,60_80,5,60–80,60–80,0.00664194,0.0156744,0.672,0.664194,-2.40798,3.73637,
30_45,6,>30 °C,>30 °C,hot,16,80_130,6,80+,80+,0.0681407,0.0274961,0.0132,6.81407,1.42483,12.2033,**
30_45,6,>30 °C,>30 °C,hot,17,0_12,1,0–12,0–12,-0.0821914,0.01479,2.74e-8,-8.21914,-11.118,-5.32029,***
30_45,6,>30 °C,>30 °C,hot,17,12_20,2,12–20,12–20,0.0452015,0.0121936,2.1e-4,4.52015,2.1302,6.9101,***
30_45,6,>30 °C,>30 °C,hot,17,20_40,3,20–40,20–40,0.061413,0.0105741,6.33e-9,6.1413,4.06877,8.21383,***
30_45,6,>30 °C,>30 °C,hot,17,40_60,4,40–60,40–60,0.0576003,0.0116316,7.34e-7,5.76003,3.4802399999999998,8.03981,***
30_45,6,>30 °C,>30 °C,hot,17,60_80,5,60–80,60–80,0.0101425,0.014477,0.484,1.01425,-1.82324,3.85174,
30_45,6,>30 °C,>30 °C,hot,17,80_130,6,80+,80+,0.0520746,0.0253826,0.0402,5.20746,0.232466,10.1825,**
30_45,6,>30 °C,>30 °C,hot,18,0_12,1,0–12,0–12,-0.0905454,0.0152731,3.06e-9,-9.05454,-12.0481,-6.061,***
30_45,6,>30 °C,>30 °C,hot,18,12_20,2,12–20,12–20,0.0357411,0.0126942,0.00487,3.57411,1.08605,6.06217,***
30_45,6,>30 °C,>30 °C,hot,18,20_40,3,20–40,20–40,0.0638098,0.0107762,3.19e-9,6.38098,4.26884,8.49312,***
30_45,6,>30 °C,>30 °C,hot,18,40_60,4,40–60,40–60,0.0612952,0.0123978,7.65e-7,6.12952,3.69955,8.55948,***
30_45,6,>30 °C,>30 °C,hot,18,60_80,5,60–80,60–80,0.0129432,0.013856,0.35,1.29432,-1.42146,4.0101,
30_45,6,>30 °C,>30 °C,hot,18,80_130,6,80+,80+,0.0651054,0.0278666,0.0195,6.51054,1.04868,11.9724,**
30_45,6,>30 °C,>30 °C,hot,19,0_12,1,0–12,0–12,-0.0980408,0.0154472,2.2e-10,-9.80408,-12.8317,-6.77642,***
30_45,6,>30 °C,>30 °C,hot,19,12_20,2,12–20,12–20,0.0369083,0.0129086,0.00425,3.69083,1.16075,6.2209,***
30_45,6,>30 °C,>30 °C,hot,19,20_40,3,20–40,20–40,0.0698345,0.0114635,1.12e-9,6.98345,4.7366,9.2303,***
30_45,6,>30 °C,>30 °C,hot,19,40_60,4,40–60,40–60,0.0559437,0.0136376,4.09e-5,5.59437,2.9214,8.26735,***
30_45,6,>30 °C,>30 °C,hot,19,60_80,5,60–80,60–80,0.0134534,0.0149489,0.368,1.34534,-1.58465,4.27533,
30_45,6,>30 °C,>30 °C,hot,19,80_130,6,80+,80+,0.0698986,0.027893,0.0122,6.98986,1.52283,12.4569,**
30_45,6,>30 °C,>30 °C,hot,20,0_12,1,0–12,0–12,-0.105681,0.0145031,3.18e-13,-10.5681,-13.4107,-7.72545,***
30_45,6,>30 °C,>30 °C,hot,20,12_20,2,12–20,12–20,0.0394496,0.0130541,0.00251,3.94496,1.38636,6.50357,***
30_45,6,>30 °C,>30 °C,hot,20,20_40,3,20–40,20–40,0.0671096,0.010739,4.13e-10,6.71096,4.60612,8.81579,***
30_45,6,>30 °C,>30 °C,hot,20,40_60,4,40–60,40–60,0.0602677,0.0129564,3.29e-6,6.02677,3.48732,8.56622,***
30_45,6,>30 °C,>30 °C,hot,20,60_80,5,60–80,60–80,0.00639628,0.0154738,0.679,0.639628,-2.39324,3.6725,
30_45,6,>30 °C,>30 °C,hot,20,80_130,6,80+,80+,0.0749672,0.0272666,0.00597,7.49672,2.15246,12.841,***
30_45,6,>30 °C,>30 °C,hot,21,0_12,1,0–12,0–12,-0.103517,0.015012,5.36e-12,-10.3517,-13.294,-7.40933,***
30_45,6,>30 °C,>30 °C,hot,21,12_20,2,12–20,12–20,0.0445363,0.013664,0.00112,4.45363,1.77548,7.13178,***
30_45,6,>30 °C,>30 °C,hot,21,20_40,3,20–40,20–40,0.0751912,0.0112466,2.3e-11,7.51912,5.31479,9.72346,***
30_45,6,>30 °C,>30 °C,hot,21,40_60,4,40–60,40–60,0.057793,0.013261,1.31e-5,5.7793,3.18014,8.37846,***
30_45,6,>30 °C,>30 °C,hot,21,60_80,5,60–80,60–80,0.00733085,0.0161471,0.65,0.733085,-2.43175,3.89792,
30_45,6,>30 °C,>30 °C,hot,21,80_130,6,80+,80+,0.0670367,0.029563,0.0234,6.70367,0.909328,12.498,**
30_45,6,>30 °C,>30 °C,hot,22,0_12,1,0–12,0–12,-0.111691,0.0162711,6.68e-12,-11.1691,-14.3583,-7.97999,***
30_45,6,>30 °C,>30 °C,hot,22,12_20,2,12–20,12–20,0.0446873,0.0139464,0.00135,4.46873,1.73523,7.20222,***
30_45,6,>30 °C,>30 °C,hot,22,20_40,3,20–40,20–40,0.0728002,0.0112456,9.57e-11,7.28002,5.07588,9.48417,***
30_45,6,>30 °C,>30 °C,hot,22,40_60,4,40–60,40–60,0.0586801,0.0129545,5.91e-6,5.86801,3.32892,8.4071,***
30_45,6,>30 °C,>30 °C,hot,22,60_80,5,60–80,60–80,0.0106034,0.0160515,0.509,1.06034,-2.08575,4.20643,
30_45,6,>30 °C,>30 °C,hot,22,80_130,6,80+,80+,0.0653653,0.0298278,0.0284,6.53653,0.690282,12.3828,**
30_45,6,>30 °C,>30 °C,hot,23,0_12,1,0–12,0–12,-0.109611,0.0167343,5.75e-11,-10.9611,-14.241,-7.68118,***
30_45,6,>30 °C,>30 °C,hot,23,12_20,2,12–20,12–20,0.0475337,0.0148535,0.00137,4.75337,1.84208,7.66466,***
30_45,6,>30 °C,>30 °C,hot,23,20_40,3,20–40,20–40,0.0768131,0.0123637,5.21e-10,7.68131,5.25802,10.1046,***
30_45,6,>30 °C,>30 °C,hot,23,40_60,4,40–60,40–60,0.064233,0.0135246,2.04e-6,6.4233,3.77248,9.07411,***
30_45,6,>30 °C,>30 °C,hot,23,60_80,5,60–80,60–80,0.019367,0.0181983,0.287,1.9367,-1.63017,5.50357,
30_45,6,>30 °C,>30 °C,hot,23,80_130,6,80+,80+,0.0716527,0.0297284,0.0159,7.16527,1.3385,12.992,**
30_45,6,>30 °C,>30 °C,hot,24,0_12,1,0–12,0–12,-0.116316,0.0156163,9.45e-14,-11.6316,-14.6924,-8.57077,***
30_45,6,>30 °C,>30 °C,hot,24,12_20,2,12–20,12–20,0.0595035,0.0148966,6.49e-5,5.95035,3.03061,8.87008,***
30_45,6,>30 °C,>30 °C,hot,24,20_40,3,20–40,20–40,0.0828483,0.0116221,1.01e-12,8.28483,6.00689,10.5628,***
30_45,6,>30 °C,>30 °C,hot,24,40_60,4,40–60,40–60,0.0586391,0.0127592,4.31e-6,5.86391,3.36311,8.36471,***
30_45,6,>30 °C,>30 °C,hot,24,60_80,5,60–80,60–80,0.017961,0.0181818,0.323,1.7961,-1.76752,5.35973,
30_45,6,>30 °C,>30 °C,hot,24,80_130,6,80+,80+,0.0623688,0.0319872,0.0512,6.23688,-0.0326112,12.5064,*
30_45,6,>30 °C,>30 °C,hot,25,0_12,1,0–12,0–12,-0.108731,0.0160706,1.33e-11,-10.8731,-14.023,-7.72329,***
30_45,6,>30 °C,>30 °C,hot,25,12_20,2,12–20,12–20,0.0598502,0.0147969,5.24e-5,5.98502,3.08482,8.88522,***
30_45,6,>30 °C,>30 °C,hot,25,20_40,3,20–40,20–40,0.0847748,0.0117519,5.44e-13,8.47748,6.17411,10.7808,***
30_45,6,>30 °C,>30 °C,hot,25,40_60,4,40–60,40–60,0.0640081,0.0140399,5.14e-6,6.40081,3.64899,9.15263,***
30_45,6,>30 °C,>30 °C,hot,25,60_80,5,60–80,60–80,0.0192523,0.01844,0.296,1.92523,-1.689,5.53946,
30_45,6,>30 °C,>30 °C,hot,25,80_130,6,80+,80+,0.0748121,0.0330473,0.0236,7.48121,1.00393,13.9585,**
30_45,6,>30 °C,>30 °C,hot,26,0_12,1,0–12,0–12,-0.112597,0.0163082,5.04e-12,-11.2597,-14.4561,-8.06329,***
30_45,6,>30 °C,>30 °C,hot,26,12_20,2,12–20,12–20,0.0627926,0.0151798,3.53e-5,6.27926,3.30401,9.25451,***
30_45,6,>30 °C,>30 °C,hot,26,20_40,3,20–40,20–40,0.0790896,0.0118075,2.11e-11,7.90896,5.59469,10.2232,***
30_45,6,>30 °C,>30 °C,hot,26,40_60,4,40–60,40–60,0.0585492,0.0126354,3.59e-6,5.85492,3.37838,8.33146,***
30_45,6,>30 °C,>30 °C,hot,26,60_80,5,60–80,60–80,0.01643,0.01898,0.387,1.643,-2.07708,5.36309,
30_45,6,>30 °C,>30 °C,hot,26,80_130,6,80+,80+,0.0632712,0.0328299,0.053900000000000003,6.32712,-0.107549,12.7618,*
30_45,6,>30 °C,>30 °C,hot,27,0_12,1,0–12,0–12,-0.117012,0.0182795,1.54e-10,-11.7012,-15.284,-8.11845,***
30_45,6,>30 °C,>30 °C,hot,27,12_20,2,12–20,12–20,0.0650304,0.0161283,5.53e-5,6.50304,3.3419,9.66418,***
30_45,6,>30 °C,>30 °C,hot,27,20_40,3,20–40,20–40,0.0815322,0.012496,6.82e-11,8.15322,5.704,10.6024,***
30_45,6,>30 °C,>30 °C,hot,27,40_60,4,40–60,40–60,0.0588761,0.0132559,8.93e-6,5.88761,3.28946,8.48576,***
30_45,6,>30 °C,>30 °C,hot,27,60_80,5,60–80,60–80,0.0177729,0.0185151,0.337,1.77729,-1.85167,5.40625,
30_45,6,>30 °C,>30 °C,hot,27,80_130,6,80+,80+,0.0646086,0.0333619,0.0528,6.46086,-0.0780691,12.9998,*
30_45,6,>30 °C,>30 °C,hot,28,0_12,1,0–12,0–12,-0.11401,0.0181522,3.37e-10,-11.401,-14.9588,-7.84314,***
30_45,6,>30 °C,>30 °C,hot,28,12_20,2,12–20,12–20,0.0689203,0.0159258,1.51e-5,6.89203,3.77058,10.0135,***
30_45,6,>30 °C,>30 °C,hot,28,20_40,3,20–40,20–40,0.0842086,0.0129464,7.8e-11,8.42086,5.88336,10.9584,***
30_45,6,>30 °C,>30 °C,hot,28,40_60,4,40–60,40–60,0.0642285,0.0130339,8.32e-7,6.42285,3.8682,8.9775,***
30_45,6,>30 °C,>30 °C,hot,28,60_80,5,60–80,60–80,0.0198284,0.0184266,0.282,1.98284,-1.62877,5.59445,
30_45,6,>30 °C,>30 °C,hot,28,80_130,6,80+,80+,0.0400238,0.0339519,0.238,4.00238,-2.65219,10.657,
30_45,6,>30 °C,>30 °C,hot,29,0_12,1,0–12,0–12,-0.116402,0.0185627,3.59e-10,-11.6402,-15.2785,-8.00193,***
30_45,6,>30 °C,>30 °C,hot,29,12_20,2,12–20,12–20,0.0721161,0.0161071,7.56e-6,7.21161,4.0546,10.3686,***
30_45,6,>30 °C,>30 °C,hot,29,20_40,3,20–40,20–40,0.0863006,0.0129187,2.38e-11,8.63006,6.098,11.1621,***
30_45,6,>30 °C,>30 °C,hot,29,40_60,4,40–60,40–60,0.0738945,0.0133591,3.18e-8,7.38945,4.77106,10.0078,***
30_45,6,>30 °C,>30 °C,hot,29,60_80,5,60–80,60–80,0.0274731,0.0202903,0.176,2.74731,-1.22959,6.7242,
30_45,6,>30 °C,>30 °C,hot,29,80_130,6,80+,80+,0.0462259,0.0357006,0.195,4.62259,-2.37473,11.6199,
30_45,6,>30 °C,>30 °C,hot,30,0_12,1,0–12,0–12,-0.11964,0.0190502,3.38e-10,-11.964,-15.6978,-8.23016,***
30_45,6,>30 °C,>30 °C,hot,30,12_20,2,12–20,12–20,0.0674564,0.0168865,6.48e-5,6.74564,3.43589,10.0554,***
30_45,6,>30 °C,>30 °C,hot,30,20_40,3,20–40,20–40,0.0855679,0.0135127,2.41e-10,8.55679,5.90829,11.2053,***
30_45,6,>30 °C,>30 °C,hot,30,40_60,4,40–60,40–60,0.0716072,0.0131157,4.77e-8,7.16072,4.59003,9.7314,***
30_45,6,>30 °C,>30 °C,hot,30,60_80,5,60–80,60–80,0.0185356,0.0193232,0.337,1.85356,-1.93379,5.64092,
30_45,6,>30 °C,>30 °C,hot,30,80_130,6,80+,80+,0.0580028,0.0369137,0.116,5.80028,-1.4348,13.0354,
