bin,bin_order,bin_label_en,bin_label_es,side,horizon,spec,fe_name,nobs,estimate,se,p,pct,ci_low,ci_high,stars
-15_10,1,≤10 °C,≤10 °C,cold,0,1,(1) agem + date,2761626,-0.0554037,0.00754168,2.04e-13,-5.54037,-7.01854,-4.0622,***
-15_10,1,≤10 °C,≤10 °C,cold,0,2,(2) agem^yday + agem^year + date,2738859,-0.0557608,0.00666459,5.92e-17,-5.57608,-6.88234,-4.26982,***
-15_10,1,≤10 °C,≤10 °C,cold,0,3,(3) agem^week + state^year + weekday,2748411,-0.099657,0.00594718,5.029999999999999e-63,-9.9657,-11.1313,-8.80005,***
-15_10,1,≤10 °C,≤10 °C,cold,0,4,(4) agem + state^year + yday + weekday,2761626,-0.0944841,0.00598543,3.8999999999999997e-56,-9.44841,-10.6216,-8.27527,***
-15_10,1,≤10 °C,≤10 °C,cold,0,5,(5) agem^year^month + weekday,2643528,-0.0905144,0.00498985,1.55e-73,-9.05144,-10.0295,-8.07343,***
-15_10,1,≤10 °C,≤10 °C,cold,0,6,(6) agem^weekday + agem^year^month,2642643,-0.0908088,0.00479861,7.239999999999998e-80,-9.08088,-10.0214,-8.14035,***
-15_10,1,≤10 °C,≤10 °C,cold,0,7,(7) agem^year^month + date,2643528,-0.0494932,0.00625129,2.43e-15,-4.94932,-6.17457,-3.72407,***
-15_10,1,≤10 °C,≤10 °C,cold,1,1,(1) agem + date,2761626,-0.0724015,0.0095327,3.08e-14,-7.24015,-9.10856,-5.37174,***
-15_10,1,≤10 °C,≤10 °C,cold,1,2,(2) agem^yday + agem^year + date,2738859,-0.0731202,0.0077366,3.3500000000000002e-21,-7.31202,-8.82839,-5.79564,***
-15_10,1,≤10 °C,≤10 °C,cold,1,3,(3) agem^week + state^year + weekday,2748411,-0.134396,0.00629639,4.339999999999999e-101,-13.4396,-14.6737,-12.2055,***
-15_10,1,≤10 °C,≤10 °C,cold,1,4,(4) agem + state^year + yday + weekday,2761626,-0.123061,0.00663415,8.219999999999998e-77,-12.3061,-13.6064,-11.0058,***
-15_10,1,≤10 °C,≤10 °C,cold,1,5,(5) agem^year^month + weekday,2643528,-0.118822,0.00534113,1.2199999999999997e-109,-11.8822,-12.929,-10.8353,***
-15_10,1,≤10 °C,≤10 °C,cold,1,6,(6) agem^weekday + agem^year^month,2642643,-0.118604,0.00528124,1.0799999999999998e-111,-11.8604,-12.8956,-10.8253,***
-15_10,1,≤10 °C,≤10 °C,cold,1,7,(7) agem^year^month + date,2643528,-0.0633312,0.00741326,1.31e-17,-6.33312,-7.78612,-4.88012,***
-15_10,1,≤10 °C,≤10 °C,cold,2,1,(1) agem + date,2761626,-0.0740068,0.0104172,1.21e-12,-7.40068,-9.44245,-5.35891,***
-15_10,1,≤10 °C,≤10 °C,cold,2,2,(2) agem^yday + agem^year + date,2738859,-0.0737546,0.00872485,2.83e-17,-7.37546,-9.08553,-5.66539,***
-15_10,1,≤10 °C,≤10 °C,cold,2,3,(3) agem^week + state^year + weekday,2748411,-0.143643,0.00745582,1.0399999999999997e-82,-14.3643,-15.8256,-12.9029,***
-15_10,1,≤10 °C,≤10 °C,cold,2,4,(4) agem + state^year + yday + weekday,2761626,-0.127112,0.00734862,4.9299999999999996e-67,-12.7112,-14.1515,-11.2708,***
-15_10,1,≤10 °C,≤10 °C,cold,2,5,(5) agem^year^month + weekday,2643528,-0.122601,0.00577506,5.109999999999999e-100,-12.2601,-13.392,-11.1282,***
-15_10,1,≤10 °C,≤10 °C,cold,2,6,(6) agem^weekday + agem^year^month,2642643,-0.12235,0.00576681,6.759999999999999e-100,-12.235,-13.3653,-11.1047,***
-15_10,1,≤10 °C,≤10 °C,cold,2,7,(7) agem^year^month + date,2643528,-0.0623888,0.0076717,4.21e-16,-6.23888,-7.74253,-4.73523,***
-15_10,1,≤10 °C,≤10 °C,cold,3,1,(1) agem + date,2761626,-0.0826535,0.0113028,2.62e-13,-8.26535,-10.4807,-6.05,***
-15_10,1,≤10 °C,≤10 °C,cold,3,2,(2) agem^yday + agem^year + date,2738859,-0.0814977,0.00985192,1.31e-16,-8.14977,-10.0807,-6.21879,***
-15_10,1,≤10 °C,≤10 °C,cold,3,3,(3) agem^week + state^year + weekday,2748411,-0.16359,0.00835889,2.7499999999999993e-85,-16.359,-17.9973,-14.7206,***
-15_10,1,≤10 °C,≤10 °C,cold,3,4,(4) agem + state^year + yday + weekday,2761626,-0.141809,0.00787974,2.0699999999999995e-72,-14.1809,-15.7254,-12.6365,***
-15_10,1,≤10 °C,≤10 °C,cold,3,5,(5) agem^year^month + weekday,2643528,-0.137925,0.00620583,1.9699999999999994e-109,-13.7925,-15.0088,-12.5762,***
-15_10,1,≤10 °C,≤10 °C,cold,3,6,(6) agem^weekday + agem^year^month,2642643,-0.1384,0.00625056,1.2499999999999998e-108,-13.84,-15.0651,-12.6149,***
-15_10,1,≤10 °C,≤10 °C,cold,3,7,(7) agem^year^month + date,2643528,-0.0687409,0.00769707,4.23e-19,-6.87409,-8.38271,-5.36546,***
-15_10,1,≤10 °C,≤10 °C,cold,4,1,(1) agem + date,2761626,-0.0847185,0.0134626,3.12e-10,-8.47185,-11.1105,-5.83318,***
-15_10,1,≤10 °C,≤10 °C,cold,4,2,(2) agem^yday + agem^year + date,2738859,-0.0823389,0.0109276,4.89e-14,-8.23389,-10.3757,-6.09208,***
-15_10,1,≤10 °C,≤10 °C,cold,4,3,(3) agem^week + state^year + weekday,2748411,-0.175439,0.00997779,3.3299999999999996e-69,-17.5439,-19.4995,-15.5882,***
-15_10,1,≤10 °C,≤10 °C,cold,4,4,(4) agem + state^year + yday + weekday,2761626,-0.1511,0.00932878,5.280000000000001e-59,-15.11,-16.9384,-13.2815,***
-15_10,1,≤10 °C,≤10 °C,cold,4,5,(5) agem^year^month + weekday,2643528,-0.145844,0.0073679,3.319999999999999e-87,-14.5844,-16.0286,-13.1403,***
-15_10,1,≤10 °C,≤10 °C,cold,4,6,(6) agem^weekday + agem^year^month,2642643,-0.146149,0.00727532,9.339999999999998e-90,-14.6149,-16.0408,-13.1889,***
-15_10,1,≤10 °C,≤10 °C,cold,4,7,(7) agem^year^month + date,2643528,-0.0689623,0.00903266,2.26e-14,-6.89623,-8.66663,-5.12582,***
-15_10,1,≤10 °C,≤10 °C,cold,5,1,(1) agem + date,2761626,-0.0824443,0.0135927,1.32e-9,-8.24443,-10.9086,-5.58027,***
-15_10,1,≤10 °C,≤10 °C,cold,5,2,(2) agem^yday + agem^year + date,2738859,-0.0821914,0.0119052,5.06e-12,-8.21914,-10.5526,-5.88572,***
-15_10,1,≤10 °C,≤10 °C,cold,5,3,(3) agem^week + state^year + weekday,2748411,-0.181102,0.0106007,1.9499999999999998e-65,-18.1102,-20.188,-16.0325,***
-15_10,1,≤10 °C,≤10 °C,cold,5,4,(4) agem + state^year + yday + weekday,2761626,-0.154108,0.00926618,4.14e-62,-15.4108,-17.2269,-13.5946,***
-15_10,1,≤10 °C,≤10 °C,cold,5,5,(5) agem^year^month + weekday,2643528,-0.148358,0.00714939,1.1999999999999997e-95,-14.8358,-16.2371,-13.4345,***
-15_10,1,≤10 °C,≤10 °C,cold,5,6,(6) agem^weekday + agem^year^month,2642643,-0.148235,0.00717305,7.069999999999998e-95,-14.8235,-16.2294,-13.4176,***
-15_10,1,≤10 °C,≤10 °C,cold,5,7,(7) agem^year^month + date,2643528,-0.0646946,0.00877992,1.73e-13,-6.46946,-8.19033,-4.7486,***
-15_10,1,≤10 °C,≤10 °C,cold,6,1,(1) agem + date,2761626,-0.0908971,0.0144582,3.24e-10,-9.08971,-11.9235,-6.25591,***
-15_10,1,≤10 °C,≤10 °C,cold,6,2,(2) agem^yday + agem^year + date,2738859,-0.0897043,0.0136181,4.48e-11,-8.97043,-11.6396,-6.30127,***
-15_10,1,≤10 °C,≤10 °C,cold,6,3,(3) agem^week + state^year + weekday,2748411,-0.191528,0.0118847,1.98e-58,-19.1528,-21.4822,-16.8234,***
-15_10,1,≤10 °C,≤10 °C,cold,6,4,(4) agem + state^year + yday + weekday,2761626,-0.15934,0.00995239,1.08e-57,-15.934,-17.8846,-13.9833,***
-15_10,1,≤10 °C,≤10 °C,cold,6,5,(5) agem^year^month + weekday,2643528,-0.155013,0.00797451,3.6399999999999994e-84,-15.5013,-17.0643,-13.9383,***
-15_10,1,≤10 °C,≤10 °C,cold,6,6,(6) agem^weekday + agem^year^month,2642643,-0.155037,0.0079489,1.0099999999999999e-84,-15.5037,-17.0617,-13.9458,***
-15_10,1,≤10 °C,≤10 °C,cold,6,7,(7) agem^year^month + date,2643528,-0.0707485,0.00991305,9.55e-13,-7.07485,-9.01781,-5.13189,***
-15_10,1,≤10 °C,≤10 °C,cold,7,1,(1) agem + date,2761626,-0.0840317,0.0156479,7.87e-8,-8.40317,-11.4702,-5.33618,***
-15_10,1,≤10 °C,≤10 °C,cold,7,2,(2) agem^yday + agem^year + date,2738859,-0.0802847,0.0149397,7.7e-8,-8.02847,-10.9566,-5.10029,***
-15_10,1,≤10 °C,≤10 °C,cold,7,3,(3) agem^week + state^year + weekday,2748411,-0.18864,0.0131958,2.3399999999999998e-46,-18.864,-21.4504,-16.2777,***
-15_10,1,≤10 °C,≤10 °C,cold,7,4,(4) agem + state^year + yday + weekday,2761626,-0.152153,0.0106117,1.26e-46,-15.2153,-17.2952,-13.1354,***
-15_10,1,≤10 °C,≤10 °C,cold,7,5,(5) agem^year^month + weekday,2643528,-0.148684,0.00845652,3.3799999999999994e-69,-14.8684,-16.5259,-13.2109,***
-15_10,1,≤10 °C,≤10 °C,cold,7,6,(6) agem^weekday + agem^year^month,2642643,-0.148938,0.00838803,1.5499999999999996e-70,-14.8938,-16.5378,-13.2497,***
-15_10,1,≤10 °C,≤10 °C,cold,7,7,(7) agem^year^month + date,2643528,-0.062577,0.0107119,5.16e-9,-6.2577,-8.35723,-4.15816,***
-15_10,1,≤10 °C,≤10 °C,cold,8,1,(1) agem + date,2761626,-0.0816997,0.0166993,9.96e-7,-8.16997,-11.443,-4.89691,***
-15_10,1,≤10 °C,≤10 °C,cold,8,2,(2) agem^yday + agem^year + date,2738859,-0.0789477,0.0167329,2.38e-6,-7.89477,-11.1744,-4.61511,***
-15_10,1,≤10 °C,≤10 °C,cold,8,3,(3) agem^week + state^year + weekday,2748411,-0.192398,0.0140057,6.089999999999999e-43,-19.2398,-21.9849,-16.4947,***
-15_10,1,≤10 °C,≤10 °C,cold,8,4,(4) agem + state^year + yday + weekday,2761626,-0.151675,0.0114297,3.45e-40,-15.1675,-17.4077,-12.9273,***
-15_10,1,≤10 °C,≤10 °C,cold,8,5,(5) agem^year^month + weekday,2643528,-0.149085,0.00994318,8.07e-51,-14.9085,-16.8574,-12.9597,***
-15_10,1,≤10 °C,≤10 °C,cold,8,6,(6) agem^weekday + agem^year^month,2642643,-0.148672,0.00997029,2.78e-50,-14.8672,-16.8214,-12.913,***
-15_10,1,≤10 °C,≤10 °C,cold,8,7,(7) agem^year^month + date,2643528,-0.0594896,0.0122357,1.16e-6,-5.94896,-8.34716,-3.55076,***
-15_10,1,≤10 °C,≤10 °C,cold,9,1,(1) agem + date,2761626,-0.0801145,0.016895,2.12e-6,-8.01145,-11.3229,-4.70004,***
-15_10,1,≤10 °C,≤10 °C,cold,9,2,(2) agem^yday + agem^year + date,2738859,-0.0780448,0.0174562,7.79e-6,-7.80448,-11.2259,-4.38306,***
-15_10,1,≤10 °C,≤10 °C,cold,9,3,(3) agem^week + state^year + weekday,2748411,-0.196055,0.0147513,2.62e-40,-19.6055,-22.4968,-16.7142,***
-15_10,1,≤10 °C,≤10 °C,cold,9,4,(4) agem + state^year + yday + weekday,2761626,-0.149334,0.0117232,3.6199999999999996e-37,-14.9334,-17.2311,-12.6357,***
-15_10,1,≤10 °C,≤10 °C,cold,9,5,(5) agem^year^month + weekday,2643528,-0.148484,0.0105917,1.19e-44,-14.8484,-16.9244,-12.7725,***
-15_10,1,≤10 °C,≤10 °C,cold,9,6,(6) agem^weekday + agem^year^month,2642643,-0.147994,0.0106627,8.43e-44,-14.7994,-16.8893,-12.7095,***
-15_10,1,≤10 °C,≤10 °C,cold,9,7,(7) agem^year^month + date,2643528,-0.056212,0.0124559,6.39e-6,-5.6212,-8.06256,-3.17985,***
-15_10,1,≤10 °C,≤10 °C,cold,10,1,(1) agem + date,2761626,-0.0682983,0.0179886,1.47e-4,-6.82983,-10.3556,-3.30408,***
-15_10,1,≤10 °C,≤10 °C,cold,10,2,(2) agem^yday + agem^year + date,2738859,-0.0672896,0.0185445,2.85e-4,-6.72896,-10.3637,-3.09423,***
-15_10,1,≤10 °C,≤10 °C,cold,10,3,(3) agem^week + state^year + weekday,2748411,-0.192057,0.0163153,5.47e-32,-19.2057,-22.4035,-16.0079,***
-15_10,1,≤10 °C,≤10 °C,cold,10,4,(4) agem + state^year + yday + weekday,2761626,-0.139816,0.0121177,8.47e-31,-13.9816,-16.3567,-11.6066,***
-15_10,1,≤10 °C,≤10 °C,cold,10,5,(5) agem^year^month + weekday,2643528,-0.142347,0.0115379,5.699999999999999e-35,-14.2347,-16.4961,-11.9732,***
-15_10,1,≤10 °C,≤10 °C,cold,10,6,(6) agem^weekday + agem^year^month,2642643,-0.142791,0.0117396,4.88e-34,-14.2791,-16.5801,-11.9782,***
-15_10,1,≤10 °C,≤10 °C,cold,10,7,(7) agem^year^month + date,2643528,-0.0424455,0.013357,0.00148,-4.24455,-6.86252,-1.62657,***
-15_10,1,≤10 °C,≤10 °C,cold,11,1,(1) agem + date,2761626,-0.0648207,0.0190914,6.86e-4,-6.48207,-10.224,-2.74016,***
-15_10,1,≤10 °C,≤10 °C,cold,11,2,(2) agem^yday + agem^year + date,2738859,-0.0629829,0.0200496,0.00168,-6.29829,-10.228,-2.36858,***
-15_10,1,≤10 °C,≤10 °C,cold,11,3,(3) agem^week + state^year + weekday,2748411,-0.192962,0.0175433,3.8599999999999998e-28,-19.2962,-22.7347,-15.8577,***
-15_10,1,≤10 °C,≤10 °C,cold,11,4,(4) agem + state^year + yday + weekday,2761626,-0.133972,0.0130924,1.4099999999999999e-24,-13.3972,-15.9633,-10.8311,***
-15_10,1,≤10 °C,≤10 °C,cold,11,5,(5) agem^year^month + weekday,2643528,-0.140464,0.0129477,2.03e-27,-14.0464,-16.5841,-11.5086,***
-15_10,1,≤10 °C,≤10 °C,cold,11,6,(6) agem^weekday + agem^year^month,2642643,-0.140867,0.0130456,3.520000000000001e-27,-14.0867,-16.6436,-11.5297,***
-15_10,1,≤10 °C,≤10 °C,cold,11,7,(7) agem^year^month + date,2643528,-0.0369647,0.0144467,0.0105,-3.69647,-6.52802,-0.864925,**
-15_10,1,≤10 °C,≤10 °C,cold,12,1,(1) agem + date,2761626,-0.0601987,0.0195739,0.0021,-6.01987,-9.85637,-2.18338,***
-15_10,1,≤10 °C,≤10 °C,cold,12,2,(2) agem^yday + agem^year + date,2738859,-0.0595174,0.0214715,0.00557,-5.95174,-10.1602,-1.74332,***
-15_10,1,≤10 °C,≤10 °C,cold,12,3,(3) agem^week + state^year + weekday,2748411,-0.190226,0.0187791,4.0799999999999995e-24,-19.0226,-22.7033,-15.3419,***
-15_10,1,≤10 °C,≤10 °C,cold,12,4,(4) agem + state^year + yday + weekday,2761626,-0.125803,0.0134274,7.320000000000001e-21,-12.5803,-15.212,-9.94848,***
-15_10,1,≤10 °C,≤10 °C,cold,12,5,(5) agem^year^month + weekday,2643528,-0.134704,0.0136312,4.9799999999999996e-23,-13.4704,-16.1421,-10.7987,***
-15_10,1,≤10 °C,≤10 °C,cold,12,6,(6) agem^weekday + agem^year^month,2642643,-0.134545,0.013706,9.56e-23,-13.4545,-16.1408,-10.7681,***
-15_10,1,≤10 °C,≤10 °C,cold,12,7,(7) agem^year^month + date,2643528,-0.0314655,0.0150109,0.0361,-3.14655,-6.08868,-0.204417,**
-15_10,1,≤10 °C,≤10 °C,cold,13,1,(1) agem + date,2761626,-0.0598717,0.0206325,0.00371,-5.98717,-10.0311,-1.94321,***
-15_10,1,≤10 °C,≤10 °C,cold,13,2,(2) agem^yday + agem^year + date,2738859,-0.0546974,0.0231366,0.0181,-5.46974,-10.0045,-0.934965,**
-15_10,1,≤10 °C,≤10 °C,cold,13,3,(3) agem^week + state^year + weekday,2748411,-0.193844,0.0205345,3.7300000000000006e-21,-19.3844,-23.4092,-15.3596,***
-15_10,1,≤10 °C,≤10 °C,cold,13,4,(4) agem + state^year + yday + weekday,2761626,-0.124788,0.0143439,3.33e-18,-12.4788,-15.2902,-9.66743,***
-15_10,1,≤10 °C,≤10 °C,cold,13,5,(5) agem^year^month + weekday,2643528,-0.137539,0.0146211,5.110000000000001e-21,-13.7539,-16.6196,-10.8881,***
-15_10,1,≤10 °C,≤10 °C,cold,13,6,(6) agem^weekday + agem^year^month,2642643,-0.137481,0.0146303,5.610000000000001e-21,-13.7481,-16.6156,-10.8805,***
-15_10,1,≤10 °C,≤10 °C,cold,13,7,(7) agem^year^month + date,2643528,-0.0282763,0.0160849,0.0788,-2.82763,-5.98026,0.325008,*
-15_10,1,≤10 °C,≤10 °C,cold,14,1,(1) agem + date,2761626,-0.0570559,0.0213192,0.0074400000000000004,-5.70559,-9.88416,-1.52702,***
-15_10,1,≤10 °C,≤10 °C,cold,14,2,(2) agem^yday + agem^year + date,2738859,-0.0532386,0.0240961,0.0271,-5.32386,-10.0467,-0.601025,**
-15_10,1,≤10 °C,≤10 °C,cold,14,3,(3) agem^week + state^year + weekday,2748411,-0.196354,0.0215465,8.01e-20,-19.6354,-23.8585,-15.4122,***
-15_10,1,≤10 °C,≤10 °C,cold,14,4,(4) agem + state^year + yday + weekday,2761626,-0.122178,0.0147503,1.2e-16,-12.2178,-15.1089,-9.32677,***
-15_10,1,≤10 °C,≤10 °C,cold,14,5,(5) agem^year^month + weekday,2643528,-0.142686,0.0150227,2.14e-21,-14.2686,-17.213,-11.3241,***
-15_10,1,≤10 °C,≤10 °C,cold,14,6,(6) agem^weekday + agem^year^month,2642643,-0.142917,0.0149817,1.4400000000000001e-21,-14.2917,-17.2281,-11.3553,***
-15_10,1,≤10 °C,≤10 °C,cold,14,7,(7) agem^year^month + date,2643528,-0.0234431,0.0173664,0.177,-2.34431,-5.74813,1.0595,
-15_10,1,≤10 °C,≤10 °C,cold,15,1,(1) agem + date,2761626,-0.057323,0.0218481,0.0087,-5.7323,-10.0145,-1.45008,***
-15_10,1,≤10 °C,≤10 °C,cold,15,2,(2) agem^yday + agem^year + date,2738859,-0.0506183,0.025641,0.0484,-5.06183,-10.0875,-0.0362017,**
-15_10,1,≤10 °C,≤10 °C,cold,15,3,(3) agem^week + state^year + weekday,2748411,-0.20547,0.0231364,6.64e-19,-20.547,-25.0817,-16.0123,***
-15_10,1,≤10 °C,≤10 °C,cold,15,4,(4) agem + state^year + yday + weekday,2761626,-0.120456,0.0158368,2.83e-14,-12.0456,-15.1496,-8.94157,***
-15_10,1,≤10 °C,≤10 °C,cold,15,5,(5) agem^year^month + weekday,2643528,-0.151731,0.0162224,8.510000000000001e-21,-15.1731,-18.3526,-11.9935,***
-15_10,1,≤10 °C,≤10 °C,cold,15,6,(6) agem^weekday + agem^year^month,2642643,-0.151367,0.0162807,1.44e-20,-15.1367,-18.3277,-11.9457,***
-15_10,1,≤10 °C,≤10 °C,cold,15,7,(7) agem^year^month + date,2643528,-0.0227908,0.0176777,0.197,-2.27908,-5.74392,1.18575,
-15_10,1,≤10 °C,≤10 °C,cold,16,1,(1) agem + date,2761626,-0.0506033,0.0226035,0.0252,-5.06033,-9.49061,-0.630054,**
-15_10,1,≤10 °C,≤10 °C,cold,16,2,(2) agem^yday + agem^year + date,2738859,-0.0442075,0.0263016,0.0928,-4.42075,-9.57586,0.734354,*
-15_10,1,≤10 °C,≤10 °C,cold,16,3,(3) agem^week + state^year + weekday,2748411,-0.202871,0.0242162,5.41e-17,-20.2871,-25.0335,-15.5408,***
-15_10,1,≤10 °C,≤10 °C,cold,16,4,(4) agem + state^year + yday + weekday,2761626,-0.111961,0.0160955,3.5e-12,-11.1961,-14.3508,-8.0414,***
-15_10,1,≤10 °C,≤10 °C,cold,16,5,(5) agem^year^month + weekday,2643528,-0.151099,0.014912,3.9499999999999995e-24,-15.1099,-18.0327,-12.1872,***
-15_10,1,≤10 °C,≤10 °C,cold,16,6,(6) agem^weekday + agem^year^month,2642643,-0.150788,0.0150122,9.73e-24,-15.0788,-18.0212,-12.1364,***
-15_10,1,≤10 °C,≤10 °C,cold,16,7,(7) agem^year^month + date,2643528,-0.0148081,0.0173776,0.394,-1.48081,-4.88682,1.9252,
-15_10,1,≤10 °C,≤10 °C,cold,17,1,(1) agem + date,2761626,-0.0469791,0.022529,0.037,-4.69791,-9.1136,-0.282216,**
-15_10,1,≤10 °C,≤10 °C,cold,17,2,(2) agem^yday + agem^year + date,2738859,-0.0407824,0.0269959,0.131,-4.07824,-9.36943,1.21294,
-15_10,1,≤10 °C,≤10 °C,cold,17,3,(3) agem^week + state^year + weekday,2748411,-0.199682,0.0251387,1.97e-15,-19.9682,-24.8954,-15.041,***
-15_10,1,≤10 °C,≤10 °C,cold,17,4,(4) agem + state^year + yday + weekday,2761626,-0.106402,0.0162892,6.49e-11,-10.6402,-13.8329,-7.44751,***
-15_10,1,≤10 °C,≤10 °C,cold,17,5,(5) agem^year^month + weekday,2643528,-0.148836,0.0156849,2.33e-21,-14.8836,-17.9578,-11.8093,***
-15_10,1,≤10 °C,≤10 °C,cold,17,6,(6) agem^weekday + agem^year^month,2642643,-0.149438,0.0158185,3.4900000000000005e-21,-14.9438,-18.0442,-11.8434,***
-15_10,1,≤10 °C,≤10 °C,cold,17,7,(7) agem^year^month + date,2643528,-0.00930103,0.0184273,0.614,-0.930103,-4.54186,2.68165,
-15_10,1,≤10 °C,≤10 °C,cold,18,1,(1) agem + date,2761626,-0.0496087,0.0232894,0.0332,-4.96087,-9.52559,-0.39615,**
-15_10,1,≤10 °C,≤10 °C,cold,18,2,(2) agem^yday + agem^year + date,2738859,-0.0425065,0.0275721,0.123,-4.25065,-9.65478,1.15347,
-15_10,1,≤10 °C,≤10 °C,cold,18,3,(3) agem^week + state^year + weekday,2748411,-0.205178,0.0261575,4.37e-15,-20.5178,-25.6446,-15.3909,***
-15_10,1,≤10 °C,≤10 °C,cold,18,4,(4) agem + state^year + yday + weekday,2761626,-0.109469,0.017187,1.9e-10,-10.9469,-14.3156,-7.57827,***
-15_10,1,≤10 °C,≤10 °C,cold,18,5,(5) agem^year^month + weekday,2643528,-0.15459,0.0171776,2.27e-19,-15.459,-18.8259,-12.0922,***
-15_10,1,≤10 °C,≤10 °C,cold,18,6,(6) agem^weekday + agem^year^month,2642643,-0.155076,0.0172002,1.95e-19,-15.5076,-18.8788,-12.1363,***
-15_10,1,≤10 °C,≤10 °C,cold,18,7,(7) agem^year^month + date,2643528,-0.0106524,0.0195521,0.586,-1.06524,-4.89745,2.76696,
-15_10,1,≤10 °C,≤10 °C,cold,19,1,(1) agem + date,2761626,-0.038442,0.0231584,0.0969,-3.8442,-8.38325,0.694841,*
-15_10,1,≤10 °C,≤10 °C,cold,19,2,(2) agem^yday + agem^year + date,2738859,-0.03299,0.0279316,0.238,-3.299,-8.7736,2.17559,
-15_10,1,≤10 °C,≤10 °C,cold,19,3,(3) agem^week + state^year + weekday,2748411,-0.198527,0.0261078,2.87e-14,-19.8527,-24.9698,-14.7355,***
-15_10,1,≤10 °C,≤10 °C,cold,19,4,(4) agem + state^year + yday + weekday,2761626,-0.0962987,0.0166317,7.04e-9,-9.62987,-12.8897,-6.37005,***
-15_10,1,≤10 °C,≤10 °C,cold,19,5,(5) agem^year^month + weekday,2643528,-0.1483,0.0164875,2.37e-19,-14.83,-18.0616,-11.5985,***
-15_10,1,≤10 °C,≤10 °C,cold,19,6,(6) agem^weekday + agem^year^month,2642643,-0.148512,0.0165707,3.18e-19,-14.8512,-18.099,-11.6033,***
-15_10,1,≤10 °C,≤10 °C,cold,19,7,(7) agem^year^month + date,2643528,0.00138401,0.0203887,0.946,0.138401,-3.85778,4.13458,
-15_10,1,≤10 °C,≤10 °C,cold,20,1,(1) agem + date,2761626,-0.0343969,0.0245715,0.162,-3.43969,-8.25571,1.37633,
-15_10,1,≤10 °C,≤10 °C,cold,20,2,(2) agem^yday + agem^year + date,2738859,-0.0273684,0.0288534,0.343,-2.73684,-8.39211,2.91843,
-15_10,1,≤10 °C,≤10 °C,cold,20,3,(3) agem^week + state^year + weekday,2748411,-0.195826,0.0278949,2.22e-12,-19.5826,-25.05,-14.1153,***
-15_10,1,≤10 °C,≤10 °C,cold,20,4,(4) agem + state^year + yday + weekday,2761626,-0.0862759,0.0173588,6.69e-7,-8.62759,-12.0299,-5.22525,***
-15_10,1,≤10 °C,≤10 °C,cold,20,5,(5) agem^year^month + weekday,2643528,-0.145446,0.0163827,6.8e-19,-14.5446,-17.7556,-11.3336,***
-15_10,1,≤10 °C,≤10 °C,cold,20,6,(6) agem^weekday + agem^year^month,2642643,-0.145843,0.0164184,6.52e-19,-14.5843,-17.8023,-11.3662,***
-15_10,1,≤10 °C,≤10 °C,cold,20,7,(7) agem^year^month + date,2643528,0.00793391,0.0212185,0.708,0.793391,-3.36543,4.95221,
-15_10,1,≤10 °C,≤10 °C,cold,21,1,(1) agem + date,2761626,-0.0359542,0.0254061,0.157,-3.59542,-8.57502,1.38417,
-15_10,1,≤10 °C,≤10 °C,cold,21,2,(2) agem^yday + agem^year + date,2738859,-0.0274806,0.030874,0.373,-2.74806,-8.79937,3.30325,
-15_10,1,≤10 °C,≤10 °C,cold,21,3,(3) agem^week + state^year + weekday,2748411,-0.203177,0.0297096,7.99e-12,-20.3177,-26.1408,-14.4946,***
-15_10,1,≤10 °C,≤10 °C,cold,21,4,(4) agem + state^year + yday + weekday,2761626,-0.0865974,0.018005,1.51e-6,-8.65974,-12.1887,-5.13076,***
-15_10,1,≤10 °C,≤10 °C,cold,21,5,(5) agem^year^month + weekday,2643528,-0.151471,0.0160266,3.3500000000000002e-21,-15.1471,-18.2883,-12.0059,***
-15_10,1,≤10 °C,≤10 °C,cold,21,6,(6) agem^weekday + agem^year^month,2642643,-0.152005,0.0159963,2.0500000000000003e-21,-15.2005,-18.3358,-12.0653,***
-15_10,1,≤10 °C,≤10 °C,cold,21,7,(7) agem^year^month + date,2643528,0.00856151,0.0214253,0.689,0.856151,-3.34322,5.05552,
-15_10,1,≤10 °C,≤10 °C,cold,22,1,(1) agem + date,2761626,-0.0296716,0.0264247,0.261,-2.96716,-8.14639,2.21207,
-15_10,1,≤10 °C,≤10 °C,cold,22,2,(2) agem^yday + agem^year + date,2738859,-0.0189315,0.0320355,0.555,-1.89315,-8.17211,4.38582,
-15_10,1,≤10 °C,≤10 °C,cold,22,3,(3) agem^week + state^year + weekday,2748411,-0.20083,0.0308912,7.97e-11,-20.083,-26.1376,-14.0283,***
-15_10,1,≤10 °C,≤10 °C,cold,22,4,(4) agem + state^year + yday + weekday,2761626,-0.0792645,0.0188716,2.67e-5,-7.92645,-11.6253,-4.22762,***
-15_10,1,≤10 °C,≤10 °C,cold,22,5,(5) agem^year^month + weekday,2643528,-0.149743,0.0162249,2.73e-20,-14.9743,-18.1544,-11.7942,***
-15_10,1,≤10 °C,≤10 °C,cold,22,6,(6) agem^weekday + agem^year^month,2642643,-0.149432,0.0162429,3.59e-20,-14.9432,-18.1268,-11.7596,***
-15_10,1,≤10 °C,≤10 °C,cold,22,7,(7) agem^year^month + date,2643528,0.0150621,0.0221918,0.497,1.50621,-2.84339,5.8558,
-15_10,1,≤10 °C,≤10 °C,cold,23,1,(1) agem + date,2761626,-0.0324874,0.0269241,0.228,-3.24874,-8.52587,2.02839,
-15_10,1,≤10 °C,≤10 °C,cold,23,2,(2) agem^yday + agem^year + date,2738859,-0.0268572,0.0333177,0.42,-2.68572,-9.21598,3.84454,
-15_10,1,≤10 °C,≤10 °C,cold,23,3,(3) agem^week + state^year + weekday,2748411,-0.206252,0.0322862,1.68e-10,-20.6252,-26.9533,-14.2971,***
-15_10,1,≤10 °C,≤10 °C,cold,23,4,(4) agem + state^year + yday + weekday,2761626,-0.0830209,0.019422,1.91e-5,-8.30209,-12.1088,-4.49538,***
-15_10,1,≤10 °C,≤10 °C,cold,23,5,(5) agem^year^month + weekday,2643528,-0.155206,0.0169862,6.41e-20,-15.5206,-18.8499,-12.1913,***
-15_10,1,≤10 °C,≤10 °C,cold,23,6,(6) agem^weekday + agem^year^month,2642643,-0.155136,0.0169939,6.92e-20,-15.5136,-18.8444,-12.1828,***
-15_10,1,≤10 °C,≤10 °C,cold,23,7,(7) agem^year^month + date,2643528,0.0127372,0.0238797,0.594,1.27372,-3.40669,5.95414,
-15_10,1,≤10 °C,≤10 °C,cold,24,1,(1) agem + date,2761626,-0.0259366,0.0280748,0.356,-2.59366,-8.09633,2.90901,
-15_10,1,≤10 °C,≤10 °C,cold,24,2,(2) agem^yday + agem^year + date,2738859,-0.0221287,0.0337677,0.512,-2.21287,-8.83134,4.40561,
-15_10,1,≤10 °C,≤10 °C,cold,24,3,(3) agem^week + state^year + weekday,2748411,-0.198961,0.0338991,4.38e-9,-19.8961,-26.5403,-13.2519,***
-15_10,1,≤10 °C,≤10 °C,cold,24,4,(4) agem + state^year + yday + weekday,2761626,-0.0720304,0.0196385,2.45e-4,-7.20304,-11.0522,-3.35388,***
-15_10,1,≤10 °C,≤10 °C,cold,24,5,(5) agem^year^month + weekday,2643528,-0.148308,0.0162524,7.15e-20,-14.8308,-18.0163,-11.6454,***
-15_10,1,≤10 °C,≤10 °C,cold,24,6,(6) agem^weekday + agem^year^month,2642643,-0.149254,0.0163211,5.97e-20,-14.9254,-18.1243,-11.7264,***
-15_10,1,≤10 °C,≤10 °C,cold,24,7,(7) agem^year^month + date,2643528,0.0194079,0.0235182,0.409,1.94079,-2.66878,6.55035,
-15_10,1,≤10 °C,≤10 °C,cold,25,1,(1) agem + date,2761626,-0.0270324,0.0288706,0.349,-2.70324,-8.36188,2.95539,
-15_10,1,≤10 °C,≤10 °C,cold,25,2,(2) agem^yday + agem^year + date,2738859,-0.0228955,0.0342216,0.503,-2.28955,-8.99698,4.41789,
-15_10,1,≤10 °C,≤10 °C,cold,25,3,(3) agem^week + state^year + weekday,2748411,-0.201245,0.0351998,1.08e-8,-20.1245,-27.0237,-13.2254,***
-15_10,1,≤10 °C,≤10 °C,cold,25,4,(4) agem + state^year + yday + weekday,2761626,-0.0697754,0.0203366,6.01e-4,-6.97754,-10.9635,-2.99156,***
-15_10,1,≤10 °C,≤10 °C,cold,25,5,(5) agem^year^month + weekday,2643528,-0.1522,0.0169227,2.39e-19,-15.22,-18.5369,-11.9032,***
-15_10,1,≤10 °C,≤10 °C,cold,25,6,(6) agem^weekday + agem^year^month,2642643,-0.152819,0.0168881,1.44e-19,-15.2819,-18.592,-11.9718,***
-15_10,1,≤10 °C,≤10 °C,cold,25,7,(7) agem^year^month + date,2643528,0.0182052,0.0240001,0.448,1.82052,-2.8835,6.52453,
-15_10,1,≤10 °C,≤10 °C,cold,26,1,(1) agem + date,2761626,-0.0310718,0.030075,0.302,-3.10718,-9.00188,2.78751,
-15_10,1,≤10 °C,≤10 °C,cold,26,2,(2) agem^yday + agem^year + date,2738859,-0.0295794,0.0365547,0.418,-2.95794,-10.1227,4.20678,
-15_10,1,≤10 °C,≤10 °C,cold,26,3,(3) agem^week + state^year + weekday,2748411,-0.208286,0.0367912,1.5e-8,-20.8286,-28.0397,-13.6175,***
-15_10,1,≤10 °C,≤10 °C,cold,26,4,(4) agem + state^year + yday + weekday,2761626,-0.0710598,0.021407,9.02e-4,-7.10598,-11.3018,-2.91021,***
-15_10,1,≤10 °C,≤10 °C,cold,26,5,(5) agem^year^month + weekday,2643528,-0.161604,0.0178698,1.52e-19,-16.1604,-19.6629,-12.658,***
-15_10,1,≤10 °C,≤10 °C,cold,26,6,(6) agem^weekday + agem^year^month,2642643,-0.161929,0.0178557,1.2e-19,-16.1929,-19.6926,-12.6932,***
-15_10,1,≤10 °C,≤10 °C,cold,26,7,(7) agem^year^month + date,2643528,0.014081,0.0246421,0.568,1.4081,-3.42176,6.23796,
-15_10,1,≤10 °C,≤10 °C,cold,27,1,(1) agem + date,2761626,-0.0235376,0.0320605,0.463,-2.35376,-8.63761,3.9301,
-15_10,1,≤10 °C,≤10 °C,cold,27,2,(2) agem^yday + agem^year + date,2738859,-0.0217036,0.0380553,0.568,-2.17036,-9.62919,5.28848,
-15_10,1,≤10 °C,≤10 °C,cold,27,3,(3) agem^week + state^year + weekday,2748411,-0.208337,0.0384389,5.96e-8,-20.8337,-28.3677,-13.2997,***
-15_10,1,≤10 °C,≤10 °C,cold,27,4,(4) agem + state^year + yday + weekday,2761626,-0.064753,0.0221527,0.00347,-6.4753,-10.8172,-2.13337,***
-15_10,1,≤10 °C,≤10 °C,cold,27,5,(5) agem^year^month + weekday,2643528,-0.161267,0.0173444,1.43e-20,-16.1267,-19.5262,-12.7272,***
-15_10,1,≤10 °C,≤10 °C,cold,27,6,(6) agem^weekday + agem^year^month,2642643,-0.161974,0.0173224,8.720000000000001e-21,-16.1974,-19.5926,-12.8022,***
-15_10,1,≤10 °C,≤10 °C,cold,27,7,(7) agem^year^month + date,2643528,0.0237239,0.0248735,0.34,2.37239,-2.50282,7.24761,
-15_10,1,≤10 °C,≤10 °C,cold,28,1,(1) agem + date,2761626,-0.0255111,0.0325059,0.433,-2.55111,-8.92226,3.82004,
-15_10,1,≤10 °C,≤10 °C,cold,28,2,(2) agem^yday + agem^year + date,2738859,-0.0232746,0.0394792,0.555,-2.32746,-10.0654,5.41046,
-15_10,1,≤10 °C,≤10 °C,cold,28,3,(3) agem^week + state^year + weekday,2748411,-0.216091,0.0394394,4.28e-8,-21.6091,-29.3393,-13.879,***
-15_10,1,≤10 °C,≤10 °C,cold,28,4,(4) agem + state^year + yday + weekday,2761626,-0.0685409,0.0224793,0.0023,-6.85409,-11.26,-2.44815,***
-15_10,1,≤10 °C,≤10 °C,cold,28,5,(5) agem^year^month + weekday,2643528,-0.166883,0.0182665,6.48e-20,-16.6883,-20.2686,-13.1081,***
-15_10,1,≤10 °C,≤10 °C,cold,28,6,(6) agem^weekday + agem^year^month,2642643,-0.167792,0.0181326,2.17e-20,-16.7792,-20.3331,-13.2252,***
-15_10,1,≤10 °C,≤10 °C,cold,28,7,(7) agem^year^month + date,2643528,0.0228225,0.0254397,0.37,2.28225,-2.70394,7.26843,
-15_10,1,≤10 °C,≤10 °C,cold,29,1,(1) agem + date,2761626,-0.0315485,0.0339915,0.353,-3.15485,-9.81718,3.50747,
-15_10,1,≤10 °C,≤10 °C,cold,29,2,(2) agem^yday + agem^year + date,2738859,-0.0295034,0.0411314,0.473,-2.95034,-11.0121,5.11141,
-15_10,1,≤10 °C,≤10 °C,cold,29,3,(3) agem^week + state^year + weekday,2748411,-0.225878,0.0411506,4.04e-8,-22.5878,-30.6533,-14.5223,***
-15_10,1,≤10 °C,≤10 °C,cold,29,4,(4) agem + state^year + yday + weekday,2761626,-0.074634,0.0237295,0.00166,-7.4634,-12.1144,-2.81243,***
-15_10,1,≤10 °C,≤10 °C,cold,29,5,(5) agem^year^month + weekday,2643528,-0.172335,0.0183053,4.7500000000000005e-21,-17.2335,-20.8214,-13.6457,***
-15_10,1,≤10 °C,≤10 °C,cold,29,6,(6) agem^weekday + agem^year^month,2642643,-0.172732,0.0182305,2.67e-21,-17.2732,-20.8464,-13.7,***
-15_10,1,≤10 °C,≤10 °C,cold,29,7,(7) agem^year^month + date,2643528,0.0184628,0.0256289,0.471,1.84628,-3.17698,6.86955,
-15_10,1,≤10 °C,≤10 °C,cold,30,1,(1) agem + date,2761626,-0.025757,0.036451,0.48,-2.5757,-9.7201,4.56869,
-15_10,1,≤10 °C,≤10 °C,cold,30,2,(2) agem^yday + agem^year + date,2738859,-0.0262851,0.0427663,0.539,-2.62851,-11.0107,5.75368,
-15_10,1,≤10 °C,≤10 °C,cold,30,3,(3) agem^week + state^year + weekday,2748411,-0.222797,0.043766,3.57e-7,-22.2797,-30.8578,-13.7015,***
-15_10,1,≤10 °C,≤10 °C,cold,30,4,(4) agem + state^year + yday + weekday,2761626,-0.0605861,0.0257818,0.0188,-6.05861,-11.1118,-1.00538,**
-15_10,1,≤10 °C,≤10 °C,cold,30,5,(5) agem^year^month + weekday,2643528,-0.159689,0.0187005,1.35e-17,-15.9689,-19.6342,-12.3036,***
-15_10,1,≤10 °C,≤10 °C,cold,30,6,(6) agem^weekday + agem^year^month,2642643,-0.160416,0.0186092,6.68e-18,-16.0416,-19.689,-12.3942,***
-15_10,1,≤10 °C,≤10 °C,cold,30,7,(7) agem^year^month + date,2643528,0.0251827,0.0260394,0.333,2.51827,-2.58546,7.622,
10_15,2,10–15 °C,10–15 °C,cold,0,1,(1) agem + date,2761626,-0.0379109,0.00345314,4.84e-28,-3.79109,-4.46791,-3.11428,***
10_15,2,10–15 °C,10–15 °C,cold,0,2,(2) agem^yday + agem^year + date,2738859,-0.0374055,0.00342085,7.8799999999999995e-28,-3.74055,-4.41104,-3.07007,***
10_15,2,10–15 °C,10–15 °C,cold,0,3,(3) agem^week + state^year + weekday,2748411,-0.0589933,0.00308568,1.7699999999999996e-81,-5.89933,-6.50413,-5.29454,***
10_15,2,10–15 °C,10–15 °C,cold,0,4,(4) agem + state^year + yday + weekday,2761626,-0.0562802,0.00271094,9.879999999999997e-96,-5.62802,-6.15936,-5.09667,***
10_15,2,10–15 °C,10–15 °C,cold,0,5,(5) agem^year^month + weekday,2643528,-0.0540445,0.00250078,1.4099999999999996e-103,-5.40445,-5.89461,-4.9143,***
10_15,2,10–15 °C,10–15 °C,cold,0,6,(6) agem^weekday + agem^year^month,2642643,-0.053388,0.00246422,4.359999999999999e-104,-5.3388,-5.82179,-4.85582,***
10_15,2,10–15 °C,10–15 °C,cold,0,7,(7) agem^year^month + date,2643528,-0.033414,0.00295434,1.1700000000000001e-29,-3.3414,-3.92045,-2.76235,***
10_15,2,10–15 °C,10–15 °C,cold,1,1,(1) agem + date,2761626,-0.0529296,0.00455493,3.25e-31,-5.29296,-6.18573,-4.4002,***
10_15,2,10–15 °C,10–15 °C,cold,1,2,(2) agem^yday + agem^year + date,2738859,-0.0521285,0.00411849,1.02e-36,-5.21285,-6.02007,-4.40563,***
10_15,2,10–15 °C,10–15 °C,cold,1,3,(3) agem^week + state^year + weekday,2748411,-0.080522,0.00368314,5.929999999999998e-106,-8.0522,-8.77409,-7.3303,***
10_15,2,10–15 °C,10–15 °C,cold,1,4,(4) agem + state^year + yday + weekday,2761626,-0.0759438,0.00335745,2.7899999999999995e-113,-7.59438,-8.25244,-6.93632,***
10_15,2,10–15 °C,10–15 °C,cold,1,5,(5) agem^year^month + weekday,2643528,-0.0732554,0.00281425,2.26e-149,-7.32554,-7.87713,-6.77395,***
10_15,2,10–15 °C,10–15 °C,cold,1,6,(6) agem^weekday + agem^year^month,2642643,-0.0718934,0.00280412,5.679999999999998e-145,-7.18934,-7.73895,-6.63974,***
10_15,2,10–15 °C,10–15 °C,cold,1,7,(7) agem^year^month + date,2643528,-0.0458515,0.00368751,1.6999999999999999e-35,-4.58515,-5.3079,-3.86239,***
10_15,2,10–15 °C,10–15 °C,cold,2,1,(1) agem + date,2761626,-0.0525612,0.00519524,4.64e-24,-5.25612,-6.27438,-4.23785,***
10_15,2,10–15 °C,10–15 °C,cold,2,2,(2) agem^yday + agem^year + date,2738859,-0.0517903,0.00449146,9.22e-31,-5.17903,-6.05935,-4.2987,***
10_15,2,10–15 °C,10–15 °C,cold,2,3,(3) agem^week + state^year + weekday,2748411,-0.0842042,0.00426356,8.059999999999997e-87,-8.42042,-9.25607,-7.58476,***
10_15,2,10–15 °C,10–15 °C,cold,2,4,(4) agem + state^year + yday + weekday,2761626,-0.0786013,0.00401483,2.3899999999999995e-85,-7.86013,-8.64704,-7.07322,***
10_15,2,10–15 °C,10–15 °C,cold,2,5,(5) agem^year^month + weekday,2643528,-0.075568,0.00331423,4.469999999999999e-115,-7.5568,-8.20639,-6.90721,***
10_15,2,10–15 °C,10–15 °C,cold,2,6,(6) agem^weekday + agem^year^month,2642643,-0.074271,0.00329092,8.839999999999998e-113,-7.4271,-8.07212,-6.78208,***
10_15,2,10–15 °C,10–15 °C,cold,2,7,(7) agem^year^month + date,2643528,-0.0434196,0.00419931,4.66e-25,-4.34196,-5.16503,-3.5189,***
10_15,2,10–15 °C,10–15 °C,cold,3,1,(1) agem + date,2761626,-0.05631,0.00573412,9.219999999999999e-23,-5.631,-6.75488,-4.50711,***
10_15,2,10–15 °C,10–15 °C,cold,3,2,(2) agem^yday + agem^year + date,2738859,-0.0554336,0.00532149,2.08e-25,-5.54336,-6.58637,-4.50035,***
10_15,2,10–15 °C,10–15 °C,cold,3,3,(3) agem^week + state^year + weekday,2748411,-0.091684,0.0051573,1.0599999999999998e-70,-9.1684,-10.1792,-8.15757,***
10_15,2,10–15 °C,10–15 °C,cold,3,4,(4) agem + state^year + yday + weekday,2761626,-0.0854998,0.00453152,2.0999999999999996e-79,-8.54998,-9.43815,-7.6618,***
10_15,2,10–15 °C,10–15 °C,cold,3,5,(5) agem^year^month + weekday,2643528,-0.0828716,0.00370748,1.1399999999999998e-110,-8.28716,-9.01383,-7.5605,***
10_15,2,10–15 °C,10–15 °C,cold,3,6,(6) agem^weekday + agem^year^month,2642643,-0.0823379,0.00367889,5.999999999999999e-111,-8.23379,-8.95486,-7.51273,***
10_15,2,10–15 °C,10–15 °C,cold,3,7,(7) agem^year^month + date,2643528,-0.0458143,0.00447349,1.3e-24,-4.58143,-5.45824,-3.70463,***
10_15,2,10–15 °C,10–15 °C,cold,4,1,(1) agem + date,2761626,-0.0569676,0.00633983,2.57e-19,-5.69676,-6.93937,-4.45415,***
10_15,2,10–15 °C,10–15 °C,cold,4,2,(2) agem^yday + agem^year + date,2738859,-0.0557427,0.00573523,2.49e-22,-5.57427,-6.69837,-4.45016,***
10_15,2,10–15 °C,10–15 °C,cold,4,3,(3) agem^week + state^year + weekday,2748411,-0.096759,0.00556516,1.04e-67,-9.6759,-10.7667,-8.58513,***
10_15,2,10–15 °C,10–15 °C,cold,4,4,(4) agem + state^year + yday + weekday,2761626,-0.0898098,0.00511461,5.039999999999999e-69,-8.98098,-9.98344,-7.97851,***
10_15,2,10–15 °C,10–15 °C,cold,4,5,(5) agem^year^month + weekday,2643528,-0.0873294,0.00421948,3.709999999999999e-95,-8.73294,-9.55996,-7.90592,***
10_15,2,10–15 °C,10–15 °C,cold,4,6,(6) agem^weekday + agem^year^month,2642643,-0.0868806,0.00428289,1.73e-91,-8.68806,-9.52751,-7.84862,***
10_15,2,10–15 °C,10–15 °C,cold,4,7,(7) agem^year^month + date,2643528,-0.0448465,0.00501884,4.05e-19,-4.48465,-5.46834,-3.50095,***
10_15,2,10–15 °C,10–15 °C,cold,5,1,(1) agem + date,2761626,-0.0521761,0.00680545,1.76e-14,-5.21761,-6.55148,-3.88374,***
10_15,2,10–15 °C,10–15 °C,cold,5,2,(2) agem^yday + agem^year + date,2738859,-0.0505569,0.00647175,5.63e-15,-5.05569,-6.32415,-3.78722,***
10_15,2,10–15 °C,10–15 °C,cold,5,3,(3) agem^week + state^year + weekday,2748411,-0.0922407,0.00616098,1.12e-50,-9.22407,-10.4316,-8.01651,***
10_15,2,10–15 °C,10–15 °C,cold,5,4,(4) agem + state^year + yday + weekday,2761626,-0.0845826,0.00510428,1.13e-61,-8.45826,-9.4587,-7.45782,***
10_15,2,10–15 °C,10–15 °C,cold,5,5,(5) agem^year^month + weekday,2643528,-0.0824262,0.0039326,1.5299999999999997e-97,-8.24262,-9.01341,-7.47183,***
10_15,2,10–15 °C,10–15 °C,cold,5,6,(6) agem^weekday + agem^year^month,2642643,-0.0821073,0.00396542,3.069999999999999e-95,-8.21073,-8.98795,-7.4335,***
10_15,2,10–15 °C,10–15 °C,cold,5,7,(7) agem^year^month + date,2643528,-0.0381775,0.00502862,3.15e-14,-3.81775,-4.80336,-2.83214,***
10_15,2,10–15 °C,10–15 °C,cold,6,1,(1) agem + date,2761626,-0.0568971,0.00749597,3.19e-14,-5.68971,-7.15892,-4.2205,***
10_15,2,10–15 °C,10–15 °C,cold,6,2,(2) agem^yday + agem^year + date,2738859,-0.0550068,0.00761807,5.18e-13,-5.50068,-6.99382,-4.00754,***
10_15,2,10–15 °C,10–15 °C,cold,6,3,(3) agem^week + state^year + weekday,2748411,-0.0968269,0.00724717,1.0299999999999999e-40,-9.68269,-11.1031,-8.26224,***
10_15,2,10–15 °C,10–15 °C,cold,6,4,(4) agem + state^year + yday + weekday,2761626,-0.0874226,0.00594631,6.26e-49,-8.74226,-9.90773,-7.57678,***
10_15,2,10–15 °C,10–15 °C,cold,6,5,(5) agem^year^month + weekday,2643528,-0.087032,0.00520365,8.589999999999998e-63,-8.7032,-9.72311,-7.68328,***
10_15,2,10–15 °C,10–15 °C,cold,6,6,(6) agem^weekday + agem^year^month,2642643,-0.0867839,0.0051477,9.049999999999999e-64,-8.67839,-9.68734,-7.66944,***
10_15,2,10–15 °C,10–15 °C,cold,6,7,(7) agem^year^month + date,2643528,-0.0412279,0.00615195,2.06e-11,-4.12279,-5.32857,-2.917,***
10_15,2,10–15 °C,10–15 °C,cold,7,1,(1) agem + date,2761626,-0.053233,0.00824855,1.09e-10,-5.3233,-6.94001,-3.70658,***
10_15,2,10–15 °C,10–15 °C,cold,7,2,(2) agem^yday + agem^year + date,2738859,-0.0506658,0.00828064,9.44e-10,-5.06658,-6.68958,-3.44357,***
10_15,2,10–15 °C,10–15 °C,cold,7,3,(3) agem^week + state^year + weekday,2748411,-0.092982,0.00782304,1.4099999999999998e-32,-9.2982,-10.8315,-7.76488,***
10_15,2,10–15 °C,10–15 °C,cold,7,4,(4) agem + state^year + yday + weekday,2761626,-0.0824478,0.00630308,4.25e-39,-8.24478,-9.48019,-7.00938,***
10_15,2,10–15 °C,10–15 °C,cold,7,5,(5) agem^year^month + weekday,2643528,-0.08408,0.00523878,5.76e-58,-8.408,-9.4348,-7.3812,***
10_15,2,10–15 °C,10–15 °C,cold,7,6,(6) agem^weekday + agem^year^month,2642643,-0.0831074,0.00525328,2.2599999999999997e-56,-8.31074,-9.34038,-7.2811,***
10_15,2,10–15 °C,10–15 °C,cold,7,7,(7) agem^year^month + date,2643528,-0.036138000000000003,0.0063605,1.33e-8,-3.6138,-4.86046,-2.36714,***
10_15,2,10–15 °C,10–15 °C,cold,8,1,(1) agem + date,2761626,-0.0548999,0.00895614,8.8e-10,-5.48999,-7.24539,-3.73459,***
10_15,2,10–15 °C,10–15 °C,cold,8,2,(2) agem^yday + agem^year + date,2738859,-0.0525786,0.00913381,8.59e-9,-5.25786,-7.04809,-3.46763,***
10_15,2,10–15 °C,10–15 °C,cold,8,3,(3) agem^week + state^year + weekday,2748411,-0.0955178,0.00851511,3.35e-29,-9.55178,-11.2207,-7.88282,***
10_15,2,10–15 °C,10–15 °C,cold,8,4,(4) agem + state^year + yday + weekday,2761626,-0.0846553,0.00678922,1.1e-35,-8.46553,-9.79622,-7.13485,***
10_15,2,10–15 °C,10–15 °C,cold,8,5,(5) agem^year^month + weekday,2643528,-0.0880397,0.00558465,5.449999999999999e-56,-8.80397,-9.89856,-7.70938,***
10_15,2,10–15 °C,10–15 °C,cold,8,6,(6) agem^weekday + agem^year^month,2642643,-0.0862632,0.00555974,2.72e-54,-8.62632,-9.71603,-7.53661,***
10_15,2,10–15 °C,10–15 °C,cold,8,7,(7) agem^year^month + date,2643528,-0.0361897,0.00696713,2.05e-7,-3.61897,-4.98453,-2.25342,***
10_15,2,10–15 °C,10–15 °C,cold,9,1,(1) agem + date,2761626,-0.0551123,0.00924806,2.53e-9,-5.51123,-7.32385,-3.69861,***
10_15,2,10–15 °C,10–15 °C,cold,9,2,(2) agem^yday + agem^year + date,2738859,-0.0522521,0.00935279,2.31e-8,-5.22521,-7.05836,-3.39206,***
10_15,2,10–15 °C,10–15 °C,cold,9,3,(3) agem^week + state^year + weekday,2748411,-0.0957235,0.00893821,9.190000000000001e-27,-9.57235,-11.3242,-7.82047,***
10_15,2,10–15 °C,10–15 °C,cold,9,4,(4) agem + state^year + yday + weekday,2761626,-0.08402,0.00699179,2.89e-33,-8.402,-9.77239,-7.03161,***
10_15,2,10–15 °C,10–15 °C,cold,9,5,(5) agem^year^month + weekday,2643528,-0.0894374,0.00546081,2.7399999999999997e-60,-8.94374,-10.0141,-7.87342,***
10_15,2,10–15 °C,10–15 °C,cold,9,6,(6) agem^weekday + agem^year^month,2642643,-0.0876968,0.00545453,3.6500000000000005e-58,-8.76968,-9.83877,-7.7006,***
10_15,2,10–15 °C,10–15 °C,cold,9,7,(7) agem^year^month + date,2643528,-0.0348976,0.00691971,4.58e-7,-3.48976,-4.84603,-2.1335,***
10_15,2,10–15 °C,10–15 °C,cold,10,1,(1) agem + date,2761626,-0.0474273,0.00935257,3.96e-7,-4.74273,-6.57584,-2.90963,***
10_15,2,10–15 °C,10–15 °C,cold,10,2,(2) agem^yday + agem^year + date,2738859,-0.0451505,0.0102324,1.02e-5,-4.51505,-6.5206,-2.50949,***
10_15,2,10–15 °C,10–15 °C,cold,10,3,(3) agem^week + state^year + weekday,2748411,-0.0889346,0.00974238,6.94e-20,-8.89346,-10.803,-6.98396,***
10_15,2,10–15 °C,10–15 °C,cold,10,4,(4) agem + state^year + yday + weekday,2761626,-0.0759691,0.00720107,5.1000000000000005e-26,-7.59691,-9.00832,-6.1855,***
10_15,2,10–15 °C,10–15 °C,cold,10,5,(5) agem^year^month + weekday,2643528,-0.0839415,0.00609817,4.1399999999999995e-43,-8.39415,-9.5894,-7.19891,***
10_15,2,10–15 °C,10–15 °C,cold,10,6,(6) agem^weekday + agem^year^month,2642643,-0.0829789,0.00607878,1.9999999999999998e-42,-8.29789,-9.48934,-7.10645,***
10_15,2,10–15 °C,10–15 °C,cold,10,7,(7) agem^year^month + date,2643528,-0.0259716,0.00760107,6.34e-4,-2.59716,-4.08697,-1.10735,***
10_15,2,10–15 °C,10–15 °C,cold,11,1,(1) agem + date,2761626,-0.0472289,0.00926537,3.44e-7,-4.72289,-6.5389,-2.90687,***
10_15,2,10–15 °C,10–15 °C,cold,11,2,(2) agem^yday + agem^year + date,2738859,-0.0457138,0.0104898,1.31e-5,-4.5713800000000004,-6.62739,-2.51536,***
10_15,2,10–15 °C,10–15 °C,cold,11,3,(3) agem^week + state^year + weekday,2748411,-0.0875685,0.010242,1.23e-17,-8.75685,-10.7643,-6.74942,***
10_15,2,10–15 °C,10–15 °C,cold,11,4,(4) agem + state^year + yday + weekday,2761626,-0.073066,0.00731132,1.6299999999999997e-23,-7.3066,-8.73962,-5.87358,***
10_15,2,10–15 °C,10–15 °C,cold,11,5,(5) agem^year^month + weekday,2643528,-0.0839835,0.0061227,8.059999999999999e-43,-8.39835,-9.5984,-7.1983,***
10_15,2,10–15 °C,10–15 °C,cold,11,6,(6) agem^weekday + agem^year^month,2642643,-0.0830425,0.00615391,1.6899999999999999e-41,-8.30425,-9.51041,-7.09808,***
10_15,2,10–15 °C,10–15 °C,cold,11,7,(7) agem^year^month + date,2643528,-0.0242966,0.00756424,0.00132,-2.42966,-3.91225,-0.94707,***
10_15,2,10–15 °C,10–15 °C,cold,12,1,(1) agem + date,2761626,-0.0444771,0.00982824,6.03e-6,-4.44771,-6.37404,-2.52137,***
10_15,2,10–15 °C,10–15 °C,cold,12,2,(2) agem^yday + agem^year + date,2738859,-0.0431628,0.0114791,1.7e-4,-4.31628,-6.56619,-2.06636,***
10_15,2,10–15 °C,10–15 °C,cold,12,3,(3) agem^week + state^year + weekday,2748411,-0.0830952,0.0112606,1.59e-13,-8.30952,-10.5166,-6.10244,***
10_15,2,10–15 °C,10–15 °C,cold,12,4,(4) agem + state^year + yday + weekday,2761626,-0.068088,0.00755066,1.92e-19,-6.8088,-8.28872,-5.32887,***
10_15,2,10–15 °C,10–15 °C,cold,12,5,(5) agem^year^month + weekday,2643528,-0.0815789,0.00627335,1.16e-38,-8.15789,-9.38747,-6.92832,***
10_15,2,10–15 °C,10–15 °C,cold,12,6,(6) agem^weekday + agem^year^month,2642643,-0.0806949,0.00629613,1.3199999999999999e-37,-8.06949,-9.30353,-6.83544,***
10_15,2,10–15 °C,10–15 °C,cold,12,7,(7) agem^year^month + date,2643528,-0.0202002,0.00766698,0.00842,-2.02002,-3.52275,-0.517295,***
10_15,2,10–15 °C,10–15 °C,cold,13,1,(1) agem + date,2761626,-0.0438804,0.0102998,2.04e-5,-4.38804,-6.40679,-2.36929,***
10_15,2,10–15 °C,10–15 °C,cold,13,2,(2) agem^yday + agem^year + date,2738859,-0.0424284,0.0122811,5.51e-4,-4.24284,-6.64993,-1.83575,***
10_15,2,10–15 °C,10–15 °C,cold,13,3,(3) agem^week + state^year + weekday,2748411,-0.0817079,0.0120874,1.38e-11,-8.17079,-10.5399,-5.80167,***
10_15,2,10–15 °C,10–15 °C,cold,13,4,(4) agem + state^year + yday + weekday,2761626,-0.065689,0.00790826,9.87e-17,-6.5689,-8.11892,-5.01888,***
10_15,2,10–15 °C,10–15 °C,cold,13,5,(5) agem^year^month + weekday,2643528,-0.0828674,0.00701848,3.5899999999999995e-32,-8.28674,-9.66237,-6.91112,***
10_15,2,10–15 °C,10–15 °C,cold,13,6,(6) agem^weekday + agem^year^month,2642643,-0.082185,0.00697928,5.219999999999999e-32,-8.2185,-9.58644,-6.85056,***
10_15,2,10–15 °C,10–15 °C,cold,13,7,(7) agem^year^month + date,2643528,-0.0181229,0.00849037,0.0328,-1.81229,-3.47641,-0.148178,**
10_15,2,10–15 °C,10–15 °C,cold,14,1,(1) agem + date,2761626,-0.0449331,0.0109632,4.16e-5,-4.49331,-6.6421,-2.34452,***
10_15,2,10–15 °C,10–15 °C,cold,14,2,(2) agem^yday + agem^year + date,2738859,-0.0450465,0.0132105,6.5e-4,-4.50465,-7.09391,-1.91539,***
10_15,2,10–15 °C,10–15 °C,cold,14,3,(3) agem^week + state^year + weekday,2748411,-0.0858579,0.0128513,2.37e-11,-8.58579,-11.1046,-6.06694,***
10_15,2,10–15 °C,10–15 °C,cold,14,4,(4) agem + state^year + yday + weekday,2761626,-0.0673743,0.00844841,1.53e-15,-6.73743,-8.39332,-5.08154,***
10_15,2,10–15 °C,10–15 °C,cold,14,5,(5) agem^year^month + weekday,2643528,-0.0896358,0.00766781,1.44e-31,-8.96358,-10.4665,-7.46069,***
10_15,2,10–15 °C,10–15 °C,cold,14,6,(6) agem^weekday + agem^year^month,2642643,-0.0882854,0.00765073,8.34e-31,-8.82854,-10.3281,-7.32899,***
10_15,2,10–15 °C,10–15 °C,cold,14,7,(7) agem^year^month + date,2643528,-0.0177681,0.00933375,0.057,-1.77681,-3.60622,0.052609,*
10_15,2,10–15 °C,10–15 °C,cold,15,1,(1) agem + date,2761626,-0.0434827,0.0108845,6.47e-5,-4.34827,-6.48164,-2.2149,***
10_15,2,10–15 °C,10–15 °C,cold,15,2,(2) agem^yday + agem^year + date,2738859,-0.0431297,0.0137971,0.00177,-4.31297,-7.01721,-1.60873,***
10_15,2,10–15 °C,10–15 °C,cold,15,3,(3) agem^week + state^year + weekday,2748411,-0.0873286,0.0137155,1.93e-10,-8.73286,-11.4211,-6.04462,***
10_15,2,10–15 °C,10–15 °C,cold,15,4,(4) agem + state^year + yday + weekday,2761626,-0.0651506,0.00842004,1.01e-14,-6.51506,-8.16539,-4.86474,***
10_15,2,10–15 °C,10–15 °C,cold,15,5,(5) agem^year^month + weekday,2643528,-0.0929325,0.007432,7.07e-36,-9.29325,-10.7499,-7.83658,***
10_15,2,10–15 °C,10–15 °C,cold,15,6,(6) agem^weekday + agem^year^month,2642643,-0.0907956,0.00739512,1.19e-34,-9.07956,-10.529,-7.63012,***
10_15,2,10–15 °C,10–15 °C,cold,15,7,(7) agem^year^month + date,2643528,-0.015408,0.00883209,0.0811,-1.5408,-3.27189,0.190286,*
10_15,2,10–15 °C,10–15 °C,cold,16,1,(1) agem + date,2761626,-0.0434874,0.0112491,1.11e-4,-4.34874,-6.55356,-2.14393,***
10_15,2,10–15 °C,10–15 °C,cold,16,2,(2) agem^yday + agem^year + date,2738859,-0.0439509,0.014258,0.00205,-4.39509,-7.18965,-1.60053,***
10_15,2,10–15 °C,10–15 °C,cold,16,3,(3) agem^week + state^year + weekday,2748411,-0.0887845,0.0142772,5.01e-10,-8.87845,-11.6768,-6.08013,***
10_15,2,10–15 °C,10–15 °C,cold,16,4,(4) agem + state^year + yday + weekday,2761626,-0.0644826,0.0087518,1.73e-13,-6.44826,-8.16362,-4.73291,***
10_15,2,10–15 °C,10–15 °C,cold,16,5,(5) agem^year^month + weekday,2643528,-0.0970473,0.00799317,6.38e-34,-9.70473,-11.2714,-8.13807,***
10_15,2,10–15 °C,10–15 °C,cold,16,6,(6) agem^weekday + agem^year^month,2642643,-0.0949981,0.00797872,1.1e-32,-9.49981,-11.0636,-7.93598,***
10_15,2,10–15 °C,10–15 °C,cold,16,7,(7) agem^year^month + date,2643528,-0.0143184,0.00960272,0.136,-1.43184,-3.31398,0.450289,
10_15,2,10–15 °C,10–15 °C,cold,17,1,(1) agem + date,2761626,-0.0399036,0.0111669,3.52e-4,-3.99036,-6.17907,-1.80165,***
10_15,2,10–15 °C,10–15 °C,cold,17,2,(2) agem^yday + agem^year + date,2738859,-0.0406563,0.0147301,0.00578,-4.06563,-6.95272,-1.17853,***
10_15,2,10–15 °C,10–15 °C,cold,17,3,(3) agem^week + state^year + weekday,2748411,-0.0858758,0.0148327,7.05e-9,-8.58758,-11.4948,-5.68038,***
10_15,2,10–15 °C,10–15 °C,cold,17,4,(4) agem + state^year + yday + weekday,2761626,-0.0609723,0.00888452,6.75e-12,-6.09723,-7.83859,-4.35586,***
10_15,2,10–15 °C,10–15 °C,cold,17,5,(5) agem^year^month + weekday,2643528,-0.0970279,0.0082452,5.72e-32,-9.70279,-11.3189,-8.08673,***
10_15,2,10–15 °C,10–15 °C,cold,17,6,(6) agem^weekday + agem^year^month,2642643,-0.0958364,0.00818222,1.0999999999999998e-31,-9.58364,-11.1874,-7.97993,***
10_15,2,10–15 °C,10–15 °C,cold,17,7,(7) agem^year^month + date,2643528,-0.0100242,0.0100013,0.316,-1.00242,-2.96267,0.957841,
10_15,2,10–15 °C,10–15 °C,cold,18,1,(1) agem + date,2761626,-0.0431033,0.0109904,8.79e-5,-4.31033,-6.46445,-2.1562,***
10_15,2,10–15 °C,10–15 °C,cold,18,2,(2) agem^yday + agem^year + date,2738859,-0.0446509,0.0149516,0.00282,-4.46509,-7.3956,-1.53458,***
10_15,2,10–15 °C,10–15 °C,cold,18,3,(3) agem^week + state^year + weekday,2748411,-0.0858324,0.015499,3.06e-8,-8.58324,-11.621,-5.54544,***
10_15,2,10–15 °C,10–15 °C,cold,18,4,(4) agem + state^year + yday + weekday,2761626,-0.0609888,0.00903763,1.5e-11,-6.09888,-7.87025,-4.3275,***
10_15,2,10–15 °C,10–15 °C,cold,18,5,(5) agem^year^month + weekday,2643528,-0.0989454,0.00804681,9.489999999999999e-35,-9.89454,-11.4717,-8.31737,***
10_15,2,10–15 °C,10–15 °C,cold,18,6,(6) agem^weekday + agem^year^month,2642643,-0.0976035,0.00801514,4.0999999999999995e-34,-9.76035,-11.3313,-8.18938,***
10_15,2,10–15 °C,10–15 °C,cold,18,7,(7) agem^year^month + date,2643528,-0.0124418,0.00976734,0.203,-1.24418,-3.15858,0.670219,
10_15,2,10–15 °C,10–15 °C,cold,19,1,(1) agem + date,2761626,-0.0397547,0.0109251,2.74e-4,-3.97547,-6.11679,-1.83416,***
10_15,2,10–15 °C,10–15 °C,cold,19,2,(2) agem^yday + agem^year + date,2738859,-0.0424002,0.0153123,0.00562,-4.24002,-7.24123,-1.2388,***
10_15,2,10–15 °C,10–15 °C,cold,19,3,(3) agem^week + state^year + weekday,2748411,-0.0817234,0.0160887,3.78e-7,-8.17234,-11.3257,-5.01895,***
10_15,2,10–15 °C,10–15 °C,cold,19,4,(4) agem + state^year + yday + weekday,2761626,-0.05495,0.00919304,2.27e-9,-5.495,-7.29684,-3.69316,***
10_15,2,10–15 °C,10–15 °C,cold,19,5,(5) agem^year^month + weekday,2643528,-0.0965648,0.00849425,6.02e-30,-9.65648,-11.3214,-7.99161,***
10_15,2,10–15 °C,10–15 °C,cold,19,6,(6) agem^weekday + agem^year^month,2642643,-0.0954687,0.00850308,2.99e-29,-9.54687,-11.2135,-7.88027,***
10_15,2,10–15 °C,10–15 °C,cold,19,7,(7) agem^year^month + date,2643528,-0.00824911,0.0107735,0.444,-0.824911,-2.93652,1.2867,
10_15,2,10–15 °C,10–15 °C,cold,20,1,(1) agem + date,2761626,-0.0380777,0.0112037,6.77e-4,-3.80777,-6.0037,-1.61184,***
10_15,2,10–15 °C,10–15 °C,cold,20,2,(2) agem^yday + agem^year + date,2738859,-0.0403226,0.0158983,0.0112,-4.03226,-7.14832,-0.916196,**
10_15,2,10–15 °C,10–15 °C,cold,20,3,(3) agem^week + state^year + weekday,2748411,-0.0788789,0.0166767,2.25e-6,-7.88789,-11.1565,-4.61926,***
10_15,2,10–15 °C,10–15 °C,cold,20,4,(4) agem + state^year + yday + weekday,2761626,-0.049819,0.00907748,4.06e-8,-4.9819,-6.76108,-3.20271,***
10_15,2,10–15 °C,10–15 °C,cold,20,5,(5) agem^year^month + weekday,2643528,-0.0959756,0.00843938,5.7399999999999995e-30,-9.59756,-11.2517,-7.94344,***
10_15,2,10–15 °C,10–15 °C,cold,20,6,(6) agem^weekday + agem^year^month,2642643,-0.0952114,0.0083876,7.289999999999999e-30,-9.52114,-11.1651,-7.87717,***
10_15,2,10–15 °C,10–15 °C,cold,20,7,(7) agem^year^month + date,2643528,-0.00527896,0.0112877,0.64,-0.527896,-2.74029,1.6845,
10_15,2,10–15 °C,10–15 °C,cold,21,1,(1) agem + date,2761626,-0.0408263,0.0116891,4.78e-4,-4.08263,-6.3737,-1.79156,***
10_15,2,10–15 °C,10–15 °C,cold,21,2,(2) agem^yday + agem^year + date,2738859,-0.0436216,0.0169328,0.00999,-4.36216,-7.68099,-1.04333,***
10_15,2,10–15 °C,10–15 °C,cold,21,3,(3) agem^week + state^year + weekday,2748411,-0.08223,0.0178065,3.87e-6,-8.223,-11.7131,-4.73294,***
10_15,2,10–15 °C,10–15 °C,cold,21,4,(4) agem + state^year + yday + weekday,2761626,-0.0506721,0.00971864,1.85e-7,-5.06721,-6.97207,-3.16236,***
10_15,2,10–15 °C,10–15 °C,cold,21,5,(5) agem^year^month + weekday,2643528,-0.102137,0.0090644,1.8900000000000002e-29,-10.2137,-11.9903,-8.43705,***
10_15,2,10–15 °C,10–15 °C,cold,21,6,(6) agem^weekday + agem^year^month,2642643,-0.100757,0.00900722,4.7600000000000004e-29,-10.0757,-11.8412,-8.31033,***
10_15,2,10–15 °C,10–15 °C,cold,21,7,(7) agem^year^month + date,2643528,-0.00723187,0.0117495,0.538,-0.723187,-3.02609,1.57972,
10_15,2,10–15 °C,10–15 °C,cold,22,1,(1) agem + date,2761626,-0.0385327,0.0119691,0.00128,-3.85327,-6.19922,-1.50732,***
10_15,2,10–15 °C,10–15 °C,cold,22,2,(2) agem^yday + agem^year + date,2738859,-0.0425371,0.0173288,0.0141,-4.25371,-7.65016,-0.857254,**
10_15,2,10–15 °C,10–15 °C,cold,22,3,(3) agem^week + state^year + weekday,2748411,-0.0812915,0.0183068,8.97e-6,-8.12915,-11.7173,-4.54102,***
10_15,2,10–15 °C,10–15 °C,cold,22,4,(4) agem + state^year + yday + weekday,2761626,-0.04883,0.00996237,9.51e-7,-4.883,-6.83562,-2.93037,***
10_15,2,10–15 °C,10–15 °C,cold,22,5,(5) agem^year^month + weekday,2643528,-0.103957,0.00919299,1.1900000000000001e-29,-10.3957,-12.1975,-8.59387,***
10_15,2,10–15 °C,10–15 °C,cold,22,6,(6) agem^weekday + agem^year^month,2642643,-0.101627,0.00910272,6.09e-29,-10.1627,-11.9468,-8.37853,***
10_15,2,10–15 °C,10–15 °C,cold,22,7,(7) agem^year^month + date,2643528,-0.00410704,0.0120375,0.733,-0.410704,-2.77005,1.94865,
10_15,2,10–15 °C,10–15 °C,cold,23,1,(1) agem + date,2761626,-0.0370933,0.0118278,0.00171,-3.70933,-6.02757,-1.39108,***
10_15,2,10–15 °C,10–15 °C,cold,23,2,(2) agem^yday + agem^year + date,2738859,-0.0433085,0.0177507,0.0147,-4.33085,-7.80998,-0.851707,**
10_15,2,10–15 °C,10–15 °C,cold,23,3,(3) agem^week + state^year + weekday,2748411,-0.0815262,0.0188789,1.57e-5,-8.15262,-11.8529,-4.45236,***
10_15,2,10–15 °C,10–15 °C,cold,23,4,(4) agem + state^year + yday + weekday,2761626,-0.0481133,0.00999223,1.47e-6,-4.81133,-6.7698,-2.85285,***
10_15,2,10–15 °C,10–15 °C,cold,23,5,(5) agem^year^month + weekday,2643528,-0.106583,0.0095432,5.81e-29,-10.6583,-12.5288,-8.78787,***
10_15,2,10–15 °C,10–15 °C,cold,23,6,(6) agem^weekday + agem^year^month,2642643,-0.104284,0.00944147,2.31e-28,-10.4284,-12.2789,-8.57784,***
10_15,2,10–15 °C,10–15 °C,cold,23,7,(7) agem^year^month + date,2643528,-0.0024066,0.0126521,0.849,-0.24066,-2.72047,2.23915,
10_15,2,10–15 °C,10–15 °C,cold,24,1,(1) agem + date,2761626,-0.0354728,0.0119205,0.00292,-3.54728,-5.88369,-1.21087,***
10_15,2,10–15 °C,10–15 °C,cold,24,2,(2) agem^yday + agem^year + date,2738859,-0.0446616,0.0186292,0.0165,-4.46616,-8.11748,-0.814851,**
10_15,2,10–15 °C,10–15 °C,cold,24,3,(3) agem^week + state^year + weekday,2748411,-0.080235,0.0196645,4.5e-5,-8.0235,-11.8777,-4.16926,***
10_15,2,10–15 °C,10–15 °C,cold,24,4,(4) agem + state^year + yday + weekday,2761626,-0.0445235,0.0103187,1.6e-5,-4.45235,-6.47481,-2.4299,***
10_15,2,10–15 °C,10–15 °C,cold,24,5,(5) agem^year^month + weekday,2643528,-0.107941,0.00948942,5.58e-30,-10.7941,-12.6541,-8.93422,***
10_15,2,10–15 °C,10–15 °C,cold,24,6,(6) agem^weekday + agem^year^month,2642643,-0.106475,0.00939876,9.47e-30,-10.6475,-12.4897,-8.80538,***
10_15,2,10–15 °C,10–15 °C,cold,24,7,(7) agem^year^month + date,2643528,-6.89969e-4,0.0126395,0.956,-0.0689969,-2.54635,2.40835,
10_15,2,10–15 °C,10–15 °C,cold,25,1,(1) agem + date,2761626,-0.0357821,0.0122595,0.00351,-3.57821,-5.98108,-1.17534,***
10_15,2,10–15 °C,10–15 °C,cold,25,2,(2) agem^yday + agem^year + date,2738859,-0.0459319,0.0190503,0.0159,-4.59319,-8.32705,-0.85933,**
10_15,2,10–15 °C,10–15 °C,cold,25,3,(3) agem^week + state^year + weekday,2748411,-0.0806506,0.0203173,7.2e-5,-8.06506,-12.0472,-4.08286,***
10_15,2,10–15 °C,10–15 °C,cold,25,4,(4) agem + state^year + yday + weekday,2761626,-0.0427157,0.0106731,6.28e-5,-4.27157,-6.36349,-2.17965,***
10_15,2,10–15 °C,10–15 °C,cold,25,5,(5) agem^year^month + weekday,2643528,-0.111243,0.00956987,3.0999999999999996e-31,-11.1243,-13,-9.24857,***
10_15,2,10–15 °C,10–15 °C,cold,25,6,(6) agem^weekday + agem^year^month,2642643,-0.109689,0.00951236,9.179999999999999e-31,-10.9689,-12.8334,-9.10452,***
10_15,2,10–15 °C,10–15 °C,cold,25,7,(7) agem^year^month + date,2643528,-7.29335e-4,0.0127761,0.954,-0.0729335,-2.57705,2.43119,
10_15,2,10–15 °C,10–15 °C,cold,26,1,(1) agem + date,2761626,-0.0371088,0.0124082,0.00278,-3.71088,-6.14288,-1.27887,***
10_15,2,10–15 °C,10–15 °C,cold,26,2,(2) agem^yday + agem^year + date,2738859,-0.0481038,0.0200525,0.0164,-4.81038,-8.74067,-0.88009,**
10_15,2,10–15 °C,10–15 °C,cold,26,3,(3) agem^week + state^year + weekday,2748411,-0.0824452,0.0210482,8.97e-5,-8.24452,-12.37,-4.11908,***
10_15,2,10–15 °C,10–15 °C,cold,26,4,(4) agem + state^year + yday + weekday,2761626,-0.0426275,0.0110496,1.14e-4,-4.26275,-6.42847,-2.09703,***
10_15,2,10–15 °C,10–15 °C,cold,26,5,(5) agem^year^month + weekday,2643528,-0.115738,0.00989095,1.2499999999999999e-31,-11.5738,-13.5124,-9.63514,***
10_15,2,10–15 °C,10–15 °C,cold,26,6,(6) agem^weekday + agem^year^month,2642643,-0.114388,0.0098587,3.99e-31,-11.4388,-13.3711,-9.50648,***
10_15,2,10–15 °C,10–15 °C,cold,26,7,(7) agem^year^month + date,2643528,-0.00160207,0.013396,0.905,-0.160207,-2.78583,2.46541,
10_15,2,10–15 °C,10–15 °C,cold,27,1,(1) agem + date,2761626,-0.0353108,0.0129151,0.00626,-3.53108,-6.06244,-0.999722,***
10_15,2,10–15 °C,10–15 °C,cold,27,2,(2) agem^yday + agem^year + date,2738859,-0.0473188,0.0205565,0.0213,-4.73188,-8.76096,-0.702797,**
10_15,2,10–15 °C,10–15 °C,cold,27,3,(3) agem^week + state^year + weekday,2748411,-0.0813976,0.0217234,1.79e-4,-8.13976,-12.3975,-3.88198,***
10_15,2,10–15 °C,10–15 °C,cold,27,4,(4) agem + state^year + yday + weekday,2761626,-0.0393037,0.0113641,5.43e-4,-3.93037,-6.15773,-1.70302,***
10_15,2,10–15 °C,10–15 °C,cold,27,5,(5) agem^year^month + weekday,2643528,-0.116864,0.0101987,2.13e-30,-11.6864,-13.6854,-9.68747,***
10_15,2,10–15 °C,10–15 °C,cold,27,6,(6) agem^weekday + agem^year^month,2642643,-0.116076,0.0101357,2.29e-30,-11.6076,-13.5942,-9.62098,***
10_15,2,10–15 °C,10–15 °C,cold,27,7,(7) agem^year^month + date,2643528,8.71449e-4,0.0136371,0.949,0.0871449,-2.58572,2.76001,
10_15,2,10–15 °C,10–15 °C,cold,28,1,(1) agem + date,2761626,-0.0344678,0.0131072,0.00855,-3.44678,-6.01579,-0.877759,***
10_15,2,10–15 °C,10–15 °C,cold,28,2,(2) agem^yday + agem^year + date,2738859,-0.0484289,0.0207127,0.0194,-4.84289,-8.90257,-0.783204,**
10_15,2,10–15 °C,10–15 °C,cold,28,3,(3) agem^week + state^year + weekday,2748411,-0.0821169,0.0222619,2.25e-4,-8.21169,-12.575,-3.84836,***
10_15,2,10–15 °C,10–15 °C,cold,28,4,(4) agem + state^year + yday + weekday,2761626,-0.0381789,0.0116286,0.00103,-3.81789,-6.09711,-1.53868,***
10_15,2,10–15 °C,10–15 °C,cold,28,5,(5) agem^year^month + weekday,2643528,-0.119001,0.0106056,3.23e-29,-11.9001,-13.9788,-9.82146,***
10_15,2,10–15 °C,10–15 °C,cold,28,6,(6) agem^weekday + agem^year^month,2642643,-0.117757,0.0105161,4.1800000000000003e-29,-11.7757,-13.8369,-9.71455,***
10_15,2,10–15 °C,10–15 °C,cold,28,7,(7) agem^year^month + date,2643528,0.00151163,0.0139898,0.914,0.151163,-2.59083,2.89316,
10_15,2,10–15 °C,10–15 °C,cold,29,1,(1) agem + date,2761626,-0.0379808,0.014007,0.0067,-3.79808,-6.54344,-1.05271,***
10_15,2,10–15 °C,10–15 °C,cold,29,2,(2) agem^yday + agem^year + date,2738859,-0.0539291,0.0218547,0.0136,-5.39291,-9.67643,-1.10939,**
10_15,2,10–15 °C,10–15 °C,cold,29,3,(3) agem^week + state^year + weekday,2748411,-0.0853225,0.0235177,2.86e-4,-8.53225,-13.1417,-3.92278,***
10_15,2,10–15 °C,10–15 °C,cold,29,4,(4) agem + state^year + yday + weekday,2761626,-0.0403208,0.0124059,0.00115,-4.03208,-6.46364,-1.60052,***
10_15,2,10–15 °C,10–15 °C,cold,29,5,(5) agem^year^month + weekday,2643528,-0.123517,0.0105638,1.3899999999999999e-31,-12.3517,-14.4222,-10.2812,***
10_15,2,10–15 °C,10–15 °C,cold,29,6,(6) agem^weekday + agem^year^month,2642643,-0.121388,0.0104439,3.16e-31,-12.1388,-14.1858,-10.0918,***
10_15,2,10–15 °C,10–15 °C,cold,29,7,(7) agem^year^month + date,2643528,-0.00246174,0.0138109,0.859,-0.246174,-2.95311,2.46076,
10_15,2,10–15 °C,10–15 °C,cold,30,1,(1) agem + date,2761626,-0.0319876,0.0152649,0.0361,-3.19876,-6.19068,-0.206834,**
10_15,2,10–15 °C,10–15 °C,cold,30,2,(2) agem^yday + agem^year + date,2738859,-0.0525389,0.0226744,0.0205,-5.25389,-9.69808,-0.809698,**
10_15,2,10–15 °C,10–15 °C,cold,30,3,(3) agem^week + state^year + weekday,2748411,-0.0795212,0.0248694,0.00139,-7.95212,-12.8265,-3.07772,***
10_15,2,10–15 °C,10–15 °C,cold,30,4,(4) agem + state^year + yday + weekday,2761626,-0.0301347,0.0136322,0.0271,-3.01347,-5.68539,-0.341555,**
10_15,2,10–15 °C,10–15 °C,cold,30,5,(5) agem^year^month + weekday,2643528,-0.11958,0.0109495,9.14e-28,-11.958,-14.1041,-9.81194,***
10_15,2,10–15 °C,10–15 °C,cold,30,6,(6) agem^weekday + agem^year^month,2642643,-0.117888,0.0108403,1.5200000000000002e-27,-11.7888,-13.9135,-9.66416,***
10_15,2,10–15 °C,10–15 °C,cold,30,7,(7) agem^year^month + date,2643528,0.00114598,0.0145675,0.937,0.114598,-2.74062,2.96982,
15_20,3,15–20 °C,15–20 °C,cold,0,1,(1) agem + date,2761626,-0.0205095,0.0021563,1.88e-21,-2.05095,-2.47359,-1.62832,***
15_20,3,15–20 °C,15–20 °C,cold,0,2,(2) agem^yday + agem^year + date,2738859,-0.020317,0.0020959,3.21e-22,-2.0317,-2.44249,-1.6209,***
15_20,3,15–20 °C,15–20 °C,cold,0,3,(3) agem^week + state^year + weekday,2748411,-0.0308609,0.0019209,4.42e-58,-3.08609,-3.46259,-2.7096,***
15_20,3,15–20 °C,15–20 °C,cold,0,4,(4) agem + state^year + yday + weekday,2761626,-0.0296452,0.00191967,8.42e-54,-2.96452,-3.34078,-2.58827,***
15_20,3,15–20 °C,15–20 °C,cold,0,5,(5) agem^year^month + weekday,2643528,-0.0268117,0.00169319,1.78e-56,-2.68117,-3.01304,-2.34931,***
15_20,3,15–20 °C,15–20 °C,cold,0,6,(6) agem^weekday + agem^year^month,2642643,-0.0271041,0.00166958,2.8900000000000003e-59,-2.71041,-3.03764,-2.38317,***
15_20,3,15–20 °C,15–20 °C,cold,0,7,(7) agem^year^month + date,2643528,-0.0187135,0.00183691,2.26e-24,-1.87135,-2.23138,-1.51131,***
15_20,3,15–20 °C,15–20 °C,cold,1,1,(1) agem + date,2761626,-0.0258222,0.00259967,2.9999999999999994e-23,-2.58222,-3.09175,-2.07268,***
15_20,3,15–20 °C,15–20 °C,cold,1,2,(2) agem^yday + agem^year + date,2738859,-0.0255807,0.00231588,2.3e-28,-2.55807,-3.01198,-2.10416,***
15_20,3,15–20 °C,15–20 °C,cold,1,3,(3) agem^week + state^year + weekday,2748411,-0.0391803,0.0020374,2.0599999999999995e-82,-3.91803,-4.31736,-3.5187,***
15_20,3,15–20 °C,15–20 °C,cold,1,4,(4) agem + state^year + yday + weekday,2761626,-0.0370307,0.00212107,2.9699999999999995e-68,-3.70307,-4.11881,-3.28734,***
15_20,3,15–20 °C,15–20 °C,cold,1,5,(5) agem^year^month + weekday,2643528,-0.0332274,0.00187484,2.7999999999999996e-70,-3.32274,-3.69021,-2.95527,***
15_20,3,15–20 °C,15–20 °C,cold,1,6,(6) agem^weekday + agem^year^month,2642643,-0.0335547,0.00187207,7.689999999999998e-72,-3.35547,-3.72239,-2.98854,***
15_20,3,15–20 °C,15–20 °C,cold,1,7,(7) agem^year^month + date,2643528,-0.0227212,0.0020889,1.48e-27,-2.27212,-2.68155,-1.8627,***
15_20,3,15–20 °C,15–20 °C,cold,2,1,(1) agem + date,2761626,-0.0254228,0.0030905,1.93e-16,-2.54228,-3.14802,-1.93654,***
15_20,3,15–20 °C,15–20 °C,cold,2,2,(2) agem^yday + agem^year + date,2738859,-0.0252101,0.00274394,4.02e-20,-2.52101,-3.05882,-1.9832,***
15_20,3,15–20 °C,15–20 °C,cold,2,3,(3) agem^week + state^year + weekday,2748411,-0.0412063,0.00248477,9.169999999999999e-62,-4.12063,-4.60764,-3.63361,***
15_20,3,15–20 °C,15–20 °C,cold,2,4,(4) agem + state^year + yday + weekday,2761626,-0.0387385,0.0027197,4.91e-46,-3.87385,-4.40692,-3.34079,***
15_20,3,15–20 °C,15–20 °C,cold,2,5,(5) agem^year^month + weekday,2643528,-0.033812300000000003,0.00222728,4.719999999999999e-52,-3.38123,-3.81778,-2.94469,***
15_20,3,15–20 °C,15–20 °C,cold,2,6,(6) agem^weekday + agem^year^month,2642643,-0.0338424,0.00220999,6.22e-53,-3.38424,-3.81739,-2.95108,***
15_20,3,15–20 °C,15–20 °C,cold,2,7,(7) agem^year^month + date,2643528,-0.0212236,0.00239907,9.03e-19,-2.12236,-2.59257,-1.65214,***
15_20,3,15–20 °C,15–20 °C,cold,3,1,(1) agem + date,2761626,-0.0258522,0.00360723,7.68e-13,-2.58522,-3.29223,-1.8782,***
15_20,3,15–20 °C,15–20 °C,cold,3,2,(2) agem^yday + agem^year + date,2738859,-0.025951,0.00327151,2.15e-15,-2.5951,-3.23632,-1.95388,***
15_20,3,15–20 °C,15–20 °C,cold,3,3,(3) agem^week + state^year + weekday,2748411,-0.0445078,0.00285778,1.0899999999999999e-54,-4.45078,-5.0109,-3.89065,***
15_20,3,15–20 °C,15–20 °C,cold,3,4,(4) agem + state^year + yday + weekday,2761626,-0.0414857,0.00313209,4.8e-40,-4.14857,-4.76246,-3.53468,***
15_20,3,15–20 °C,15–20 °C,cold,3,5,(5) agem^year^month + weekday,2643528,-0.0360298,0.00259319,6.89e-44,-3.60298,-4.11125,-3.09472,***
15_20,3,15–20 °C,15–20 °C,cold,3,6,(6) agem^weekday + agem^year^month,2642643,-0.0361782,0.00257343,6.84e-45,-3.61782,-4.12221,-3.11343,***
15_20,3,15–20 °C,15–20 °C,cold,3,7,(7) agem^year^month + date,2643528,-0.0211093,0.00284714,1.22e-13,-2.11093,-2.66897,-1.55289,***
15_20,3,15–20 °C,15–20 °C,cold,4,1,(1) agem + date,2761626,-0.0260254,0.00401062,8.63e-11,-2.60254,-3.38862,-1.81646,***
15_20,3,15–20 °C,15–20 °C,cold,4,2,(2) agem^yday + agem^year + date,2738859,-0.0258814,0.00382801,1.37e-11,-2.58814,-3.33843,-1.83785,***
15_20,3,15–20 °C,15–20 °C,cold,4,3,(3) agem^week + state^year + weekday,2748411,-0.047356,0.00345476,9.159999999999999e-43,-4.7356,-5.41273,-4.05847,***
15_20,3,15–20 °C,15–20 °C,cold,4,4,(4) agem + state^year + yday + weekday,2761626,-0.0437349,0.00372141,6.879999999999999e-32,-4.37349,-5.10289,-3.64409,***
15_20,3,15–20 °C,15–20 °C,cold,4,5,(5) agem^year^month + weekday,2643528,-0.0377337,0.00308964,2.65e-34,-3.77337,-4.37894,-3.1678,***
15_20,3,15–20 °C,15–20 °C,cold,4,6,(6) agem^weekday + agem^year^month,2642643,-0.0376664,0.00313587,3.09e-33,-3.76664,-4.38127,-3.15201,***
15_20,3,15–20 °C,15–20 °C,cold,4,7,(7) agem^year^month + date,2643528,-0.0202846,0.00332456,1.05e-9,-2.02846,-2.68007,-1.37684,***
15_20,3,15–20 °C,15–20 °C,cold,5,1,(1) agem + date,2761626,-0.0234461,0.00425676,3.63e-8,-2.34461,-3.17893,-1.51028,***
15_20,3,15–20 °C,15–20 °C,cold,5,2,(2) agem^yday + agem^year + date,2738859,-0.0233834,0.00418842,2.37e-8,-2.33834,-3.15927,-1.51741,***
15_20,3,15–20 °C,15–20 °C,cold,5,3,(3) agem^week + state^year + weekday,2748411,-0.0455089,0.00360726,1.73e-36,-4.55089,-5.25792,-3.84387,***
15_20,3,15–20 °C,15–20 °C,cold,5,4,(4) agem + state^year + yday + weekday,2761626,-0.0414805,0.00359587,8.729999999999998e-31,-4.14805,-4.85284,-3.44326,***
15_20,3,15–20 °C,15–20 °C,cold,5,5,(5) agem^year^month + weekday,2643528,-0.0348541,0.00279241,9.39e-36,-3.48541,-4.03272,-2.9381,***
15_20,3,15–20 °C,15–20 °C,cold,5,6,(6) agem^weekday + agem^year^month,2642643,-0.0347452,0.00283797,1.83e-34,-3.47452,-4.03076,-2.91828,***
15_20,3,15–20 °C,15–20 °C,cold,5,7,(7) agem^year^month + date,2643528,-0.0164291,0.00308997,1.06e-7,-1.64291,-2.24854,-1.03728,***
15_20,3,15–20 °C,15–20 °C,cold,6,1,(1) agem + date,2761626,-0.026018,0.00455903,1.15e-8,-2.6018,-3.49537,-1.70823,***
15_20,3,15–20 °C,15–20 °C,cold,6,2,(2) agem^yday + agem^year + date,2738859,-0.0259045,0.00491216,1.34e-7,-2.59045,-3.55323,-1.62766,***
15_20,3,15–20 °C,15–20 °C,cold,6,3,(3) agem^week + state^year + weekday,2748411,-0.0475039,0.00418996,8.55e-30,-4.75039,-5.57162,-3.92915,***
15_20,3,15–20 °C,15–20 °C,cold,6,4,(4) agem + state^year + yday + weekday,2761626,-0.0431619,0.00412701,1.3399999999999999e-25,-4.31619,-5.12508,-3.50729,***
15_20,3,15–20 °C,15–20 °C,cold,6,5,(5) agem^year^month + weekday,2643528,-0.0361788,0.00362735,1.9799999999999998e-23,-3.61788,-4.32884,-2.90692,***
15_20,3,15–20 °C,15–20 °C,cold,6,6,(6) agem^weekday + agem^year^month,2642643,-0.0361744,0.00358636,6.329999999999999e-24,-3.61744,-4.32037,-2.91452,***
15_20,3,15–20 °C,15–20 °C,cold,6,7,(7) agem^year^month + date,2643528,-0.0177884,0.00403397,1.04e-5,-1.77884,-2.5695,-0.988186,***
15_20,3,15–20 °C,15–20 °C,cold,7,1,(1) agem + date,2761626,-0.0251621,0.00484765,2.1e-7,-2.51621,-3.46635,-1.56608,***
15_20,3,15–20 °C,15–20 °C,cold,7,2,(2) agem^yday + agem^year + date,2738859,-0.0246966,0.00526902,2.77e-6,-2.46966,-3.50239,-1.43693,***
15_20,3,15–20 °C,15–20 °C,cold,7,3,(3) agem^week + state^year + weekday,2748411,-0.0462489,0.00443812,1.9899999999999999e-25,-4.62489,-5.49476,-3.75502,***
15_20,3,15–20 °C,15–20 °C,cold,7,4,(4) agem + state^year + yday + weekday,2761626,-0.0420976,0.00425692,4.64e-23,-4.20976,-5.04412,-3.3754,***
15_20,3,15–20 °C,15–20 °C,cold,7,5,(5) agem^year^month + weekday,2643528,-0.035047,0.00366561,1.1700000000000001e-21,-3.5047,-4.22316,-2.78624,***
15_20,3,15–20 °C,15–20 °C,cold,7,6,(6) agem^weekday + agem^year^month,2642643,-0.0353899,0.00365248,3.35e-22,-3.53899,-4.25488,-2.82311,***
15_20,3,15–20 °C,15–20 °C,cold,7,7,(7) agem^year^month + date,2643528,-0.0156164,0.00401684,1.01e-4,-1.56164,-2.34894,-0.774335,***
15_20,3,15–20 °C,15–20 °C,cold,8,1,(1) agem + date,2761626,-0.0242675,0.00543975,8.15e-6,-2.42675,-3.49295,-1.36056,***
15_20,3,15–20 °C,15–20 °C,cold,8,2,(2) agem^yday + agem^year + date,2738859,-0.0240446,0.0057464,2.86e-5,-2.40446,-3.53075,-1.27817,***
15_20,3,15–20 °C,15–20 °C,cold,8,3,(3) agem^week + state^year + weekday,2748411,-0.0451053,0.0048065,6.34e-21,-4.51053,-5.4526,-3.56845,***
15_20,3,15–20 °C,15–20 °C,cold,8,4,(4) agem + state^year + yday + weekday,2761626,-0.0412697,0.00465803,8.01e-19,-4.12697,-5.03994,-3.214,***
15_20,3,15–20 °C,15–20 °C,cold,8,5,(5) agem^year^month + weekday,2643528,-0.0337317,0.00376215,3.07e-19,-3.37317,-4.11055,-2.63579,***
15_20,3,15–20 °C,15–20 °C,cold,8,6,(6) agem^weekday + agem^year^month,2642643,-0.0340989,0.00377492,1.67e-19,-3.40989,-4.14977,-2.67,***
15_20,3,15–20 °C,15–20 °C,cold,8,7,(7) agem^year^month + date,2643528,-0.0130705,0.00425019,0.0021,-1.30705,-2.14009,-0.474015,***
15_20,3,15–20 °C,15–20 °C,cold,9,1,(1) agem + date,2761626,-0.0254326,0.0059498,1.92e-5,-2.54326,-3.70942,-1.3771,***
15_20,3,15–20 °C,15–20 °C,cold,9,2,(2) agem^yday + agem^year + date,2738859,-0.0246577,0.00614528,6.01e-5,-2.46577,-3.67024,-1.26129,***
15_20,3,15–20 °C,15–20 °C,cold,9,3,(3) agem^week + state^year + weekday,2748411,-0.0462352,0.00537541,7.89e-18,-4.62352,-5.6771,-3.56994,***
15_20,3,15–20 °C,15–20 °C,cold,9,4,(4) agem + state^year + yday + weekday,2761626,-0.0423253,0.00500957,2.94e-17,-4.23253,-5.21441,-3.25066,***
15_20,3,15–20 °C,15–20 °C,cold,9,5,(5) agem^year^month + weekday,2643528,-0.0350934,0.00396812,9.25e-19,-3.50934,-4.28709,-2.73159,***
15_20,3,15–20 °C,15–20 °C,cold,9,6,(6) agem^weekday + agem^year^month,2642643,-0.035125,0.00398414,1.18e-18,-3.5125,-4.29339,-2.73161,***
15_20,3,15–20 °C,15–20 °C,cold,9,7,(7) agem^year^month + date,2643528,-0.0130709,0.00437016,0.00278,-1.30709,-2.16364,-0.450538,***
15_20,3,15–20 °C,15–20 °C,cold,10,1,(1) agem + date,2761626,-0.0212915,0.00600315,3.9e-4,-2.12915,-3.30577,-0.952535,***
15_20,3,15–20 °C,15–20 °C,cold,10,2,(2) agem^yday + agem^year + date,2738859,-0.0204356,0.00665617,0.00214,-2.04356,-3.34817,-0.738947,***
15_20,3,15–20 °C,15–20 °C,cold,10,3,(3) agem^week + state^year + weekday,2748411,-0.0427256,0.00574885,1.07e-13,-4.27256,-5.39933,-3.14578,***
15_20,3,15–20 °C,15–20 °C,cold,10,4,(4) agem + state^year + yday + weekday,2761626,-0.0381809,0.00506316,4.67e-14,-3.81809,-4.81047,-2.82571,***
15_20,3,15–20 °C,15–20 °C,cold,10,5,(5) agem^year^month + weekday,2643528,-0.031241,0.00425111,2e-13,-3.1241,-3.95732,-2.29088,***
15_20,3,15–20 °C,15–20 °C,cold,10,6,(6) agem^weekday + agem^year^month,2642643,-0.0313606,0.00424829,1.56e-13,-3.13606,-3.96872,-2.30339,***
15_20,3,15–20 °C,15–20 °C,cold,10,7,(7) agem^year^month + date,2643528,-0.00784946,0.00473535,0.0974,-0.784946,-1.71307,0.143183,*
15_20,3,15–20 °C,15–20 °C,cold,11,1,(1) agem + date,2761626,-0.0204694,0.00625341,0.00106,-2.04694,-3.27261,-0.821272,***
15_20,3,15–20 °C,15–20 °C,cold,11,2,(2) agem^yday + agem^year + date,2738859,-0.0201557,0.0070329,0.00416,-2.01557,-3.39402,-0.637127,***
15_20,3,15–20 °C,15–20 °C,cold,11,3,(3) agem^week + state^year + weekday,2748411,-0.0413504,0.00606366,9.14e-12,-4.13504,-5.32352,-2.94657,***
15_20,3,15–20 °C,15–20 °C,cold,11,4,(4) agem + state^year + yday + weekday,2761626,-0.0364605,0.00522612,3.02e-12,-3.64605,-4.67037,-2.62173,***
15_20,3,15–20 °C,15–20 °C,cold,11,5,(5) agem^year^month + weekday,2643528,-0.0296826,0.00434099,8.04e-12,-2.96826,-3.81909,-2.11742,***
15_20,3,15–20 °C,15–20 °C,cold,11,6,(6) agem^weekday + agem^year^month,2642643,-0.0295492,0.00437723,1.47e-11,-2.95492,-3.81286,-2.09698,***
15_20,3,15–20 °C,15–20 °C,cold,11,7,(7) agem^year^month + date,2643528,-0.00590018,0.00475371,0.215,-0.590018,-1.52175,0.341709,
15_20,3,15–20 °C,15–20 °C,cold,12,1,(1) agem + date,2761626,-0.0189473,0.00656994,0.00393,-1.89473,-3.18244,-0.607027,***
15_20,3,15–20 °C,15–20 °C,cold,12,2,(2) agem^yday + agem^year + date,2738859,-0.0186263,0.0075149,0.0132,-1.86263,-3.33555,-0.389713,**
15_20,3,15–20 °C,15–20 °C,cold,12,3,(3) agem^week + state^year + weekday,2748411,-0.0387689,0.0065496,3.23e-9,-3.87689,-5.16061,-2.59316,***
15_20,3,15–20 °C,15–20 °C,cold,12,4,(4) agem + state^year + yday + weekday,2761626,-0.0338107,0.00530181,1.8e-10,-3.38107,-4.42022,-2.34191,***
15_20,3,15–20 °C,15–20 °C,cold,12,5,(5) agem^year^month + weekday,2643528,-0.0270335,0.00440252,8.23e-10,-2.70335,-3.56625,-1.84046,***
15_20,3,15–20 °C,15–20 °C,cold,12,6,(6) agem^weekday + agem^year^month,2642643,-0.0267952,0.00443702,1.55e-9,-2.67952,-3.54918,-1.80986,***
15_20,3,15–20 °C,15–20 °C,cold,12,7,(7) agem^year^month + date,2643528,-0.00329672,0.00465469,0.479,-0.329672,-1.24199,0.582646,
15_20,3,15–20 °C,15–20 °C,cold,13,1,(1) agem + date,2761626,-0.0210752,0.00698191,0.00254,-2.10752,-3.47597,-0.739063,***
15_20,3,15–20 °C,15–20 °C,cold,13,2,(2) agem^yday + agem^year + date,2738859,-0.0204231,0.00811484,0.0118,-2.04231,-3.63282,-0.451798,**
15_20,3,15–20 °C,15–20 °C,cold,13,3,(3) agem^week + state^year + weekday,2748411,-0.0403934,0.0070183,8.64e-9,-4.03934,-5.41492,-2.66375,***
15_20,3,15–20 °C,15–20 °C,cold,13,4,(4) agem + state^year + yday + weekday,2761626,-0.0355424,0.0057036,4.62e-10,-3.55424,-4.67215,-2.43634,***
15_20,3,15–20 °C,15–20 °C,cold,13,5,(5) agem^year^month + weekday,2643528,-0.0295816,0.00504506,4.53e-9,-2.95816,-3.94699,-1.96933,***
15_20,3,15–20 °C,15–20 °C,cold,13,6,(6) agem^weekday + agem^year^month,2642643,-0.0295343,0.00501973,4.01e-9,-2.95343,-3.9373,-1.96957,***
15_20,3,15–20 °C,15–20 °C,cold,13,7,(7) agem^year^month + date,2643528,-0.00430305,0.00557689,0.44,-0.430305,-1.52338,0.662766,
15_20,3,15–20 °C,15–20 °C,cold,14,1,(1) agem + date,2761626,-0.0233444,0.00718472,0.00116,-2.33444,-3.74265,-0.926236,***
15_20,3,15–20 °C,15–20 °C,cold,14,2,(2) agem^yday + agem^year + date,2738859,-0.0226853,0.00874789,0.00951,-2.26853,-3.98311,-0.55394,***
15_20,3,15–20 °C,15–20 °C,cold,14,3,(3) agem^week + state^year + weekday,2748411,-0.0431223,0.00750703,9.23e-9,-4.31223,-5.78361,-2.84086,***
15_20,3,15–20 °C,15–20 °C,cold,14,4,(4) agem + state^year + yday + weekday,2761626,-0.0378815,0.00595993,2.07e-10,-3.78815,-4.9563,-2.62001,***
15_20,3,15–20 °C,15–20 °C,cold,14,5,(5) agem^year^month + weekday,2643528,-0.0336612,0.00552865,1.14e-9,-3.36612,-4.44973,-2.2825,***
15_20,3,15–20 °C,15–20 °C,cold,14,6,(6) agem^weekday + agem^year^month,2642643,-0.0339955,0.00553405,8.1e-10,-3.39955,-4.48423,-2.31488,***
15_20,3,15–20 °C,15–20 °C,cold,14,7,(7) agem^year^month + date,2643528,-0.00567073,0.00616483,0.358,-0.567073,-1.77538,0.641234,
15_20,3,15–20 °C,15–20 °C,cold,15,1,(1) agem + date,2761626,-0.0224553,0.00731092,0.00213,-2.24553,-3.67847,-0.812586,***
15_20,3,15–20 °C,15–20 °C,cold,15,2,(2) agem^yday + agem^year + date,2738859,-0.0213952,0.0090324,0.0178,-2.13952,-3.90987,-0.369168,**
15_20,3,15–20 °C,15–20 °C,cold,15,3,(3) agem^week + state^year + weekday,2748411,-0.0429393,0.00799746,7.91e-8,-4.29393,-5.86143,-2.72643,***
15_20,3,15–20 °C,15–20 °C,cold,15,4,(4) agem + state^year + yday + weekday,2761626,-0.0367312,0.00583867,3.15e-10,-3.67312,-4.8175,-2.52874,***
15_20,3,15–20 °C,15–20 °C,cold,15,5,(5) agem^year^month + weekday,2643528,-0.0337738,0.00514903,5.41e-11,-3.37738,-4.38659,-2.36817,***
15_20,3,15–20 °C,15–20 °C,cold,15,6,(6) agem^weekday + agem^year^month,2642643,-0.0341089,0.00517092,4.22e-11,-3.41089,-4.42439,-2.39739,***
15_20,3,15–20 °C,15–20 °C,cold,15,7,(7) agem^year^month + date,2643528,-0.00379716,0.00563968,0.501,-0.379716,-1.48509,0.725661,
15_20,3,15–20 °C,15–20 °C,cold,16,1,(1) agem + date,2761626,-0.0226192,0.00737155,0.00215,-2.26192,-3.70674,-0.817093,***
15_20,3,15–20 °C,15–20 °C,cold,16,2,(2) agem^yday + agem^year + date,2738859,-0.0218391,0.0093178,0.0191,-2.18391,-4.0102,-0.357623,**
15_20,3,15–20 °C,15–20 °C,cold,16,3,(3) agem^week + state^year + weekday,2748411,-0.0433312,0.0082753,1.64e-7,-4.33312,-5.95508,-2.71116,***
15_20,3,15–20 °C,15–20 °C,cold,16,4,(4) agem + state^year + yday + weekday,2761626,-0.036865,0.00596252,6.3e-10,-3.6865,-4.85516,-2.51785,***
15_20,3,15–20 °C,15–20 °C,cold,16,5,(5) agem^year^month + weekday,2643528,-0.0352919,0.00542238,7.59e-11,-3.52919,-4.59198,-2.46641,***
15_20,3,15–20 °C,15–20 °C,cold,16,6,(6) agem^weekday + agem^year^month,2642643,-0.0353166,0.00544344,8.7e-11,-3.53166,-4.59858,-2.46475,***
15_20,3,15–20 °C,15–20 °C,cold,16,7,(7) agem^year^month + date,2643528,-0.00307501,0.00591567,0.603,-0.307501,-1.46697,0.85197,
15_20,3,15–20 °C,15–20 °C,cold,17,1,(1) agem + date,2761626,-0.0202226,0.0076071,0.00785,-2.02226,-3.51325,-0.531267,***
15_20,3,15–20 °C,15–20 °C,cold,17,2,(2) agem^yday + agem^year + date,2738859,-0.0199273,0.00975951,0.0412,-1.99273,-3.90559,-0.0798623,**
15_20,3,15–20 °C,15–20 °C,cold,17,3,(3) agem^week + state^year + weekday,2748411,-0.0408577,0.00865204,2.33e-6,-4.08577,-5.78157,-2.38997,***
15_20,3,15–20 °C,15–20 °C,cold,17,4,(4) agem + state^year + yday + weekday,2761626,-0.0346232,0.00618747,2.2e-8,-3.46232,-4.67507,-2.24958,***
15_20,3,15–20 °C,15–20 °C,cold,17,5,(5) agem^year^month + weekday,2643528,-0.0341071,0.00557679,9.6e-10,-3.41071,-4.50376,-2.31765,***
15_20,3,15–20 °C,15–20 °C,cold,17,6,(6) agem^weekday + agem^year^month,2642643,-0.0342543,0.00557128,7.83e-10,-3.42543,-4.5174,-2.33346,***
15_20,3,15–20 °C,15–20 °C,cold,17,7,(7) agem^year^month + date,2643528,-1.93302e-4,0.00618333,0.975,-0.0193302,-1.23126,1.1926,
15_20,3,15–20 °C,15–20 °C,cold,18,1,(1) agem + date,2761626,-0.02386,0.00761967,0.00174,-2.386,-3.87945,-0.89254,***
15_20,3,15–20 °C,15–20 °C,cold,18,2,(2) agem^yday + agem^year + date,2738859,-0.0239957,0.0102367,0.0191,-2.39957,-4.40595,-0.393186,**
15_20,3,15–20 °C,15–20 °C,cold,18,3,(3) agem^week + state^year + weekday,2748411,-0.0428421,0.00913764,2.75e-6,-4.28421,-6.07519,-2.49323,***
15_20,3,15–20 °C,15–20 °C,cold,18,4,(4) agem + state^year + yday + weekday,2761626,-0.0372713,0.00620458,1.89e-9,-3.72713,-4.94323,-2.51103,***
15_20,3,15–20 °C,15–20 °C,cold,18,5,(5) agem^year^month + weekday,2643528,-0.0366715,0.00556147,4.29e-11,-3.66715,-4.7572,-2.5771,***
15_20,3,15–20 °C,15–20 °C,cold,18,6,(6) agem^weekday + agem^year^month,2642643,-0.0364777,0.00558922,6.74e-11,-3.64777,-4.74325,-2.55228,***
15_20,3,15–20 °C,15–20 °C,cold,18,7,(7) agem^year^month + date,2643528,-0.00283186,0.00617314,0.646,-0.283186,-1.49312,0.926749,
15_20,3,15–20 °C,15–20 °C,cold,19,1,(1) agem + date,2761626,-0.0233329,0.0076004,0.00214,-2.33329,-3.82297,-0.843613,***
15_20,3,15–20 °C,15–20 °C,cold,19,2,(2) agem^yday + agem^year + date,2738859,-0.0234629,0.0106291,0.0273,-2.34629,-4.42959,-0.262989,**
15_20,3,15–20 °C,15–20 °C,cold,19,3,(3) agem^week + state^year + weekday,2748411,-0.0414929,0.00952341,1.32e-5,-4.14929,-6.01587,-2.2827,***
15_20,3,15–20 °C,15–20 °C,cold,19,4,(4) agem + state^year + yday + weekday,2761626,-0.0353739,0.00622386,1.32e-8,-3.53739,-4.75727,-2.31752,***
15_20,3,15–20 °C,15–20 °C,cold,19,5,(5) agem^year^month + weekday,2643528,-0.0362113,0.0057081,2.24e-10,-3.62113,-4.73992,-2.50235,***
15_20,3,15–20 °C,15–20 °C,cold,19,6,(6) agem^weekday + agem^year^month,2642643,-0.0360101,0.00574544,3.67e-10,-3.60101,-4.72712,-2.4749,***
15_20,3,15–20 °C,15–20 °C,cold,19,7,(7) agem^year^month + date,2643528,-0.00147113,0.00654006,0.822,-0.147113,-1.42896,1.13474,
15_20,3,15–20 °C,15–20 °C,cold,20,1,(1) agem + date,2761626,-0.0234649,0.00779731,0.00262,-2.34649,-3.87476,-0.818217,***
15_20,3,15–20 °C,15–20 °C,cold,20,2,(2) agem^yday + agem^year + date,2738859,-0.0239701,0.010949,0.0286,-2.39701,-4.54302,-0.251002,**
15_20,3,15–20 °C,15–20 °C,cold,20,3,(3) agem^week + state^year + weekday,2748411,-0.0408943,0.0098211,3.13e-5,-4.08943,-6.01436,-2.16449,***
15_20,3,15–20 °C,15–20 °C,cold,20,4,(4) agem + state^year + yday + weekday,2761626,-0.0343289,0.00626335,4.23e-8,-3.43289,-4.66051,-2.20527,***
15_20,3,15–20 °C,15–20 °C,cold,20,5,(5) agem^year^month + weekday,2643528,-0.0367147,0.00589975,4.87e-10,-3.67147,-4.82782,-2.51512,***
15_20,3,15–20 °C,15–20 °C,cold,20,6,(6) agem^weekday + agem^year^month,2642643,-0.0367315,0.00589483,4.63e-10,-3.67315,-4.82853,-2.51776,***
15_20,3,15–20 °C,15–20 °C,cold,20,7,(7) agem^year^month + date,2643528,-6.23968e-4,0.00698665,0.929,-0.0623968,-1.43178,1.30699,
15_20,3,15–20 °C,15–20 °C,cold,21,1,(1) agem + date,2761626,-0.0247901,0.00782903,0.00154,-2.47901,-4.0135,-0.944518,***
15_20,3,15–20 °C,15–20 °C,cold,21,2,(2) agem^yday + agem^year + date,2738859,-0.0252695,0.0116615,0.0302,-2.52695,-4.81259,-0.241299,**
15_20,3,15–20 °C,15–20 °C,cold,21,3,(3) agem^week + state^year + weekday,2748411,-0.0414276,0.0104219,7.04e-5,-4.14276,-6.18544,-2.10007,***
15_20,3,15–20 °C,15–20 °C,cold,21,4,(4) agem + state^year + yday + weekday,2761626,-0.0346122,0.00635918,5.24e-8,-3.46122,-4.70762,-2.21482,***
15_20,3,15–20 °C,15–20 °C,cold,21,5,(5) agem^year^month + weekday,2643528,-0.0386394,0.0061567,3.47e-10,-3.86394,-5.07065,-2.65723,***
15_20,3,15–20 °C,15–20 °C,cold,21,6,(6) agem^weekday + agem^year^month,2642643,-0.0390164,0.00617962,2.72e-10,-3.90164,-5.11285,-2.69044,***
15_20,3,15–20 °C,15–20 °C,cold,21,7,(7) agem^year^month + date,2643528,-0.00100895,0.00734697,0.891,-0.100895,-1.5409,1.33911,
15_20,3,15–20 °C,15–20 °C,cold,22,1,(1) agem + date,2761626,-0.025332,0.00818544,0.00197,-2.5332,-4.13755,-0.928857,***
15_20,3,15–20 °C,15–20 °C,cold,22,2,(2) agem^yday + agem^year + date,2738859,-0.0263144,0.0119399,0.0275,-2.63144,-4.97166,-0.291211,**
15_20,3,15–20 °C,15–20 °C,cold,22,3,(3) agem^week + state^year + weekday,2748411,-0.0424909,0.0106648,6.77e-5,-4.24909,-6.33939,-2.15879,***
15_20,3,15–20 °C,15–20 °C,cold,22,4,(4) agem + state^year + yday + weekday,2761626,-0.035731,0.00653897,4.65e-8,-3.5731,-4.85474,-2.29146,***
15_20,3,15–20 °C,15–20 °C,cold,22,5,(5) agem^year^month + weekday,2643528,-0.0409162,0.0062022,4.19e-11,-4.09162,-5.30725,-2.87599,***
15_20,3,15–20 °C,15–20 °C,cold,22,6,(6) agem^weekday + agem^year^month,2642643,-0.04121,0.00621153,3.26e-11,-4.121,-5.33846,-2.90354,***
15_20,3,15–20 °C,15–20 °C,cold,22,7,(7) agem^year^month + date,2643528,-4.27021e-4,0.00750711,0.955,-0.0427021,-1.5141,1.42869,
15_20,3,15–20 °C,15–20 °C,cold,23,1,(1) agem + date,2761626,-0.0248141,0.00804893,0.00205,-2.48141,-4.059,-0.903823,***
15_20,3,15–20 °C,15–20 °C,cold,23,2,(2) agem^yday + agem^year + date,2738859,-0.0266382,0.0122038,0.0291,-2.66382,-5.05576,-0.271874,**
15_20,3,15–20 °C,15–20 °C,cold,23,3,(3) agem^week + state^year + weekday,2748411,-0.0423772,0.010755,8.14e-5,-4.23772,-6.34569,-2.12974,***
15_20,3,15–20 °C,15–20 °C,cold,23,4,(4) agem + state^year + yday + weekday,2761626,-0.0354397,0.00649875,4.94e-8,-3.54397,-4.81773,-2.27022,***
15_20,3,15–20 °C,15–20 °C,cold,23,5,(5) agem^year^month + weekday,2643528,-0.0420465,0.00623134,1.5e-11,-4.20465,-5.42599,-2.98331,***
15_20,3,15–20 °C,15–20 °C,cold,23,6,(6) agem^weekday + agem^year^month,2642643,-0.0420041,0.00622869,1.54e-11,-4.20041,-5.42124,-2.97959,***
15_20,3,15–20 °C,15–20 °C,cold,23,7,(7) agem^year^month + date,2643528,4.95523e-4,0.00785363,0.95,0.0495523,-1.48976,1.58886,
15_20,3,15–20 °C,15–20 °C,cold,24,1,(1) agem + date,2761626,-0.0261405,0.00813712,0.00132,-2.61405,-4.20892,-1.01918,***
15_20,3,15–20 °C,15–20 °C,cold,24,2,(2) agem^yday + agem^year + date,2738859,-0.029206,0.0128365,0.0229,-2.9206,-5.43656,-0.404641,**
15_20,3,15–20 °C,15–20 °C,cold,24,3,(3) agem^week + state^year + weekday,2748411,-0.0440691,0.0113076,9.73e-5,-4.40691,-6.6232,-2.19062,***
15_20,3,15–20 °C,15–20 °C,cold,24,4,(4) agem + state^year + yday + weekday,2761626,-0.036624,0.0065807,2.62e-8,-3.6624,-4.95221,-2.37258,***
15_20,3,15–20 °C,15–20 °C,cold,24,5,(5) agem^year^month + weekday,2643528,-0.0447703,0.00634368,1.7e-12,-4.47703,-5.72039,-3.23366,***
15_20,3,15–20 °C,15–20 °C,cold,24,6,(6) agem^weekday + agem^year^month,2642643,-0.0448419,0.00632956,1.4e-12,-4.48419,-5.72478,-3.2436,***
15_20,3,15–20 °C,15–20 °C,cold,24,7,(7) agem^year^month + date,2643528,-1.83778e-4,0.00798469,0.982,-0.0183778,-1.58338,1.54662,
15_20,3,15–20 °C,15–20 °C,cold,25,1,(1) agem + date,2761626,-0.0283041,0.00835574,7.06e-4,-2.83041,-4.46813,-1.19268,***
15_20,3,15–20 °C,15–20 °C,cold,25,2,(2) agem^yday + agem^year + date,2738859,-0.0315803,0.013254,0.0172,-3.15803,-5.75581,-0.560253,**
15_20,3,15–20 °C,15–20 °C,cold,25,3,(3) agem^week + state^year + weekday,2748411,-0.0450752,0.0118086,1.35e-4,-4.50752,-6.822,-2.19304,***
15_20,3,15–20 °C,15–20 °C,cold,25,4,(4) agem + state^year + yday + weekday,2761626,-0.0378042,0.00668651,1.57e-8,-3.78042,-5.09098,-2.46987,***
15_20,3,15–20 °C,15–20 °C,cold,25,5,(5) agem^year^month + weekday,2643528,-0.0470804,0.00637668,1.55e-13,-4.70804,-5.95787,-3.45821,***
15_20,3,15–20 °C,15–20 °C,cold,25,6,(6) agem^weekday + agem^year^month,2642643,-0.0469178,0.00639168,2.13e-13,-4.69178,-5.94455,-3.43901,***
15_20,3,15–20 °C,15–20 °C,cold,25,7,(7) agem^year^month + date,2643528,-0.00150192,0.00807982,0.853,-0.150192,-1.73384,1.43345,
15_20,3,15–20 °C,15–20 °C,cold,26,1,(1) agem + date,2761626,-0.0294875,0.00845244,4.85e-4,-2.94875,-4.60542,-1.29207,***
15_20,3,15–20 °C,15–20 °C,cold,26,2,(2) agem^yday + agem^year + date,2738859,-0.0328333,0.0140728,0.0196,-3.28333,-6.04161,-0.525055,**
15_20,3,15–20 °C,15–20 °C,cold,26,3,(3) agem^week + state^year + weekday,2748411,-0.0453382,0.0123506,2.42e-4,-4.53382,-6.95454,-2.11309,***
15_20,3,15–20 °C,15–20 °C,cold,26,4,(4) agem + state^year + yday + weekday,2761626,-0.0381432,0.00679462,1.98e-8,-3.81432,-5.14606,-2.48257,***
15_20,3,15–20 °C,15–20 °C,cold,26,5,(5) agem^year^month + weekday,2643528,-0.0490716,0.00656016,7.42e-14,-4.90716,-6.19295,-3.62136,***
15_20,3,15–20 °C,15–20 °C,cold,26,6,(6) agem^weekday + agem^year^month,2642643,-0.0488724,0.00657798,1.09e-13,-4.88724,-6.17653,-3.59796,***
15_20,3,15–20 °C,15–20 °C,cold,26,7,(7) agem^year^month + date,2643528,-0.00209693,0.00834472,0.802,-0.209693,-1.84526,1.42587,
15_20,3,15–20 °C,15–20 °C,cold,27,1,(1) agem + date,2761626,-0.0293401,0.00857951,6.27e-4,-2.93401,-4.61559,-1.25242,***
15_20,3,15–20 °C,15–20 °C,cold,27,2,(2) agem^yday + agem^year + date,2738859,-0.0326635,0.0145379,0.0247,-3.26635,-6.11577,-0.416934,**
15_20,3,15–20 °C,15–20 °C,cold,27,3,(3) agem^week + state^year + weekday,2748411,-0.0443895,0.0127855,5.17e-4,-4.43895,-6.94491,-1.93299,***
15_20,3,15–20 °C,15–20 °C,cold,27,4,(4) agem + state^year + yday + weekday,2761626,-0.0375617,0.00678961,3.16e-8,-3.75617,-5.08694,-2.42541,***
15_20,3,15–20 °C,15–20 °C,cold,27,5,(5) agem^year^month + weekday,2643528,-0.0495161,0.00665263,9.84e-14,-4.95161,-6.25552,-3.64769,***
15_20,3,15–20 °C,15–20 °C,cold,27,6,(6) agem^weekday + agem^year^month,2642643,-0.0495145,0.00664399,9.16e-14,-4.95145,-6.25367,-3.64923,***
15_20,3,15–20 °C,15–20 °C,cold,27,7,(7) agem^year^month + date,2643528,-9.24768e-4,0.00848533,0.913,-0.0924768,-1.7556,1.57065,
15_20,3,15–20 °C,15–20 °C,cold,28,1,(1) agem + date,2761626,-0.0306863,0.00882296,5.05e-4,-3.06863,-4.79793,-1.33933,***
15_20,3,15–20 °C,15–20 °C,cold,28,2,(2) agem^yday + agem^year + date,2738859,-0.0337061,0.0147959,0.0227,-3.37061,-6.2706,-0.470624,**
15_20,3,15–20 °C,15–20 °C,cold,28,3,(3) agem^week + state^year + weekday,2748411,-0.0456372,0.0132652,5.81e-4,-4.56372,-7.1637,-1.96374,***
15_20,3,15–20 °C,15–20 °C,cold,28,4,(4) agem + state^year + yday + weekday,2761626,-0.0392154,0.00694353,1.63e-8,-3.92154,-5.28247,-2.5606,***
15_20,3,15–20 °C,15–20 °C,cold,28,5,(5) agem^year^month + weekday,2643528,-0.0518794,0.00668376,8.36e-15,-5.18794,-6.49796,-3.87793,***
15_20,3,15–20 °C,15–20 °C,cold,28,6,(6) agem^weekday + agem^year^month,2642643,-0.0522816,0.00667613,4.84e-15,-5.22816,-6.53668,-3.91964,***
15_20,3,15–20 °C,15–20 °C,cold,28,7,(7) agem^year^month + date,2643528,-0.00165759,0.00849705,0.845,-0.165759,-1.83118,1.49966,
15_20,3,15–20 °C,15–20 °C,cold,29,1,(1) agem + date,2761626,-0.0327307,0.00933535,4.55e-4,-3.27307,-5.1028,-1.44335,***
15_20,3,15–20 °C,15–20 °C,cold,29,2,(2) agem^yday + agem^year + date,2738859,-0.0360307,0.0155459,0.0205,-3.60307,-6.65007,-0.556067,**
15_20,3,15–20 °C,15–20 °C,cold,29,3,(3) agem^week + state^year + weekday,2748411,-0.0459668,0.0139907,0.00102,-4.59668,-7.33885,-1.85451,***
15_20,3,15–20 °C,15–20 °C,cold,29,4,(4) agem + state^year + yday + weekday,2761626,-0.0395821,0.0073721,7.91e-8,-3.95821,-5.40314,-2.51328,***
15_20,3,15–20 °C,15–20 °C,cold,29,5,(5) agem^year^month + weekday,2643528,-0.0529191,0.00672722,3.65e-15,-5.29191,-6.61044,-3.97337,***
15_20,3,15–20 °C,15–20 °C,cold,29,6,(6) agem^weekday + agem^year^month,2642643,-0.0532737,0.00672245,2.29e-15,-5.32737,-6.64497,-4.00977,***
15_20,3,15–20 °C,15–20 °C,cold,29,7,(7) agem^year^month + date,2643528,-0.00302518,0.00844046,0.72,-0.302518,-1.95685,1.35181,
15_20,3,15–20 °C,15–20 °C,cold,30,1,(1) agem + date,2761626,-0.0328968,0.00999254,9.94e-4,-3.28968,-5.24821,-1.33114,***
15_20,3,15–20 °C,15–20 °C,cold,30,2,(2) agem^yday + agem^year + date,2738859,-0.0385107,0.0164098,0.0189,-3.85107,-7.06739,-0.634758,**
15_20,3,15–20 °C,15–20 °C,cold,30,3,(3) agem^week + state^year + weekday,2748411,-0.0434532,0.0148962,0.00353,-4.34532,-7.26497,-1.42566,***
15_20,3,15–20 °C,15–20 °C,cold,30,4,(4) agem + state^year + yday + weekday,2761626,-0.0376847,0.00775698,1.18e-6,-3.76847,-5.28883,-2.2481,***
15_20,3,15–20 °C,15–20 °C,cold,30,5,(5) agem^year^month + weekday,2643528,-0.0524504,0.0069174,3.39e-14,-5.24504,-6.60085,-3.88923,***
15_20,3,15–20 °C,15–20 °C,cold,30,6,(6) agem^weekday + agem^year^month,2642643,-0.052516,0.00690079,2.74e-14,-5.2516,-6.60415,-3.89904,***
15_20,3,15–20 °C,15–20 °C,cold,30,7,(7) agem^year^month + date,2643528,-0.00291026,0.00877,0.74,-0.291026,-2.00995,1.42789,
25_30,5,25–30 °C,25–30 °C,hot,0,1,(1) agem + date,2761626,0.0200766,0.00250432,1.09e-15,2.00766,1.51681,2.4985,***
25_30,5,25–30 °C,25–30 °C,hot,0,2,(2) agem^yday + agem^year + date,2738859,0.0216035,0.00243672,7.59e-19,2.16035,1.68276,2.63795,***
25_30,5,25–30 °C,25–30 °C,hot,0,3,(3) agem^week + state^year + weekday,2748411,0.0266587,0.00257622,4.27e-25,2.66587,2.16093,3.17081,***
25_30,5,25–30 °C,25–30 °C,hot,0,4,(4) agem + state^year + yday + weekday,2761626,0.0264864,0.00258008,1.0099999999999999e-24,2.64864,2.14295,3.15434,***
25_30,5,25–30 °C,25–30 °C,hot,0,5,(5) agem^year^month + weekday,2643528,0.0239794,0.0018952,1.08e-36,2.39794,2.02648,2.7694,***
25_30,5,25–30 °C,25–30 °C,hot,0,6,(6) agem^weekday + agem^year^month,2642643,0.0246013,0.00186102,6.79e-40,2.46013,2.09537,2.82489,***
25_30,5,25–30 °C,25–30 °C,hot,0,7,(7) agem^year^month + date,2643528,0.019304,0.00193112,1.5799999999999998e-23,1.9304,1.5519,2.3089,***
25_30,5,25–30 °C,25–30 °C,hot,1,1,(1) agem + date,2761626,0.0221552,0.00281123,3.25e-15,2.21552,1.66452,2.76652,***
25_30,5,25–30 °C,25–30 °C,hot,1,2,(2) agem^yday + agem^year + date,2738859,0.0241449,0.00263203,4.58e-20,2.41449,1.89861,2.93037,***
25_30,5,25–30 °C,25–30 °C,hot,1,3,(3) agem^week + state^year + weekday,2748411,0.0303287,0.00292937,4.04e-25,3.03287,2.45871,3.60702,***
25_30,5,25–30 °C,25–30 °C,hot,1,4,(4) agem + state^year + yday + weekday,2761626,0.0301052,0.00287253,1.06e-25,3.01052,2.44751,3.57354,***
25_30,5,25–30 °C,25–30 °C,hot,1,5,(5) agem^year^month + weekday,2643528,0.0271057,0.00170608,7.709999999999999e-57,2.71057,2.37618,3.04496,***
25_30,5,25–30 °C,25–30 °C,hot,1,6,(6) agem^weekday + agem^year^month,2642643,0.0276943,0.00169425,4.65e-60,2.76943,2.43735,3.1015,***
25_30,5,25–30 °C,25–30 °C,hot,1,7,(7) agem^year^month + date,2643528,0.0214075,0.00173586,6.05e-35,2.14075,1.80053,2.48098,***
25_30,5,25–30 °C,25–30 °C,hot,2,1,(1) agem + date,2761626,0.0228692,0.00344579,3.2e-11,2.28692,1.61154,2.96229,***
25_30,5,25–30 °C,25–30 °C,hot,2,2,(2) agem^yday + agem^year + date,2738859,0.025197,0.0030364,1.06e-16,2.5197,1.92456,3.11483,***
25_30,5,25–30 °C,25–30 °C,hot,2,3,(3) agem^week + state^year + weekday,2748411,0.032943,0.00357241,2.93e-20,3.2943,2.59411,3.9945,***
25_30,5,25–30 °C,25–30 °C,hot,2,4,(4) agem + state^year + yday + weekday,2761626,0.0328513,0.00360015,7.18e-20,3.28513,2.5795,3.99076,***
25_30,5,25–30 °C,25–30 °C,hot,2,5,(5) agem^year^month + weekday,2643528,0.0296323,0.0022009,2.56e-41,2.96323,2.53185,3.39461,***
25_30,5,25–30 °C,25–30 °C,hot,2,6,(6) agem^weekday + agem^year^month,2642643,0.0295748,0.002195,2.23e-41,2.95748,2.52726,3.3877,***
25_30,5,25–30 °C,25–30 °C,hot,2,7,(7) agem^year^month + date,2643528,0.0218945,0.00222222,6.68e-23,2.18945,1.7539,2.62501,***
25_30,5,25–30 °C,25–30 °C,hot,3,1,(1) agem + date,2761626,0.0204562,0.00432936,2.3e-6,2.04562,1.19706,2.89417,***
25_30,5,25–30 °C,25–30 °C,hot,3,2,(2) agem^yday + agem^year + date,2738859,0.0232327,0.00361605,1.32e-10,2.32327,1.61453,3.03202,***
25_30,5,25–30 °C,25–30 °C,hot,3,3,(3) agem^week + state^year + weekday,2748411,0.0324884,0.0044088,1.72e-13,3.24884,2.38471,4.11297,***
25_30,5,25–30 °C,25–30 °C,hot,3,4,(4) agem + state^year + yday + weekday,2761626,0.0326651,0.0044327,1.72e-13,3.26651,2.3977,4.13532,***
25_30,5,25–30 °C,25–30 °C,hot,3,5,(5) agem^year^month + weekday,2643528,0.0295459,0.00282216,1.2e-25,2.95459,2.40144,3.50773,***
25_30,5,25–30 °C,25–30 °C,hot,3,6,(6) agem^weekday + agem^year^month,2642643,0.0295472,0.00283844,2.24e-25,2.95472,2.39839,3.51105,***
25_30,5,25–30 °C,25–30 °C,hot,3,7,(7) agem^year^month + date,2643528,0.0199336,0.00270969,1.89e-13,1.99336,1.46227,2.52446,***
25_30,5,25–30 °C,25–30 °C,hot,4,1,(1) agem + date,2761626,0.0230415,0.00504128,4.86e-6,2.30415,1.31606,3.29224,***
25_30,5,25–30 °C,25–30 °C,hot,4,2,(2) agem^yday + agem^year + date,2738859,0.0263188,0.00440894,2.38e-9,2.63188,1.76773,3.49603,***
25_30,5,25–30 °C,25–30 °C,hot,4,3,(3) agem^week + state^year + weekday,2748411,0.0357919,0.00545216,5.21e-11,3.57919,2.51057,4.64781,***
25_30,5,25–30 °C,25–30 °C,hot,4,4,(4) agem + state^year + yday + weekday,2761626,0.0362932,0.00520445,3.09e-12,3.62932,2.60925,4.6494,***
25_30,5,25–30 °C,25–30 °C,hot,4,5,(5) agem^year^month + weekday,2643528,0.0332206,0.00353079,5.02e-21,3.32206,2.63003,4.0141,***
25_30,5,25–30 °C,25–30 °C,hot,4,6,(6) agem^weekday + agem^year^month,2642643,0.0334932,0.00355966,5.0000000000000005e-21,3.34932,2.65163,4.04701,***
25_30,5,25–30 °C,25–30 °C,hot,4,7,(7) agem^year^month + date,2643528,0.0223712,0.003352,2.49e-11,2.23712,1.58012,2.89411,***
25_30,5,25–30 °C,25–30 °C,hot,5,1,(1) agem + date,2761626,0.0223217,0.00508924,1.15e-5,2.23217,1.23468,3.22966,***
25_30,5,25–30 °C,25–30 °C,hot,5,2,(2) agem^yday + agem^year + date,2738859,0.0262362,0.00469274,2.26e-8,2.62362,1.70385,3.5434,***
25_30,5,25–30 °C,25–30 °C,hot,5,3,(3) agem^week + state^year + weekday,2748411,0.0359184,0.00583184,7.32e-10,3.59184,2.4488,4.73488,***
25_30,5,25–30 °C,25–30 °C,hot,5,4,(4) agem + state^year + yday + weekday,2761626,0.0364391,0.00522037,2.95e-12,3.64391,2.62072,4.6671,***
25_30,5,25–30 °C,25–30 °C,hot,5,5,(5) agem^year^month + weekday,2643528,0.0329828,0.00332321,3.24e-23,3.29828,2.64693,3.94963,***
25_30,5,25–30 °C,25–30 °C,hot,5,6,(6) agem^weekday + agem^year^month,2642643,0.0328999,0.00329859,1.9799999999999998e-23,3.28999,2.64346,3.93651,***
25_30,5,25–30 °C,25–30 °C,hot,5,7,(7) agem^year^month + date,2643528,0.0211086,0.00315905,2.36e-11,2.11086,1.49168,2.73003,***
25_30,5,25–30 °C,25–30 °C,hot,6,1,(1) agem + date,2761626,0.0213051,0.00567245,1.73e-4,2.13051,1.01871,3.24231,***
25_30,5,25–30 °C,25–30 °C,hot,6,2,(2) agem^yday + agem^year + date,2738859,0.0260248,0.00551034,2.33e-6,2.60248,1.52245,3.68251,***
25_30,5,25–30 °C,25–30 °C,hot,6,3,(3) agem^week + state^year + weekday,2748411,0.034528,0.0067587,3.24e-7,3.4528,2.1281,4.77751,***
25_30,5,25–30 °C,25–30 °C,hot,6,4,(4) agem + state^year + yday + weekday,2761626,0.0352084,0.00572869,7.95e-10,3.52084,2.39802,4.64367,***
25_30,5,25–30 °C,25–30 °C,hot,6,5,(5) agem^year^month + weekday,2643528,0.0323083,0.00391697,1.61e-16,3.23083,2.4631,3.99856,***
25_30,5,25–30 °C,25–30 °C,hot,6,6,(6) agem^weekday + agem^year^month,2642643,0.0326169,0.00391612,8.16e-17,3.26169,2.49413,4.02925,***
25_30,5,25–30 °C,25–30 °C,hot,6,7,(7) agem^year^month + date,2643528,0.0201189,0.00375442,8.38e-8,2.01189,1.27602,2.74775,***
25_30,5,25–30 °C,25–30 °C,hot,7,1,(1) agem + date,2761626,0.0215702,0.00618704,4.9e-4,2.15702,0.944356,3.36967,***
25_30,5,25–30 °C,25–30 °C,hot,7,2,(2) agem^yday + agem^year + date,2738859,0.025866,0.00584229,9.54e-6,2.5866,1.44151,3.73169,***
25_30,5,25–30 °C,25–30 °C,hot,7,3,(3) agem^week + state^year + weekday,2748411,0.0351217,0.00746839,2.57e-6,3.51217,2.04836,4.97597,***
25_30,5,25–30 °C,25–30 °C,hot,7,4,(4) agem + state^year + yday + weekday,2761626,0.0358134,0.00624856,9.96e-9,3.58134,2.35662,4.8060600000000004,***
25_30,5,25–30 °C,25–30 °C,hot,7,5,(5) agem^year^month + weekday,2643528,0.0330187,0.00425944,9.05e-15,3.30187,2.46702,4.13672,***
25_30,5,25–30 °C,25–30 °C,hot,7,6,(6) agem^weekday + agem^year^month,2642643,0.033896,0.0042333,1.18e-15,3.3896,2.55987,4.21933,***
25_30,5,25–30 °C,25–30 °C,hot,7,7,(7) agem^year^month + date,2643528,0.0199169,0.00417618,1.85e-6,1.99169,1.17316,2.81022,***
25_30,5,25–30 °C,25–30 °C,hot,8,1,(1) agem + date,2761626,0.0203427,0.00634022,0.00133,2.03427,0.791584,3.27695,***
25_30,5,25–30 °C,25–30 °C,hot,8,2,(2) agem^yday + agem^year + date,2738859,0.0243344,0.00611785,6.96e-5,2.43344,1.23434,3.63254,***
25_30,5,25–30 °C,25–30 °C,hot,8,3,(3) agem^week + state^year + weekday,2748411,0.0335765,0.00786381,1.96e-5,3.35765,1.81635,4.89896,***
25_30,5,25–30 °C,25–30 °C,hot,8,4,(4) agem + state^year + yday + weekday,2761626,0.0349226,0.00626953,2.54e-8,3.49226,2.26343,4.72109,***
25_30,5,25–30 °C,25–30 °C,hot,8,5,(5) agem^year^month + weekday,2643528,0.0314832,0.00416822,4.25e-14,3.14832,2.33135,3.96529,***
25_30,5,25–30 °C,25–30 °C,hot,8,6,(6) agem^weekday + agem^year^month,2642643,0.0322343,0.00412296,5.36e-15,3.22343,2.41533,4.03153,***
25_30,5,25–30 °C,25–30 °C,hot,8,7,(7) agem^year^month + date,2643528,0.0183159,0.00416318,1.09e-5,1.83159,1.0156,2.64757,***
25_30,5,25–30 °C,25–30 °C,hot,9,1,(1) agem + date,2761626,0.0210239,0.00687974,0.00224,2.10239,0.753964,3.45082,***
25_30,5,25–30 °C,25–30 °C,hot,9,2,(2) agem^yday + agem^year + date,2738859,0.0247872,0.00654583,1.53e-4,2.47872,1.19574,3.7617,***
25_30,5,25–30 °C,25–30 °C,hot,9,3,(3) agem^week + state^year + weekday,2748411,0.0346147,0.00878446,8.13e-5,3.46147,1.73972,5.18322,***
25_30,5,25–30 °C,25–30 °C,hot,9,4,(4) agem + state^year + yday + weekday,2761626,0.0357997,0.00687215,1.89e-7,3.57997,2.23303,4.92691,***
25_30,5,25–30 °C,25–30 °C,hot,9,5,(5) agem^year^month + weekday,2643528,0.0328081,0.00523029,3.55e-10,3.28081,2.25567,4.30595,***
25_30,5,25–30 °C,25–30 °C,hot,9,6,(6) agem^weekday + agem^year^month,2642643,0.0330365,0.00520574,2.21e-10,3.30365,2.28332,4.32397,***
25_30,5,25–30 °C,25–30 °C,hot,9,7,(7) agem^year^month + date,2643528,0.0184422,0.00504581,2.57e-4,1.84422,0.855242,2.8332,***
25_30,5,25–30 °C,25–30 °C,hot,10,1,(1) agem + date,2761626,0.0146875,0.00701346,0.0362,1.46875,0.0941089,2.84339,**
25_30,5,25–30 °C,25–30 °C,hot,10,2,(2) agem^yday + agem^year + date,2738859,0.018881,0.00680549,0.00553,1.8881,0.554222,3.22197,***
25_30,5,25–30 °C,25–30 °C,hot,10,3,(3) agem^week + state^year + weekday,2748411,0.027185,0.00912681,0.0029,2.7185,0.929644,4.50735,***
25_30,5,25–30 °C,25–30 °C,hot,10,4,(4) agem + state^year + yday + weekday,2761626,0.0287933,0.00686393,2.73e-5,2.87933,1.534,4.22466,***
25_30,5,25–30 °C,25–30 °C,hot,10,5,(5) agem^year^month + weekday,2643528,0.0263734,0.00502915,1.57e-7,2.63734,1.65163,3.62306,***
25_30,5,25–30 °C,25–30 °C,hot,10,6,(6) agem^weekday + agem^year^month,2642643,0.0266504,0.0050436,1.26e-7,2.66504,1.67649,3.65359,***
25_30,5,25–30 °C,25–30 °C,hot,10,7,(7) agem^year^month + date,2643528,0.0125755,0.00484374,0.00943,1.25755,0.308173,2.20692,***
25_30,5,25–30 °C,25–30 °C,hot,11,1,(1) agem + date,2761626,0.0131587,0.00713906,0.0653,1.31587,-0.0833896,2.71512,*
25_30,5,25–30 °C,25–30 °C,hot,11,2,(2) agem^yday + agem^year + date,2738859,0.0179563,0.0071654,0.0122,1.79563,0.391209,3.20005,**
25_30,5,25–30 °C,25–30 °C,hot,11,3,(3) agem^week + state^year + weekday,2748411,0.025277,0.00968452,0.00905,2.5277,0.629529,4.42586,***
25_30,5,25–30 °C,25–30 °C,hot,11,4,(4) agem + state^year + yday + weekday,2761626,0.0273444,0.00700689,9.52e-5,2.73444,1.36109,4.10779,***
25_30,5,25–30 °C,25–30 °C,hot,11,5,(5) agem^year^month + weekday,2643528,0.0247292,0.00550842,7.14e-6,2.47292,1.39326,3.55257,***
25_30,5,25–30 °C,25–30 °C,hot,11,6,(6) agem^weekday + agem^year^month,2642643,0.0252098,0.00549649,4.51e-6,2.52098,1.44367,3.59829,***
25_30,5,25–30 °C,25–30 °C,hot,11,7,(7) agem^year^month + date,2643528,0.0108482,0.0052903,0.0403,1.08482,0.0479186,2.12172,**
25_30,5,25–30 °C,25–30 °C,hot,12,1,(1) agem + date,2761626,0.0124078,0.00739363,0.0933,1.24078,-0.208374,2.68993,*
25_30,5,25–30 °C,25–30 °C,hot,12,2,(2) agem^yday + agem^year + date,2738859,0.0167833,0.00766405,0.0285,1.67833,0.176178,3.18048,**
25_30,5,25–30 °C,25–30 °C,hot,12,3,(3) agem^week + state^year + weekday,2748411,0.0238457,0.0103732,0.0215,2.38457,0.351413,4.41772,**
25_30,5,25–30 °C,25–30 °C,hot,12,4,(4) agem + state^year + yday + weekday,2761626,0.026577,0.00728861,2.66e-4,2.6577,1.22913,4.08626,***
25_30,5,25–30 °C,25–30 °C,hot,12,5,(5) agem^year^month + weekday,2643528,0.0238527,0.00557578,1.89e-5,2.38527,1.29242,3.47813,***
25_30,5,25–30 °C,25–30 °C,hot,12,6,(6) agem^weekday + agem^year^month,2642643,0.0240014,0.00556304,1.6e-5,2.40014,1.30979,3.4905,***
25_30,5,25–30 °C,25–30 °C,hot,12,7,(7) agem^year^month + date,2643528,0.00913415,0.00539114,0.0902,0.913415,-0.143249,1.97008,*
25_30,5,25–30 °C,25–30 °C,hot,13,1,(1) agem + date,2761626,0.0134095,0.00747611,0.0729,1.34095,-0.124363,2.80627,*
25_30,5,25–30 °C,25–30 °C,hot,13,2,(2) agem^yday + agem^year + date,2738859,0.0176822,0.00813213,0.0297,1.76822,0.174325,3.36212,**
25_30,5,25–30 °C,25–30 °C,hot,13,3,(3) agem^week + state^year + weekday,2748411,0.0236064,0.0109932,0.0318,2.36064,0.20598,4.5153,**
25_30,5,25–30 °C,25–30 °C,hot,13,4,(4) agem + state^year + yday + weekday,2761626,0.027278,0.00730776,1.89e-4,2.7278,1.29548,4.16012,***
25_30,5,25–30 °C,25–30 °C,hot,13,5,(5) agem^year^month + weekday,2643528,0.0246655,0.00561315,1.11e-5,2.46655,1.36638,3.56673,***
25_30,5,25–30 °C,25–30 °C,hot,13,6,(6) agem^weekday + agem^year^month,2642643,0.0252997,0.00562874,6.97e-6,2.52997,1.42673,3.6332,***
25_30,5,25–30 °C,25–30 °C,hot,13,7,(7) agem^year^month + date,2643528,0.00949418,0.00546487,0.0823,0.949418,-0.121695,2.02053,*
25_30,5,25–30 °C,25–30 °C,hot,14,1,(1) agem + date,2761626,0.0128789,0.00782608,0.0998,1.28789,-0.246022,2.8218,*
25_30,5,25–30 °C,25–30 °C,hot,14,2,(2) agem^yday + agem^year + date,2738859,0.016793,0.00858354,0.0504,1.6793,-0.0030703,3.36168,*
25_30,5,25–30 °C,25–30 °C,hot,14,3,(3) agem^week + state^year + weekday,2748411,0.0234206,0.0116394,0.0442,2.34206,0.0607351,4.62338,**
25_30,5,25–30 °C,25–30 °C,hot,14,4,(4) agem + state^year + yday + weekday,2761626,0.0271146,0.00782979,5.34e-4,2.71146,1.17682,4.2461,***
25_30,5,25–30 °C,25–30 °C,hot,14,5,(5) agem^year^month + weekday,2643528,0.0255168,0.00626263,4.61e-5,2.55168,1.3242,3.77915,***
25_30,5,25–30 °C,25–30 °C,hot,14,6,(6) agem^weekday + agem^year^month,2642643,0.0267074,0.00627768,2.1e-5,2.67074,1.44031,3.90116,***
25_30,5,25–30 °C,25–30 °C,hot,14,7,(7) agem^year^month + date,2643528,0.00841062,0.00604677,0.164,0.841062,-0.344104,2.02623,
25_30,5,25–30 °C,25–30 °C,hot,15,1,(1) agem + date,2761626,0.011965,0.0079192,0.131,1.1965,-0.355659,2.74867,
25_30,5,25–30 °C,25–30 °C,hot,15,2,(2) agem^yday + agem^year + date,2738859,0.0161236,0.0086411,0.0621,1.61236,-0.0812968,3.30601,*
25_30,5,25–30 °C,25–30 °C,hot,15,3,(3) agem^week + state^year + weekday,2748411,0.0224766,0.0120661,0.0625,2.24766,-0.117295,4.61262,*
25_30,5,25–30 °C,25–30 °C,hot,15,4,(4) agem + state^year + yday + weekday,2761626,0.0267385,0.00782897,6.37e-4,2.67385,1.13937,4.20832,***
25_30,5,25–30 °C,25–30 °C,hot,15,5,(5) agem^year^month + weekday,2643528,0.0255961,0.00617856,3.43e-5,2.55961,1.34861,3.7706,***
25_30,5,25–30 °C,25–30 °C,hot,15,6,(6) agem^weekday + agem^year^month,2642643,0.026664,0.00616088,1.5e-5,2.6664,1.4588699999999999,3.87394,***
25_30,5,25–30 °C,25–30 °C,hot,15,7,(7) agem^year^month + date,2643528,0.00675389,0.00610001,0.268,0.675389,-0.520212,1.87099,
25_30,5,25–30 °C,25–30 °C,hot,16,1,(1) agem + date,2761626,0.0111771,0.00840654,0.184,1.11771,-0.529968,2.7654,
25_30,5,25–30 °C,25–30 °C,hot,16,2,(2) agem^yday + agem^year + date,2738859,0.0155172,0.00942983,0.0999,1.55172,-0.296527,3.39997,*
25_30,5,25–30 °C,25–30 °C,hot,16,3,(3) agem^week + state^year + weekday,2748411,0.0217722,0.012765,0.0881,2.17722,-0.324712,4.67915,*
25_30,5,25–30 °C,25–30 °C,hot,16,4,(4) agem + state^year + yday + weekday,2761626,0.0265138,0.00829615,0.00139,2.65138,1.02533,4.27742,***
25_30,5,25–30 °C,25–30 °C,hot,16,5,(5) agem^year^month + weekday,2643528,0.0261814,0.00692185,1.55e-4,2.61814,1.26145,3.97482,***
25_30,5,25–30 °C,25–30 °C,hot,16,6,(6) agem^weekday + agem^year^month,2642643,0.0266639,0.00687462,1.05e-4,2.66639,1.31896,4.01381,***
25_30,5,25–30 °C,25–30 °C,hot,16,7,(7) agem^year^month + date,2643528,0.00563273,0.00670974,0.401,0.563273,-0.751836,1.87838,
25_30,5,25–30 °C,25–30 °C,hot,17,1,(1) agem + date,2761626,0.00818351,0.00834623,0.327,0.818351,-0.817511,2.45421,
25_30,5,25–30 °C,25–30 °C,hot,17,2,(2) agem^yday + agem^year + date,2738859,0.0128904,0.00949971,0.175,1.28904,-0.5729,3.15099,
25_30,5,25–30 °C,25–30 °C,hot,17,3,(3) agem^week + state^year + weekday,2748411,0.0175835,0.013193,0.183,1.75835,-0.827476,4.34418,
25_30,5,25–30 °C,25–30 °C,hot,17,4,(4) agem + state^year + yday + weekday,2761626,0.0237703,0.00808521,0.00328,2.37703,0.79233,3.96173,***
25_30,5,25–30 °C,25–30 °C,hot,17,5,(5) agem^year^month + weekday,2643528,0.0239125,0.0064504,2.1e-4,2.39125,1.12697,3.65553,***
25_30,5,25–30 °C,25–30 °C,hot,17,6,(6) agem^weekday + agem^year^month,2642643,0.0244631,0.006453,1.5e-4,2.44631,1.18152,3.7111,***
25_30,5,25–30 °C,25–30 °C,hot,17,7,(7) agem^year^month + date,2643528,0.00298267,0.00641204,0.642,0.298267,-0.958493,1.55503,
25_30,5,25–30 °C,25–30 °C,hot,18,1,(1) agem + date,2761626,0.00900948,0.00850033,0.289,0.900948,-0.765117,2.56701,
25_30,5,25–30 °C,25–30 °C,hot,18,2,(2) agem^yday + agem^year + date,2738859,0.0135524,0.0100436,0.177,1.35524,-0.613307,3.32378,
25_30,5,25–30 °C,25–30 °C,hot,18,3,(3) agem^week + state^year + weekday,2748411,0.0171817,0.0138781,0.216,1.71817,-1.00194,4.43827,
25_30,5,25–30 °C,25–30 °C,hot,18,4,(4) agem + state^year + yday + weekday,2761626,0.0249629,0.00823678,0.00244,2.49629,0.881882,4.1107,***
25_30,5,25–30 °C,25–30 °C,hot,18,5,(5) agem^year^month + weekday,2643528,0.0249152,0.00669583,1.98e-4,2.49152,1.17914,3.8039,***
25_30,5,25–30 °C,25–30 °C,hot,18,6,(6) agem^weekday + agem^year^month,2642643,0.0258113,0.00668615,1.13e-4,2.58113,1.27065,3.89162,***
25_30,5,25–30 °C,25–30 °C,hot,18,7,(7) agem^year^month + date,2643528,0.00339303,0.00661065,0.608,0.339303,-0.956385,1.63499,
25_30,5,25–30 °C,25–30 °C,hot,19,1,(1) agem + date,2761626,0.00995527,0.00874503,0.255,0.995527,-0.718498,2.70955,
25_30,5,25–30 °C,25–30 °C,hot,19,2,(2) agem^yday + agem^year + date,2738859,0.0132581,0.0102442,0.196,1.32581,-0.682055,3.33368,
25_30,5,25–30 °C,25–30 °C,hot,19,3,(3) agem^week + state^year + weekday,2748411,0.01732,0.0142991,0.226,1.732,-1.07062,4.53461,
25_30,5,25–30 °C,25–30 °C,hot,19,4,(4) agem + state^year + yday + weekday,2761626,0.0260308,0.00848591,0.00216,2.60308,0.939838,4.26631,***
25_30,5,25–30 °C,25–30 °C,hot,19,5,(5) agem^year^month + weekday,2643528,0.0263729,0.00696165,1.52e-4,2.63729,1.27281,4.00178,***
25_30,5,25–30 °C,25–30 °C,hot,19,6,(6) agem^weekday + agem^year^month,2642643,0.0269285,0.00692796,1.02e-4,2.69285,1.33497,4.05073,***
25_30,5,25–30 °C,25–30 °C,hot,19,7,(7) agem^year^month + date,2643528,0.00341085,0.00684913,0.618,0.341085,-1.00134,1.68351,
25_30,5,25–30 °C,25–30 °C,hot,20,1,(1) agem + date,2761626,0.00927203,0.00876318,0.29,0.927203,-0.790381,2.64479,
25_30,5,25–30 °C,25–30 °C,hot,20,2,(2) agem^yday + agem^year + date,2738859,0.0126826,0.0107323,0.237,1.26826,-0.83528,3.3718,
25_30,5,25–30 °C,25–30 °C,hot,20,3,(3) agem^week + state^year + weekday,2748411,0.0159509,0.0148337,0.282,1.59509,-1.31231,4.50248,
25_30,5,25–30 °C,25–30 °C,hot,20,4,(4) agem + state^year + yday + weekday,2761626,0.0258849,0.00836513,0.00197,2.58849,0.948926,4.22806,***
25_30,5,25–30 °C,25–30 °C,hot,20,5,(5) agem^year^month + weekday,2643528,0.0265514,0.00685429,1.07e-4,2.65514,1.3117,3.99858,***
25_30,5,25–30 °C,25–30 °C,hot,20,6,(6) agem^weekday + agem^year^month,2642643,0.027545,0.00687322,6.13e-5,2.7545,1.40735,4.10165,***
25_30,5,25–30 °C,25–30 °C,hot,20,7,(7) agem^year^month + date,2643528,0.00218224,0.00692926,0.753,0.218224,-1.13991,1.57636,
25_30,5,25–30 °C,25–30 °C,hot,21,1,(1) agem + date,2761626,0.00982673,0.00900344,0.275,0.982673,-0.782001,2.74735,
25_30,5,25–30 °C,25–30 °C,hot,21,2,(2) agem^yday + agem^year + date,2738859,0.0129184,0.0112309,0.25,1.29184,-0.909419,3.49311,
25_30,5,25–30 °C,25–30 °C,hot,21,3,(3) agem^week + state^year + weekday,2748411,0.0153335,0.0156692,0.328,1.53335,-1.53782,4.60452,
25_30,5,25–30 °C,25–30 °C,hot,21,4,(4) agem + state^year + yday + weekday,2761626,0.0267758,0.00866137,0.00199,2.67758,0.979956,4.37521,***
25_30,5,25–30 °C,25–30 °C,hot,21,5,(5) agem^year^month + weekday,2643528,0.0279744,0.00722792,1.09e-4,2.79744,1.38077,4.21411,***
25_30,5,25–30 °C,25–30 °C,hot,21,6,(6) agem^weekday + agem^year^month,2642643,0.0293927,0.00724985,5.03e-5,2.93927,1.5183,4.36024,***
25_30,5,25–30 °C,25–30 °C,hot,21,7,(7) agem^year^month + date,2643528,0.00239576,0.00723961,0.741,0.239576,-1.17939,1.65854,
25_30,5,25–30 °C,25–30 °C,hot,22,1,(1) agem + date,2761626,0.00775074,0.00911144,0.395,0.775074,-1.01077,2.56092,
25_30,5,25–30 °C,25–30 °C,hot,22,2,(2) agem^yday + agem^year + date,2738859,0.010544,0.0116041,0.364,1.0544,-1.22,3.32881,
25_30,5,25–30 °C,25–30 °C,hot,22,3,(3) agem^week + state^year + weekday,2748411,0.0126215,0.0162704,0.438,1.26215,-1.92684,4.45114,
25_30,5,25–30 °C,25–30 °C,hot,22,4,(4) agem + state^year + yday + weekday,2761626,0.0259038,0.00873547,0.00302,2.59038,0.878231,4.30253,***
25_30,5,25–30 °C,25–30 °C,hot,22,5,(5) agem^year^month + weekday,2643528,0.0272563,0.0072502,1.7e-4,2.72563,1.30459,4.14667,***
25_30,5,25–30 °C,25–30 °C,hot,22,6,(6) agem^weekday + agem^year^month,2642643,0.0285712,0.00724954,8.11e-5,2.85712,1.43621,4.27803,***
25_30,5,25–30 °C,25–30 °C,hot,22,7,(7) agem^year^month + date,2643528,1.7179e-4,0.00741535,0.982,0.017179,-1.43623,1.47059,
25_30,5,25–30 °C,25–30 °C,hot,23,1,(1) agem + date,2761626,0.0109684,0.00917306,0.232,1.09684,-0.701082,2.8947600000000002,
25_30,5,25–30 °C,25–30 °C,hot,23,2,(2) agem^yday + agem^year + date,2738859,0.0131371,0.0116701,0.26,1.31371,-0.973634,3.60106,
25_30,5,25–30 °C,25–30 °C,hot,23,3,(3) agem^week + state^year + weekday,2748411,0.0157717,0.0167286,0.346,1.57717,-1.70163,4.85597,
25_30,5,25–30 °C,25–30 °C,hot,23,4,(4) agem + state^year + yday + weekday,2761626,0.0305479,0.00876259,4.9e-4,3.05479,1.33733,4.77226,***
25_30,5,25–30 °C,25–30 °C,hot,23,5,(5) agem^year^month + weekday,2643528,0.032558,0.00746888,1.31e-5,3.2558,1.7919,4.7197,***
25_30,5,25–30 °C,25–30 °C,hot,23,6,(6) agem^weekday + agem^year^month,2642643,0.0332835,0.00744058,7.7e-6,3.32835,1.87,4.78671,***
25_30,5,25–30 °C,25–30 °C,hot,23,7,(7) agem^year^month + date,2643528,0.0029474,0.00766317,0.701,0.29474,-1.20724,1.79672,
25_30,5,25–30 °C,25–30 °C,hot,24,1,(1) agem + date,2761626,0.011112,0.00909299,0.222,1.1112,-0.671025,2.89343,
25_30,5,25–30 °C,25–30 °C,hot,24,2,(2) agem^yday + agem^year + date,2738859,0.013821,0.0121322,0.255,1.3821,-0.995814,3.76,
25_30,5,25–30 °C,25–30 °C,hot,24,3,(3) agem^week + state^year + weekday,2748411,0.0148952,0.0172276,0.387,1.48952,-1.8871,4.86614,
25_30,5,25–30 °C,25–30 °C,hot,24,4,(4) agem + state^year + yday + weekday,2761626,0.0309691,0.00857154,3.03e-4,3.09691,1.41689,4.77693,***
25_30,5,25–30 °C,25–30 °C,hot,24,5,(5) agem^year^month + weekday,2643528,0.0339009,0.00726854,3.1e-6,3.39009,1.96546,4.81473,***
25_30,5,25–30 °C,25–30 °C,hot,24,6,(6) agem^weekday + agem^year^month,2642643,0.0347907,0.00726588,1.68e-6,3.47907,2.05496,4.90318,***
25_30,5,25–30 °C,25–30 °C,hot,24,7,(7) agem^year^month + date,2643528,0.00275017,0.00761906,0.718,0.275017,-1.21832,1.76835,
25_30,5,25–30 °C,25–30 °C,hot,25,1,(1) agem + date,2761626,0.0107594,0.00925187,0.245,1.07594,-0.737426,2.88931,
25_30,5,25–30 °C,25–30 °C,hot,25,2,(2) agem^yday + agem^year + date,2738859,0.0128691,0.0123242,0.296,1.28691,-1.12864,3.70245,
25_30,5,25–30 °C,25–30 °C,hot,25,3,(3) agem^week + state^year + weekday,2748411,0.0132954,0.0177847,0.455,1.32954,-2.15626,4.81535,
25_30,5,25–30 °C,25–30 °C,hot,25,4,(4) agem + state^year + yday + weekday,2761626,0.0306488,0.00880673,5.01e-4,3.06488,1.33876,4.791,***
25_30,5,25–30 °C,25–30 °C,hot,25,5,(5) agem^year^month + weekday,2643528,0.0340686,0.00792113,1.7e-5,3.40686,1.85432,4.9594,***
25_30,5,25–30 °C,25–30 °C,hot,25,6,(6) agem^weekday + agem^year^month,2642643,0.0352071,0.00789785,8.28e-6,3.52071,1.97273,5.06869,***
25_30,5,25–30 °C,25–30 °C,hot,25,7,(7) agem^year^month + date,2643528,0.00151817,0.0081754,0.853,0.151817,-1.45056,1.75419,
25_30,5,25–30 °C,25–30 °C,hot,26,1,(1) agem + date,2761626,0.0130738,0.00941824,0.165,1.30738,-0.538598,3.15335,
25_30,5,25–30 °C,25–30 °C,hot,26,2,(2) agem^yday + agem^year + date,2738859,0.0137491,0.0128587,0.285,1.37491,-1.1454,3.89522,
25_30,5,25–30 °C,25–30 °C,hot,26,3,(3) agem^week + state^year + weekday,2748411,0.0141221,0.0185844,0.447,1.41221,-2.23034,5.05476,
25_30,5,25–30 °C,25–30 °C,hot,26,4,(4) agem + state^year + yday + weekday,2761626,0.033728,0.00887579,1.45e-4,3.3728,1.63315,5.11246,***
25_30,5,25–30 °C,25–30 °C,hot,26,5,(5) agem^year^month + weekday,2643528,0.0368972,0.00784953,2.59e-6,3.68972,2.15121,5.22823,***
25_30,5,25–30 °C,25–30 °C,hot,26,6,(6) agem^weekday + agem^year^month,2642643,0.037663,0.00782886,1.5e-6,3.7663,2.23185,5.30076,***
25_30,5,25–30 °C,25–30 °C,hot,26,7,(7) agem^year^month + date,2643528,0.00292034,0.00820029,0.722,0.292034,-1.31522,1.89929,
25_30,5,25–30 °C,25–30 °C,hot,27,1,(1) agem + date,2761626,0.0100587,0.00971281,0.3,1.00587,-0.89784,2.90958,
25_30,5,25–30 °C,25–30 °C,hot,27,2,(2) agem^yday + agem^year + date,2738859,0.0107153,0.0132201,0.418,1.07153,-1.51961,3.66267,
25_30,5,25–30 °C,25–30 °C,hot,27,3,(3) agem^week + state^year + weekday,2748411,0.00963837,0.0191952,0.616,0.963837,-2.79842,4.72609,
25_30,5,25–30 °C,25–30 °C,hot,27,4,(4) agem + state^year + yday + weekday,2761626,0.0313332,0.00918651,6.48e-4,3.13332,1.33276,4.93388,***
25_30,5,25–30 °C,25–30 °C,hot,27,5,(5) agem^year^month + weekday,2643528,0.0343542,0.0078616,1.24e-5,3.43542,1.89455,4.97629,***
25_30,5,25–30 °C,25–30 °C,hot,27,6,(6) agem^weekday + agem^year^month,2642643,0.035506,0.00786418,6.33e-6,3.5506,2.00922,5.09197,***
25_30,5,25–30 °C,25–30 °C,hot,27,7,(7) agem^year^month + date,2643528,-7.12835e-4,0.0083064,0.932,-0.0712835,-1.69934,1.55677,
25_30,5,25–30 °C,25–30 °C,hot,28,1,(1) agem + date,2761626,0.0136567,0.0100657,0.175,1.36567,-0.607202,3.33854,
25_30,5,25–30 °C,25–30 °C,hot,28,2,(2) agem^yday + agem^year + date,2738859,0.0133426,0.013746,0.332,1.33426,-1.35995,4.02847,
25_30,5,25–30 °C,25–30 °C,hot,28,3,(3) agem^week + state^year + weekday,2748411,0.0120126,0.0200432,0.549,1.20126,-2.7272,5.12972,
25_30,5,25–30 °C,25–30 °C,hot,28,4,(4) agem + state^year + yday + weekday,2761626,0.0363478,0.00938617,1.08e-4,3.63478,1.79509,5.47446,***
25_30,5,25–30 °C,25–30 °C,hot,28,5,(5) agem^year^month + weekday,2643528,0.03925,0.00808863,1.22e-6,3.925,2.33963,5.51037,***
25_30,5,25–30 °C,25–30 °C,hot,28,6,(6) agem^weekday + agem^year^month,2642643,0.0408715,0.00811167,4.69e-7,4.08715,2.49726,5.67704,***
25_30,5,25–30 °C,25–30 °C,hot,28,7,(7) agem^year^month + date,2643528,0.00252555,0.00868248,0.771,0.252555,-1.44921,1.95432,
25_30,5,25–30 °C,25–30 °C,hot,29,1,(1) agem + date,2761626,0.0132195,0.0104678,0.207,1.32195,-0.729735,3.37363,
25_30,5,25–30 °C,25–30 °C,hot,29,2,(2) agem^yday + agem^year + date,2738859,0.0124053,0.0140486,0.377,1.24053,-1.51299,3.99405,
25_30,5,25–30 °C,25–30 °C,hot,29,3,(3) agem^week + state^year + weekday,2748411,0.00905487,0.0206218,0.661,0.905487,-3.13639,4.94736,
25_30,5,25–30 °C,25–30 °C,hot,29,4,(4) agem + state^year + yday + weekday,2761626,0.0363495,0.00960146,1.53e-4,3.63495,1.75306,5.51684,***
25_30,5,25–30 °C,25–30 °C,hot,29,5,(5) agem^year^month + weekday,2643528,0.0391493,0.00804932,1.15e-6,3.91493,2.33727,5.4926,***
25_30,5,25–30 °C,25–30 °C,hot,29,6,(6) agem^weekday + agem^year^month,2642643,0.0406015,0.00803586,4.36e-7,4.06015,2.48512,5.63518,***
25_30,5,25–30 °C,25–30 °C,hot,29,7,(7) agem^year^month + date,2643528,0.00185514,0.00875132,0.832,0.185514,-1.52975,1.90077,
25_30,5,25–30 °C,25–30 °C,hot,30,1,(1) agem + date,2761626,0.0163596,0.0113705,0.15,1.63596,-0.592664,3.86459,
25_30,5,25–30 °C,25–30 °C,hot,30,2,(2) agem^yday + agem^year + date,2738859,0.0128953,0.0147927,0.383,1.28953,-1.60984,4.18889,
25_30,5,25–30 °C,25–30 °C,hot,30,3,(3) agem^week + state^year + weekday,2748411,0.00775972,0.0220008,0.724,0.775972,-3.53619,5.08813,
25_30,5,25–30 °C,25–30 °C,hot,30,4,(4) agem + state^year + yday + weekday,2761626,0.042193,0.0102467,3.83e-5,4.2193,2.21095,6.22765,***
25_30,5,25–30 °C,25–30 °C,hot,30,5,(5) agem^year^month + weekday,2643528,0.0435882,0.00838447,2.01e-7,4.35882,2.71546,6.00217,***
25_30,5,25–30 °C,25–30 °C,hot,30,6,(6) agem^weekday + agem^year^month,2642643,0.0446652,0.0083735,9.6e-8,4.46652,2.82531,6.10773,***
25_30,5,25–30 °C,25–30 °C,hot,30,7,(7) agem^year^month + date,2643528,0.00471085,0.00903008,0.602,0.471085,-1.29881,2.24098,
30_45,6,>30 °C,>30 °C,hot,0,1,(1) agem + date,2761626,0.0296143,0.00453775,6.75e-11,2.96143,2.07203,3.85083,***
30_45,6,>30 °C,>30 °C,hot,0,2,(2) agem^yday + agem^year + date,2738859,0.0320952,0.00414442,9.62e-15,3.20952,2.39722,4.02183,***
30_45,6,>30 °C,>30 °C,hot,0,3,(3) agem^week + state^year + weekday,2748411,0.0411261,0.00438964,7.33e-21,4.11261,3.25224,4.97298,***
30_45,6,>30 °C,>30 °C,hot,0,4,(4) agem + state^year + yday + weekday,2761626,0.0376034,0.00466121,7.19e-16,3.76034,2.84674,4.67394,***
30_45,6,>30 °C,>30 °C,hot,0,5,(5) agem^year^month + weekday,2643528,0.0369576,0.00336695,4.95e-28,3.69576,3.03583,4.35568,***
30_45,6,>30 °C,>30 °C,hot,0,6,(6) agem^weekday + agem^year^month,2642643,0.0373507,0.0033501,7.23e-29,3.73507,3.07845,4.39169,***
30_45,6,>30 °C,>30 °C,hot,0,7,(7) agem^year^month + date,2643528,0.0300154,0.00341683,1.57e-18,3.00154,2.33184,3.67124,***
30_45,6,>30 °C,>30 °C,hot,1,1,(1) agem + date,2761626,0.0247648,0.00567791,1.29e-5,2.47648,1.36361,3.58935,***
30_45,6,>30 °C,>30 °C,hot,1,2,(2) agem^yday + agem^year + date,2738859,0.0270558,0.00463954,5.49e-9,2.70558,1.79623,3.61493,***
30_45,6,>30 °C,>30 °C,hot,1,3,(3) agem^week + state^year + weekday,2748411,0.0395582,0.00534465,1.35e-13,3.95582,2.90826,5.00337,***
30_45,6,>30 °C,>30 °C,hot,1,4,(4) agem + state^year + yday + weekday,2761626,0.0348062,0.00596467,5.37e-9,3.48062,2.31155,4.6497,***
30_45,6,>30 °C,>30 °C,hot,1,5,(5) agem^year^month + weekday,2643528,0.0341892,0.00382541,3.98e-19,3.41892,2.66914,4.1687,***
30_45,6,>30 °C,>30 °C,hot,1,6,(6) agem^weekday + agem^year^month,2642643,0.034518,0.00373452,2.4e-20,3.4518,2.71983,4.18376,***
30_45,6,>30 °C,>30 °C,hot,1,7,(7) agem^year^month + date,2643528,0.0254144,0.00388543,6.11e-11,2.54144,1.7799,3.30299,***
30_45,6,>30 °C,>30 °C,hot,2,1,(1) agem + date,2761626,0.025823,0.00625959,3.7e-5,2.5823,1.35542,3.80918,***
30_45,6,>30 °C,>30 °C,hot,2,2,(2) agem^yday + agem^year + date,2738859,0.0274461,0.00516301,1.06e-7,2.74461,1.73266,3.75656,***
30_45,6,>30 °C,>30 °C,hot,2,3,(3) agem^week + state^year + weekday,2748411,0.0427158,0.00613921,3.45e-12,4.27158,3.0683,5.47487,***
30_45,6,>30 °C,>30 °C,hot,2,4,(4) agem + state^year + yday + weekday,2761626,0.0374738,0.00676638,3.06e-8,3.74738,2.42117,5.07359,***
30_45,6,>30 °C,>30 °C,hot,2,5,(5) agem^year^month + weekday,2643528,0.0380436,0.00472626,8.32e-16,3.80436,2.87802,4.73071,***
30_45,6,>30 °C,>30 °C,hot,2,6,(6) agem^weekday + agem^year^month,2642643,0.0374372,0.0047147,2.01e-15,3.74372,2.81964,4.6678,***
30_45,6,>30 °C,>30 °C,hot,2,7,(7) agem^year^month + date,2643528,0.0273319,0.0045325,1.64e-9,2.73319,1.84482,3.62156,***
30_45,6,>30 °C,>30 °C,hot,3,1,(1) agem + date,2761626,0.0270307,0.00810289,8.5e-4,2.70307,1.11491,4.29124,***
30_45,6,>30 °C,>30 °C,hot,3,2,(2) agem^yday + agem^year + date,2738859,0.0276049,0.00604698,4.99e-6,2.76049,1.57528,3.9457,***
30_45,6,>30 °C,>30 °C,hot,3,3,(3) agem^week + state^year + weekday,2748411,0.0463646,0.00765594,1.4e-9,4.63646,3.1359,6.13703,***
30_45,6,>30 °C,>30 °C,hot,3,4,(4) agem + state^year + yday + weekday,2761626,0.0410439,0.00858036,1.72e-6,4.10439,2.42264,5.78614,***
30_45,6,>30 °C,>30 °C,hot,3,5,(5) agem^year^month + weekday,2643528,0.0422354,0.00571658,1.49e-13,4.22354,3.10309,5.34399,***
30_45,6,>30 °C,>30 °C,hot,3,6,(6) agem^weekday + agem^year^month,2642643,0.041712,0.00567606,2e-13,4.1712,3.05869,5.2837,***
30_45,6,>30 °C,>30 °C,hot,3,7,(7) agem^year^month + date,2643528,0.0282808,0.0055306900000000004,3.16e-7,2.82808,1.74406,3.91209,***
30_45,6,>30 °C,>30 °C,hot,4,1,(1) agem + date,2761626,0.0247638,0.00894119,0.00561,2.47638,0.72391,4.22886,***
30_45,6,>30 °C,>30 °C,hot,4,2,(2) agem^yday + agem^year + date,2738859,0.0250073,0.00729553,6.09e-4,2.50073,1.07081,3.93065,***
30_45,6,>30 °C,>30 °C,hot,4,3,(3) agem^week + state^year + weekday,2748411,0.0467823,0.00896311,1.79e-7,4.67823,2.92146,6.435,***
30_45,6,>30 °C,>30 °C,hot,4,4,(4) agem + state^year + yday + weekday,2761626,0.0412996,0.0094916,1.35e-5,4.12996,2.26961,5.99031,***
30_45,6,>30 °C,>30 °C,hot,4,5,(5) agem^year^month + weekday,2643528,0.0438373,0.0065204,1.78e-11,4.38373,3.10573,5.66173,***
30_45,6,>30 °C,>30 °C,hot,4,6,(6) agem^weekday + agem^year^month,2642643,0.0434738,0.00646056,1.71e-11,4.34738,3.08111,5.61365,***
30_45,6,>30 °C,>30 °C,hot,4,7,(7) agem^year^month + date,2643528,0.0265476,0.0061757,1.72e-5,2.65476,1.44432,3.8652,***
30_45,6,>30 °C,>30 °C,hot,5,1,(1) agem + date,2761626,0.0266218,0.00991203,0.00724,2.66218,0.719424,4.60494,***
30_45,6,>30 °C,>30 °C,hot,5,2,(2) agem^yday + agem^year + date,2738859,0.0273342,0.00804828,6.83e-4,2.73342,1.15596,4.31089,***
30_45,6,>30 °C,>30 °C,hot,5,3,(3) agem^week + state^year + weekday,2748411,0.0494206,0.00962815,2.85e-7,4.94206,3.05495,6.82918,***
30_45,6,>30 °C,>30 °C,hot,5,4,(4) agem + state^year + yday + weekday,2761626,0.0436824,0.0103207,2.31e-5,4.36824,2.34539,6.39109,***
30_45,6,>30 °C,>30 °C,hot,5,5,(5) agem^year^month + weekday,2643528,0.046243,0.0063427,3.08e-13,4.6243,3.38113,5.86747,***
30_45,6,>30 °C,>30 °C,hot,5,6,(6) agem^weekday + agem^year^month,2642643,0.0458801,0.00633251,4.32e-13,4.58801,3.34684,5.82919,***
30_45,6,>30 °C,>30 °C,hot,5,7,(7) agem^year^month + date,2643528,0.0280482,0.00617943,5.65e-6,2.80482,1.59365,4.01599,***
30_45,6,>30 °C,>30 °C,hot,6,1,(1) agem + date,2761626,0.025031,0.0109577,0.0224,2.5031,0.355386,4.65082,**
30_45,6,>30 °C,>30 °C,hot,6,2,(2) agem^yday + agem^year + date,2738859,0.024421000000000002,0.00855722,0.00432,2.4421,0.764884,4.11931,***
30_45,6,>30 °C,>30 °C,hot,6,3,(3) agem^week + state^year + weekday,2748411,0.0459671,0.0104725,1.14e-5,4.59671,2.54409,6.64932,***
30_45,6,>30 °C,>30 °C,hot,6,4,(4) agem + state^year + yday + weekday,2761626,0.0399383,0.011184,3.56e-4,3.99383,1.80178,6.18589,***
30_45,6,>30 °C,>30 °C,hot,6,5,(5) agem^year^month + weekday,2643528,0.0428911,0.007044,1.14e-9,4.28911,2.90849,5.66974,***
30_45,6,>30 °C,>30 °C,hot,6,6,(6) agem^weekday + agem^year^month,2642643,0.0439553,0.007037,4.2e-10,4.39553,3.01628,5.77479,***
30_45,6,>30 °C,>30 °C,hot,6,7,(7) agem^year^month + date,2643528,0.0249767,0.00674354,2.12e-4,2.49767,1.17593,3.8194,***
30_45,6,>30 °C,>30 °C,hot,7,1,(1) agem + date,2761626,0.0231558,0.0119392,0.0524,2.31558,-0.024499,4.65565,*
30_45,6,>30 °C,>30 °C,hot,7,2,(2) agem^yday + agem^year + date,2738859,0.0209503,0.00933417,0.0248,2.09503,0.265532,3.92453,**
30_45,6,>30 °C,>30 °C,hot,7,3,(3) agem^week + state^year + weekday,2748411,0.0439276,0.0114635,1.27e-4,4.39276,2.14591,6.63961,***
30_45,6,>30 °C,>30 °C,hot,7,4,(4) agem + state^year + yday + weekday,2761626,0.0378909,0.0119361,0.0015,3.78909,1.4496,6.12857,***
30_45,6,>30 °C,>30 °C,hot,7,5,(5) agem^year^month + weekday,2643528,0.0406347,0.00734165,3.12e-8,4.06347,2.6245,5.50243,***
30_45,6,>30 °C,>30 °C,hot,7,6,(6) agem^weekday + agem^year^month,2642643,0.0413768,0.00745035,2.8e-8,4.13768,2.67741,5.59794,***
30_45,6,>30 °C,>30 °C,hot,7,7,(7) agem^year^month + date,2643528,0.0218787,0.00735411,0.00293,2.18787,0.746465,3.62928,***
30_45,6,>30 °C,>30 °C,hot,8,1,(1) agem + date,2761626,0.0199254,0.012364,0.107,1.99254,-0.430798,4.41588,
30_45,6,>30 °C,>30 °C,hot,8,2,(2) agem^yday + agem^year + date,2738859,0.0167784,0.00925609,0.0699,1.67784,-0.136357,3.49203,*
30_45,6,>30 °C,>30 °C,hot,8,3,(3) agem^week + state^year + weekday,2748411,0.0398754,0.0121901,0.00107,3.98754,1.59828,6.3768,***
30_45,6,>30 °C,>30 °C,hot,8,4,(4) agem + state^year + yday + weekday,2761626,0.0344232,0.0124317,0.00562,3.44232,1.0057,5.87893,***
30_45,6,>30 °C,>30 °C,hot,8,5,(5) agem^year^month + weekday,2643528,0.0365204,0.00755916,1.36e-6,3.65204,2.17045,5.13364,***
30_45,6,>30 °C,>30 °C,hot,8,6,(6) agem^weekday + agem^year^month,2642643,0.0370226,0.00749615,7.86e-7,3.70226,2.23301,5.17151,***
30_45,6,>30 °C,>30 °C,hot,8,7,(7) agem^year^month + date,2643528,0.0178591,0.00720584,0.0132,1.78591,0.373566,3.19826,**
30_45,6,>30 °C,>30 °C,hot,9,1,(1) agem + date,2761626,0.0179973,0.0127821,0.159,1.79973,-0.705567,4.30502,
30_45,6,>30 °C,>30 °C,hot,9,2,(2) agem^yday + agem^year + date,2738859,0.0133771,0.0105049,0.203,1.33771,-0.72125,3.39667,
30_45,6,>30 °C,>30 °C,hot,9,3,(3) agem^week + state^year + weekday,2748411,0.0373502,0.0133761,0.00523,3.73502,1.1133,6.35674,***
30_45,6,>30 °C,>30 °C,hot,9,4,(4) agem + state^year + yday + weekday,2761626,0.0314318,0.0129368,0.0151,3.14318,0.607573,5.67879,**
30_45,6,>30 °C,>30 °C,hot,9,5,(5) agem^year^month + weekday,2643528,0.0351265,0.0085438,3.93e-5,3.51265,1.83807,5.18724,***
30_45,6,>30 °C,>30 °C,hot,9,6,(6) agem^weekday + agem^year^month,2642643,0.0349105,0.008555,4.49e-5,3.49105,1.81427,5.16783,***
30_45,6,>30 °C,>30 °C,hot,9,7,(7) agem^year^month + date,2643528,0.0150328,0.0082905,0.0698,1.50328,-0.121655,3.12822,*
30_45,6,>30 °C,>30 °C,hot,10,1,(1) agem + date,2761626,0.0105545,0.0136847,0.441,1.05545,-1.62674,3.73765,
30_45,6,>30 °C,>30 °C,hot,10,2,(2) agem^yday + agem^year + date,2738859,0.00440534,0.0106071,0.678,0.440534,-1.63847,2.51953,
30_45,6,>30 °C,>30 °C,hot,10,3,(3) agem^week + state^year + weekday,2748411,0.0258907,0.0139986,0.0644,2.58907,-0.154659,5.3328,*
30_45,6,>30 °C,>30 °C,hot,10,4,(4) agem + state^year + yday + weekday,2761626,0.0213277,0.0136618,0.118,2.13277,-0.544934,4.81048,
30_45,6,>30 °C,>30 °C,hot,10,5,(5) agem^year^month + weekday,2643528,0.0257215,0.00888236,0.00378,2.57215,0.831205,4.31309,***
30_45,6,>30 °C,>30 °C,hot,10,6,(6) agem^weekday + agem^year^month,2642643,0.025635,0.00883832,0.00373,2.5635,0.831188,4.29581,***
30_45,6,>30 °C,>30 °C,hot,10,7,(7) agem^year^month + date,2643528,0.00688638,0.00806558,0.393,0.688638,-0.892216,2.26949,
30_45,6,>30 °C,>30 °C,hot,11,1,(1) agem + date,2761626,0.00383744,0.0132953,0.773,0.383744,-2.22214,2.98963,
30_45,6,>30 °C,>30 °C,hot,11,2,(2) agem^yday + agem^year + date,2738859,-0.00279247,0.0118633,0.814,-0.279247,-2.60445,2.04596,
30_45,6,>30 °C,>30 °C,hot,11,3,(3) agem^week + state^year + weekday,2748411,0.0173667,0.0146171,0.235,1.73667,-1.12829,4.60164,
30_45,6,>30 °C,>30 °C,hot,11,4,(4) agem + state^year + yday + weekday,2761626,0.0139482,0.0129762,0.282,1.39482,-1.14851,3.93816,
30_45,6,>30 °C,>30 °C,hot,11,5,(5) agem^year^month + weekday,2643528,0.0184638,0.00871331,0.0341,1.84638,0.138568,3.55418,**
30_45,6,>30 °C,>30 °C,hot,11,6,(6) agem^weekday + agem^year^month,2642643,0.018489,0.00862792,0.0321,1.8489,0.157832,3.53997,**
30_45,6,>30 °C,>30 °C,hot,11,7,(7) agem^year^month + date,2643528,-2.45388e-4,0.00871157,0.978,-0.0245388,-1.73201,1.68293,
30_45,6,>30 °C,>30 °C,hot,12,1,(1) agem + date,2761626,0.00336625,0.0134038,0.802,0.336625,-2.29052,2.96377,
30_45,6,>30 °C,>30 °C,hot,12,2,(2) agem^yday + agem^year + date,2738859,-0.00352037,0.0121681,0.772,-0.352037,-2.73697,2.0329,
30_45,6,>30 °C,>30 °C,hot,12,3,(3) agem^week + state^year + weekday,2748411,0.0150688,0.0155035,0.331,1.50688,-1.5318,4.54555,
30_45,6,>30 °C,>30 °C,hot,12,4,(4) agem + state^year + yday + weekday,2761626,0.0128898,0.0131863,0.328,1.28898,-1.29555,3.8735,
30_45,6,>30 °C,>30 °C,hot,12,5,(5) agem^year^month + weekday,2643528,0.0178589,0.00853244,0.0363,1.78589,0.113534,3.45825,**
30_45,6,>30 °C,>30 °C,hot,12,6,(6) agem^weekday + agem^year^month,2642643,0.01782,0.0085377,0.0369,1.782,0.108614,3.45539,**
30_45,6,>30 °C,>30 °C,hot,12,7,(7) agem^year^month + date,2643528,-0.00119284,0.00861245,0.89,-0.119284,-1.80732,1.56876,
30_45,6,>30 °C,>30 °C,hot,13,1,(1) agem + date,2761626,0.00671399,0.0140605,0.633,0.671399,-2.08446,3.42726,
30_45,6,>30 °C,>30 °C,hot,13,2,(2) agem^yday + agem^year + date,2738859,-0.0016332,0.0125959,0.897,-0.16332,-2.63211,2.30547,
30_45,6,>30 °C,>30 °C,hot,13,3,(3) agem^week + state^year + weekday,2748411,0.0156252,0.0162715,0.337,1.56252,-1.62669,4.75173,
30_45,6,>30 °C,>30 °C,hot,13,4,(4) agem + state^year + yday + weekday,2761626,0.0150163,0.0134239,0.263,1.50163,-1.12945,4.13272,
30_45,6,>30 °C,>30 °C,hot,13,5,(5) agem^year^month + weekday,2643528,0.0204026,0.00850082,0.0164,2.04026,0.374103,3.70642,**
30_45,6,>30 °C,>30 °C,hot,13,6,(6) agem^weekday + agem^year^month,2642643,0.0218562,0.00851962,0.0103,2.18562,0.515769,3.85546,**
30_45,6,>30 °C,>30 °C,hot,13,7,(7) agem^year^month + date,2643528,0.00131908,0.0088061,0.881,0.131908,-1.59409,1.8579,
30_45,6,>30 °C,>30 °C,hot,14,1,(1) agem + date,2761626,0.00560532,0.0140054,0.689,0.560532,-2.18453,3.3056,
30_45,6,>30 °C,>30 °C,hot,14,2,(2) agem^yday + agem^year + date,2738859,-0.00472768,0.0133463,0.723,-0.472768,-3.08865,2.14311,
30_45,6,>30 °C,>30 °C,hot,14,3,(3) agem^week + state^year + weekday,2748411,0.0146916,0.0174841,0.401,1.46916,-1.95772,4.89604,
30_45,6,>30 °C,>30 °C,hot,14,4,(4) agem + state^year + yday + weekday,2761626,0.0134551,0.0135027,0.319,1.34551,-1.30101,3.99204,
30_45,6,>30 °C,>30 °C,hot,14,5,(5) agem^year^month + weekday,2643528,0.0216229,0.0088798,0.0149,2.16229,0.421851,3.90273,**
30_45,6,>30 °C,>30 °C,hot,14,6,(6) agem^weekday + agem^year^month,2642643,0.0228072,0.00895457,0.0109,2.28072,0.525623,4.03582,**
30_45,6,>30 °C,>30 °C,hot,14,7,(7) agem^year^month + date,2643528,-7.99802e-4,0.00868317,0.927,-0.0799802,-1.78188,1.62192,
30_45,6,>30 °C,>30 °C,hot,15,1,(1) agem + date,2761626,0.00645024,0.0147278,0.661,0.645024,-2.24163,3.53168,
30_45,6,>30 °C,>30 °C,hot,15,2,(2) agem^yday + agem^year + date,2738859,-0.00497788,0.0136727,0.716,-0.497788,-3.17763,2.18206,
30_45,6,>30 °C,>30 °C,hot,15,3,(3) agem^week + state^year + weekday,2748411,0.0146849,0.0181733,0.419,1.46849,-2.09349,5.03046,
30_45,6,>30 °C,>30 °C,hot,15,4,(4) agem + state^year + yday + weekday,2761626,0.0138432,0.0143958,0.336,1.38432,-1.43725,4.20589,
30_45,6,>30 °C,>30 °C,hot,15,5,(5) agem^year^month + weekday,2643528,0.0242362,0.00967441,0.0122,2.42362,0.527438,4.31981,**
30_45,6,>30 °C,>30 °C,hot,15,6,(6) agem^weekday + agem^year^month,2642643,0.0252059,0.00967982,0.00922,2.52059,0.623343,4.41783,***
30_45,6,>30 °C,>30 °C,hot,15,7,(7) agem^year^month + date,2643528,-8.14733e-4,0.00948443,0.932,-0.0814733,-1.94042,1.77748,
30_45,6,>30 °C,>30 °C,hot,16,1,(1) agem + date,2761626,9.00994e-4,0.014557,0.951,0.0900994,-2.76307,2.94327,
30_45,6,>30 °C,>30 °C,hot,16,2,(2) agem^yday + agem^year + date,2738859,-0.0100712,0.0145615,0.489,-1.00712,-3.86117,1.84693,
30_45,6,>30 °C,>30 °C,hot,16,3,(3) agem^week + state^year + weekday,2748411,0.00818365,0.0189929,0.667,0.818365,-2.90424,4.54097,
30_45,6,>30 °C,>30 °C,hot,16,4,(4) agem + state^year + yday + weekday,2761626,0.00853759,0.0141698,0.547,0.853759,-1.92352,3.63104,
30_45,6,>30 °C,>30 °C,hot,16,5,(5) agem^year^month + weekday,2643528,0.021768,0.0103868,0.0361,2.1768,0.140994,4.2126,**
30_45,6,>30 °C,>30 °C,hot,16,6,(6) agem^weekday + agem^year^month,2642643,0.0219386,0.0104075,0.035,2.19386,0.154,4.23373,**
30_45,6,>30 °C,>30 °C,hot,16,7,(7) agem^year^month + date,2643528,-0.0065531,0.00980501,0.504,-0.65531,-2.57709,1.26647,
30_45,6,>30 °C,>30 °C,hot,17,1,(1) agem + date,2761626,-6.74861e-4,0.0145956,0.963,-0.0674861,-2.92822,2.79325,
30_45,6,>30 °C,>30 °C,hot,17,2,(2) agem^yday + agem^year + date,2738859,-0.0156213,0.0150233,0.298,-1.56213,-4.50669,1.38243,
30_45,6,>30 °C,>30 °C,hot,17,3,(3) agem^week + state^year + weekday,2748411,0.00329665,0.0197973,0.868,0.329665,-3.5506,4.20993,
30_45,6,>30 °C,>30 °C,hot,17,4,(4) agem + state^year + yday + weekday,2761626,0.00557021,0.0139878,0.69,0.557021,-2.18458,3.29862,
30_45,6,>30 °C,>30 °C,hot,17,5,(5) agem^year^month + weekday,2643528,0.0201418,0.00952952,0.0345,2.01418,0.146397,3.88197,**
30_45,6,>30 °C,>30 °C,hot,17,6,(6) agem^weekday + agem^year^month,2642643,0.0204824,0.00946264,0.0304,2.04824,0.193565,3.90292,**
30_45,6,>30 °C,>30 °C,hot,17,7,(7) agem^year^month + date,2643528,-0.00913667,0.00951664,0.337,-0.913667,-2.77893,0.951594,
30_45,6,>30 °C,>30 °C,hot,18,1,(1) agem + date,2761626,-0.00237401,0.0148564,0.873,-0.237401,-3.14926,2.67446,
30_45,6,>30 °C,>30 °C,hot,18,2,(2) agem^yday + agem^year + date,2738859,-0.0192659,0.015563,0.216,-1.92659,-4.97694,1.12376,
30_45,6,>30 °C,>30 °C,hot,18,3,(3) agem^week + state^year + weekday,2748411,-0.00218056,0.0206599,0.916,-0.218056,-4.26739,3.83128,
30_45,6,>30 °C,>30 °C,hot,18,4,(4) agem + state^year + yday + weekday,2761626,0.00279602,0.0141188,0.843,0.279602,-2.48768,3.04688,
30_45,6,>30 °C,>30 °C,hot,18,5,(5) agem^year^month + weekday,2643528,0.0181558,0.00987859,0.0661,1.81558,-0.120624,3.75178,*
30_45,6,>30 °C,>30 °C,hot,18,6,(6) agem^weekday + agem^year^month,2642643,0.0187464,0.00981396,0.0561,1.87464,-0.0488991,3.79817,*
30_45,6,>30 °C,>30 °C,hot,18,7,(7) agem^year^month + date,2643528,-0.0117179,0.00969376,0.227,-1.17179,-3.07177,0.728189,
30_45,6,>30 °C,>30 °C,hot,19,1,(1) agem + date,2761626,-0.00374898,0.0151548,0.805,-0.374898,-3.34524,2.59544,
30_45,6,>30 °C,>30 °C,hot,19,2,(2) agem^yday + agem^year + date,2738859,-0.0225558,0.0157996,0.153,-2.25558,-5.35229,0.841136,
30_45,6,>30 °C,>30 °C,hot,19,3,(3) agem^week + state^year + weekday,2748411,-0.00578428,0.021224,0.785,-0.578428,-4.73833,3.58148,
30_45,6,>30 °C,>30 °C,hot,19,4,(4) agem + state^year + yday + weekday,2761626,0.00142014,0.0144815,0.922,0.142014,-2.69636,2.98039,
30_45,6,>30 °C,>30 °C,hot,19,5,(5) agem^year^month + weekday,2643528,0.018195,0.0106426,0.0873,1.8195,-0.266449,3.90544,*
30_45,6,>30 °C,>30 °C,hot,19,6,(6) agem^weekday + agem^year^month,2642643,0.0187191,0.0106314,0.0783,1.87191,-0.211849,3.95566,*
30_45,6,>30 °C,>30 °C,hot,19,7,(7) agem^year^month + date,2643528,-0.0140466,0.0103398,0.174,-1.40466,-3.43127,0.621946,
30_45,6,>30 °C,>30 °C,hot,20,1,(1) agem + date,2761626,-0.00742365,0.0150752,0.622,-0.742365,-3.69711,2.21238,
30_45,6,>30 °C,>30 °C,hot,20,2,(2) agem^yday + agem^year + date,2738859,-0.028348,0.0164318,0.0845,-2.8348,-6.05543,0.38583,*
30_45,6,>30 °C,>30 °C,hot,20,3,(3) agem^week + state^year + weekday,2748411,-0.012513700000000001,0.0221399,0.572,-1.25137,-5.59078,3.08805,
30_45,6,>30 °C,>30 °C,hot,20,4,(4) agem + state^year + yday + weekday,2761626,-0.00351291,0.0145043,0.809,-0.351291,-3.19414,2.49155,
30_45,6,>30 °C,>30 °C,hot,20,5,(5) agem^year^month + weekday,2643528,0.0146894,0.0101979,0.15,1.46894,-0.529843,3.46772,
30_45,6,>30 °C,>30 °C,hot,20,6,(6) agem^weekday + agem^year^month,2642643,0.016728,0.0102029,0.101,1.6728,-0.326972,3.67258,
30_45,6,>30 °C,>30 °C,hot,20,7,(7) agem^year^month + date,2643528,-0.0192114,0.0103803,0.0642,-1.92114,-3.95568,0.113407,*
30_45,6,>30 °C,>30 °C,hot,21,1,(1) agem + date,2761626,-0.00324931,0.0155596,0.835,-0.324931,-3.37461,2.72475,
30_45,6,>30 °C,>30 °C,hot,21,2,(2) agem^yday + agem^year + date,2738859,-0.0269087,0.017334,0.121,-2.69087,-6.08833,0.706583,
30_45,6,>30 °C,>30 °C,hot,21,3,(3) agem^week + state^year + weekday,2748411,-0.0116779,0.023386,0.618,-1.16779,-5.75144,3.41585,
30_45,6,>30 °C,>30 °C,hot,21,4,(4) agem + state^year + yday + weekday,2761626,-8.27115e-4,0.0145737,0.955,-0.0827115,-2.93915,2.77373,
30_45,6,>30 °C,>30 °C,hot,21,5,(5) agem^year^month + weekday,2643528,0.018939,0.0104085,0.0688,1.8939,-0.146161,3.93395,*
30_45,6,>30 °C,>30 °C,hot,21,6,(6) agem^weekday + agem^year^month,2642643,0.0205898,0.0104769,0.0494,2.05898,0.00550013,4.11245,**
30_45,6,>30 °C,>30 °C,hot,21,7,(7) agem^year^month + date,2643528,-0.0161778,0.0105213,0.124,-1.61778,-3.67994,0.444393,
30_45,6,>30 °C,>30 °C,hot,22,1,(1) agem + date,2761626,-0.00721861,0.0157945,0.648,-0.721861,-3.81758,2.37385,
30_45,6,>30 °C,>30 °C,hot,22,2,(2) agem^yday + agem^year + date,2738859,-0.0329708,0.0178045,0.0641,-3.29708,-6.78677,0.1926,*
30_45,6,>30 °C,>30 °C,hot,22,3,(3) agem^week + state^year + weekday,2748411,-0.0174271,0.0243564,0.474,-1.74271,-6.51656,3.03115,
30_45,6,>30 °C,>30 °C,hot,22,4,(4) agem + state^year + yday + weekday,2761626,-0.00438288,0.0149158,0.769,-0.438288,-3.36179,2.48521,
30_45,6,>30 °C,>30 °C,hot,22,5,(5) agem^year^month + weekday,2643528,0.0167861,0.0105601,0.112,1.67861,-0.391177,3.74839,
30_45,6,>30 °C,>30 °C,hot,22,6,(6) agem^weekday + agem^year^month,2642643,0.0182226,0.0104955,0.0825,1.82226,-0.23487,3.87939,*
30_45,6,>30 °C,>30 °C,hot,22,7,(7) agem^year^month + date,2643528,-0.0210965,0.010572,0.046,-2.10965,-4.18176,-0.0375483,**
30_45,6,>30 °C,>30 °C,hot,23,1,(1) agem + date,2761626,-0.00413431,0.0156389,0.792,-0.413431,-3.47866,2.6518,
30_45,6,>30 °C,>30 °C,hot,23,2,(2) agem^yday + agem^year + date,2738859,-0.032449,0.0182321,0.0751,-3.2449,-6.81839,0.32859,*
30_45,6,>30 °C,>30 °C,hot,23,3,(3) agem^week + state^year + weekday,2748411,-0.0166984,0.0251269,0.506,-1.66984,-6.59471,3.25503,
30_45,6,>30 °C,>30 °C,hot,23,4,(4) agem + state^year + yday + weekday,2761626,-0.00134529,0.0148587,0.928,-0.134529,-3.04684,2.77779,
30_45,6,>30 °C,>30 °C,hot,23,5,(5) agem^year^month + weekday,2643528,0.0216583,0.0112224,0.0536,2.16583,-0.0337534,4.36541,*
30_45,6,>30 °C,>30 °C,hot,23,6,(6) agem^weekday + agem^year^month,2642643,0.0223107,0.0111455,0.0453,2.23107,0.046549599999999997,4.41559,**
30_45,6,>30 °C,>30 °C,hot,23,7,(7) agem^year^month + date,2643528,-0.0194617,0.011194,0.0821,-1.94617,-4.14019,0.247851,*
30_45,6,>30 °C,>30 °C,hot,24,1,(1) agem + date,2761626,-0.00350417,0.0155449,0.822,-0.350417,-3.39722,2.69638,
30_45,6,>30 °C,>30 °C,hot,24,2,(2) agem^yday + agem^year + date,2738859,-0.0345514,0.0189046,0.0676,-3.45514,-7.16044,0.250159,*
30_45,6,>30 °C,>30 °C,hot,24,3,(3) agem^week + state^year + weekday,2748411,-0.0198515,0.0256227,0.438,-1.98515,-7.0072,3.0369,
30_45,6,>30 °C,>30 °C,hot,24,4,(4) agem + state^year + yday + weekday,2761626,-0.00236608,0.0146477,0.872,-0.236608,-3.10755,2.63434,
30_45,6,>30 °C,>30 °C,hot,24,5,(5) agem^year^month + weekday,2643528,0.0227545,0.0109856,0.0383,2.27545,0.122276,4.42863,**
30_45,6,>30 °C,>30 °C,hot,24,6,(6) agem^weekday + agem^year^month,2642643,0.023578000000000002,0.0108997,0.0305,2.3578,0.221459,4.49414,**
30_45,6,>30 °C,>30 °C,hot,24,7,(7) agem^year^month + date,2643528,-0.0213177,0.0113849,0.0611,-2.13177,-4.36322,0.0996784,*
30_45,6,>30 °C,>30 °C,hot,25,1,(1) agem + date,2761626,-0.00276648,0.0154843,0.858,-0.276648,-3.31157,2.75827,
30_45,6,>30 °C,>30 °C,hot,25,2,(2) agem^yday + agem^year + date,2738859,-0.036215,0.0193969,0.0619,-3.6215,-7.4233,0.180304,*
30_45,6,>30 °C,>30 °C,hot,25,3,(3) agem^week + state^year + weekday,2748411,-0.0202246,0.0264994,0.445,-2.02246,-7.21635,3.17143,
30_45,6,>30 °C,>30 °C,hot,25,4,(4) agem + state^year + yday + weekday,2761626,-0.00164037,0.0147381,0.911,-0.164037,-3.05271,2.72464,
30_45,6,>30 °C,>30 °C,hot,25,5,(5) agem^year^month + weekday,2643528,0.0260524,0.0114266,0.0226,2.6052399999999998,0.365636,4.84484,**
30_45,6,>30 °C,>30 °C,hot,25,6,(6) agem^weekday + agem^year^month,2642643,0.0269983,0.0113348,0.0172,2.69983,0.478204,4.92146,**
30_45,6,>30 °C,>30 °C,hot,25,7,(7) agem^year^month + date,2643528,-0.0225749,0.0119545,0.059,-2.25749,-4.60057,0.085585,*
30_45,6,>30 °C,>30 °C,hot,26,1,(1) agem + date,2761626,-0.00725235,0.0156059,0.642,-0.725235,-3.78399,2.33352,
30_45,6,>30 °C,>30 °C,hot,26,2,(2) agem^yday + agem^year + date,2738859,-0.0449349,0.020309,0.0269,-4.49349,-8.47406,-0.51293,**
30_45,6,>30 °C,>30 °C,hot,26,3,(3) agem^week + state^year + weekday,2748411,-0.0288832,0.0278264,0.299,-2.88832,-8.34229,2.56565,
30_45,6,>30 °C,>30 °C,hot,26,4,(4) agem + state^year + yday + weekday,2761626,-0.00652648,0.0147431,0.658,-0.652648,-3.5423,2.237,
30_45,6,>30 °C,>30 °C,hot,26,5,(5) agem^year^month + weekday,2643528,0.0223104,0.0107496,0.0379,2.23104,0.124125,4.33796,**
30_45,6,>30 °C,>30 °C,hot,26,6,(6) agem^weekday + agem^year^month,2642643,0.0231598,0.0107325,0.0309,2.31598,0.21242,4.41955,**
30_45,6,>30 °C,>30 °C,hot,26,7,(7) agem^year^month + date,2643528,-0.0287045,0.0118042,0.015,-2.87045,-5.18407,-0.556834,**
30_45,6,>30 °C,>30 °C,hot,27,1,(1) agem + date,2761626,-0.00818479,0.0158568,0.606,-0.818479,-3.92641,2.28945,
30_45,6,>30 °C,>30 °C,hot,27,2,(2) agem^yday + agem^year + date,2738859,-0.0492606,0.0202746,0.0151,-4.92606,-8.89987,-0.952246,**
30_45,6,>30 °C,>30 °C,hot,27,3,(3) agem^week + state^year + weekday,2748411,-0.033215,0.0286617,0.247,-3.3215,-8.9392,2.2962,
30_45,6,>30 °C,>30 °C,hot,27,4,(4) agem + state^year + yday + weekday,2761626,-0.0069152,0.0149079,0.643,-0.69152,-3.61347,2.23043,
30_45,6,>30 °C,>30 °C,hot,27,5,(5) agem^year^month + weekday,2643528,0.0216553,0.0113066,0.0555,2.16553,-0.0505637,4.38163,*
30_45,6,>30 °C,>30 °C,hot,27,6,(6) agem^weekday + agem^year^month,2642643,0.0239749,0.0113195,0.0342,2.39749,0.178877,4.61611,**
30_45,6,>30 °C,>30 °C,hot,27,7,(7) agem^year^month + date,2643528,-0.0320479,0.0115747,0.00563,-3.20479,-5.47344,-0.936149,***
30_45,6,>30 °C,>30 °C,hot,28,1,(1) agem + date,2761626,-0.00509314,0.0158939,0.749,-0.509314,-3.62452,2.60589,
30_45,6,>30 °C,>30 °C,hot,28,2,(2) agem^yday + agem^year + date,2738859,-0.0509395,0.021441,0.0175,-5.09395,-9.29639,-0.891513,**
30_45,6,>30 °C,>30 °C,hot,28,3,(3) agem^week + state^year + weekday,2748411,-0.0343103,0.0299584,0.252,-3.43103,-9.30287,2.44082,
30_45,6,>30 °C,>30 °C,hot,28,4,(4) agem + state^year + yday + weekday,2761626,-0.00300411,0.0147129,0.838,-0.300411,-3.18413,2.58331,
30_45,6,>30 °C,>30 °C,hot,28,5,(5) agem^year^month + weekday,2643528,0.0250516,0.0114699,0.029,2.50516,0.257056,4.75327,**
30_45,6,>30 °C,>30 °C,hot,28,6,(6) agem^weekday + agem^year^month,2642643,0.0269883,0.0115049,0.019,2.69883,0.443876,4.95379,**
30_45,6,>30 °C,>30 °C,hot,28,7,(7) agem^year^month + date,2643528,-0.0311924,0.0125916,0.0132,-3.11924,-5.58719,-0.651298,**
30_45,6,>30 °C,>30 °C,hot,29,1,(1) agem + date,2761626,-5.08968e-4,0.0162,0.975,-0.0508968,-3.2261,3.1243,
30_45,6,>30 °C,>30 °C,hot,29,2,(2) agem^yday + agem^year + date,2738859,-0.0495062,0.021922,0.0239,-4.95062,-9.24733,-0.653899,**
30_45,6,>30 °C,>30 °C,hot,29,3,(3) agem^week + state^year + weekday,2748411,-0.0360706,0.0308805,0.243,-3.60706,-9.65964,2.44553,
30_45,6,>30 °C,>30 °C,hot,29,4,(4) agem + state^year + yday + weekday,2761626,8.32729e-4,0.0149946,0.956,0.0832729,-2.85567,3.02222,
30_45,6,>30 °C,>30 °C,hot,29,5,(5) agem^year^month + weekday,2643528,0.0284003,0.011855,0.0166,2.84003,0.516448,5.16362,**
30_45,6,>30 °C,>30 °C,hot,29,6,(6) agem^weekday + agem^year^month,2642643,0.0299408,0.0118256,0.0113,2.99408,0.676261,5.3119,**
30_45,6,>30 °C,>30 °C,hot,29,7,(7) agem^year^month + date,2643528,-0.0283122,0.0125366,0.0239,-2.83122,-5.28839,-0.374045,**
30_45,6,>30 °C,>30 °C,hot,30,1,(1) agem + date,2761626,-2.61922e-4,0.0164827,0.987,-0.0261922,-3.25681,3.20442,
30_45,6,>30 °C,>30 °C,hot,30,2,(2) agem^yday + agem^year + date,2738859,-0.0602487,0.0229275,0.00859,-6.02487,-10.5187,-1.53107,***
30_45,6,>30 °C,>30 °C,hot,30,3,(3) agem^week + state^year + weekday,2748411,-0.0484068,0.0331418,0.144,-4.84068,-11.3365,1.65512,
30_45,6,>30 °C,>30 °C,hot,30,4,(4) agem + state^year + yday + weekday,2761626,9.82553e-4,0.0146189,0.946,0.0982553,-2.76704,2.96356,
30_45,6,>30 °C,>30 °C,hot,30,5,(5) agem^year^month + weekday,2643528,0.0260442,0.0118751,0.0283,2.60442,0.276889,4.93195,**
30_45,6,>30 °C,>30 °C,hot,30,6,(6) agem^weekday + agem^year^month,2642643,0.0270759,0.011837,0.0222,2.70759,0.387549,5.02764,**
30_45,6,>30 °C,>30 °C,hot,30,7,(7) agem^year^month + date,2643528,-0.0324951,0.0127285,0.0107,-3.24951,-5.74428,-0.754727,**
