agem,days,mean_temp,share_cold,share_10_15,share_15_20,share_20_25,share_25_30,share_hot
01001,5114,18.4,0.86,14.63,54.01,29.02,1.49,0
01002,5114,17.1,2.33,23.48,55.65,18.38,0.16,0
01003,5114,17.5,1.06,20.2,59.52,18.89,0.33,0
01004,5114,17.5,2.23,22.31,52.15,23,0.31,0
01005,5114,17.9,1.08,18.28,56.28,23.68,0.68,0
01006,5114,17.9,1.31,18.91,52.66,26.3,0.82,0
01007,5114,17.6,1.88,20.9,54.24,22.53,0.45,0
01008,5114,17.3,1.86,22.27,56.73,18.91,0.23,0
01009,5114,17.2,2.44,24.29,53.27,19.85,0.16,0
01010,5114,17.9,1.08,18.22,55.32,24.76,0.63,0
01011,5114,17.9,1.15,18.79,53.38,25.93,0.74,0
02001,5114,17.3,5.2,30.02,34.02,25.64,5.1,0.02
02002,5114,24.8,1.25,12.77,19.34,18.46,15.33,32.85
02003,5114,16.9,14.55,27.71,23.37,23.15,10.77,0.45
02004,5114,16.7,4.63,33.2,37.21,23.37,1.58,0
02005,5114,16.7,3.85,33.73,38.95,22.39,1.08,0
03001,5114,22.7,0,1.33,29.68,36.59,30.23,2.17
03002,5114,21.2,0.06,8.31,35.51,29.66,26.03,0.43
03003,5114,23.7,0,0.37,22.94,33.87,39.48,3.34
03008,5114,23.9,0,0.1,16.48,39.11,43.74,0.57
03009,5114,23.3,0.06,3.54,26.05,29.94,33.83,6.59
04001,5114,27,0,0,1.17,20.83,65.7,12.3
04002,5114,27,0,0,0.8,20.08,67.17,11.95
04003,5114,27,0,0,0.37,21.22,67.19,11.22
04004,5114,27.3,0,0,0.47,17.79,65.19,16.54
04005,5114,27,0,0,1.25,20.51,65,13.24
04006,5114,26.5,0,0,1.56,24.54,66.82,7.08
04007,5114,26.8,0,0,0.92,24.6,61.48,13
04008,5114,27.1,0,0,1,19.4,65.29,14.31
04009,5114,27.1,0,0,0.8,20.32,63.16,15.72
04010,5114,25.7,0,0,1.49,35.04,62.48,1
04011,5114,27.1,0,0,0.88,21.98,62.2,14.94
05001,5114,23.2,4.22,10.29,16.74,23.07,25.52,20.16
05002,5114,22.2,7.22,13.55,17.09,19.85,22.49,19.81
05003,5114,22.5,5.87,12.5,16.62,21.9,24.66,18.46
05004,5114,15.6,11.81,25.95,50.96,11.26,0.02,0
05005,5114,22.7,4.3,10.6,16.99,24.93,28.86,14.31
05006,5114,20.7,6.69,13.22,20.08,31.15,26.77,2.09
05007,5114,21.1,6.53,12.4,18.95,29.45,29.16,3.52
05008,5114,22.8,4.6,11.3,17.19,23.62,25.83,17.46
05009,5114,22.7,2.09,10.77,19.65,25.03,35.28,7.18
05010,5114,22,5.24,12.01,18.5,25.93,27.36,10.97
05011,5114,18.4,7.02,17.13,31.4,39.89,4.56,0
05012,5114,23.2,5.06,11.42,16.07,21,23.8,22.64
05013,5114,23.7,4.17,10.05,15.41,20.77,25.5,24.11
05014,5114,22.4,6.71,13.34,16.66,20.06,22.84,20.39
05015,5114,23.6,4.03,10.19,15.88,21.26,25.17,23.48
05016,5114,20.4,7.51,13.41,20.81,30.25,26.38,1.64
05017,5114,22.8,1.99,9.6,19.08,27.02,35.41,6.88
05018,5114,21.5,5.53,12.67,18.97,27.34,28.33,7.16
05019,5114,22.6,5.79,12.5,16.7,21.49,23.91,19.61
05020,5114,21.7,5.81,13.57,18.6,24.17,26.24,11.62
05021,5114,22,5.44,12.1,18.56,25.05,27.24,11.62
05022,5114,22.9,5.51,12.26,16.25,20.83,23.23,21.92
05023,5114,20.5,7.43,13.75,19.95,28.74,28.18,1.96
05024,5114,19.2,5.3,15.76,28.61,40.14,10.19,0
05025,5114,23,5.65,12.4,15.94,20.55,22.96,22.51
05026,5114,22.7,4.79,11.85,17.11,22.74,25.77,17.74
05027,5114,18.3,7.78,17.15,30.8,40.54,3.73,0
05028,5114,23,4.85,11.38,16.52,21.92,24.72,20.61
05029,5114,21.1,6.55,13.18,19.44,27.41,28.53,4.89
05030,5114,16.9,8.96,22.19,40.44,27.73,0.68,0
05031,5114,22.2,5.03,12.26,18.4,24.38,26.18,13.75
05032,5114,22.7,5.08,12.05,16.99,22.53,24.91,18.44
05033,5114,22.7,2.23,10.58,19.03,25.11,35.33,7.72
05034,5114,20.5,7.51,14.57,20.22,27.38,27.92,2.41
05035,5114,22.6,2.01,9.64,19.52,28.31,35.14,5.38
05036,5114,22.3,2.35,9.74,20.08,30.04,34.36,3.44
05037,5114,22.6,5.69,12.16,16.56,22.08,25.07,18.44
05038,5114,22.6,5.87,12.91,16.46,21.2,23.58,19.98
06001,5114,24.5,0,0,0.31,59.27,40.42,0
06002,5114,23.7,0,0,1.96,78.24,19.81,0
06003,5114,22.5,0,0.02,7.45,86.39,6.14,0
06004,5114,23.6,0,0,1.84,80.04,18.13,0
06005,5114,22.5,0,0.02,6.18,87.41,6.39,0
06006,5114,23.9,0,0,0.92,76.3,22.78,0
06007,5114,24.5,0,0,0.31,58.49,41.2,0
06008,5114,21.2,0,0.08,20.45,79.14,0.33,0
06009,5114,25.6,0,0,0.04,33.3,66.66,0
06010,5114,22.1,0,0.02,9.78,87.47,2.74,0
07001,5114,24.3,0,0,0,75.56,24.44,0
07002,5114,24.6,0,0,3.11,54.56,42.12,0.22
07003,5114,25.9,0,0,0,18.6,81.38,0.02
07004,5114,17.9,0.18,9.48,77.47,12.87,0,0
07005,5114,21.6,0,1.06,22.8,69.73,6.41,0
07006,5114,20.2,0,0.65,45.23,53.81,0.31,0
07007,5114,16.4,0.16,16.74,82.62,0.49,0,0
07008,5114,21.1,0,0.1,18.81,80.66,0.43,0
07009,5114,24.9,0,0,1.68,44.74,53.58,0
07010,5114,18.7,0,1.74,81.21,17.05,0,0
07011,5114,20.8,0,0.53,29.41,68.77,1.29,0
07012,5114,21.3,0,1.15,23.39,70.34,5.12,0
07013,5114,18.9,0,5.01,68.52,26.48,0,0
07014,5114,18.8,0.06,5.87,67.44,26.63,0,0
07015,5114,20.6,0,0,23.31,76.69,0,0
07016,5114,26.3,0,0,2.15,30,57.7,10.15
07017,5114,21.9,0,1,18.79,72.27,7.94,0
07018,5114,19.7,0,3.54,45.35,51.02,0.1,0
07019,5114,18.6,0,3.6,76.26,20.14,0,0
07020,5114,23.4,0,0,5.48,73.52,21,0
07021,5114,21.4,0,1.35,23.5,68.83,6.32,0
07022,5114,19.8,0.04,4.4,42.75,52.07,0.74,0
07023,5114,15.8,0.25,25.48,74.21,0.06,0,0
07024,5114,15.5,0.76,31.27,67.95,0.02,0,0
07025,5114,21,0,1.86,27.75,67.6,2.8,0
07026,5114,17.4,0.23,11.58,80.86,7.33,0,0
07027,5114,23.1,0,0.08,9.31,74.01,16.6,0
07028,5114,24.4,0,0,3.25,59.8,36.9,0.06
07029,5114,21,0,1.54,25.21,69.1,4.15,0
07030,5114,23.3,0,0.06,5.2,76.07,18.67,0
07031,5114,20.1,0,3.29,38.33,57.29,1.1,0
07032,5114,20.3,0,0,40.63,59.37,0,0
07033,5114,21.9,0,0.78,20.36,70.2,8.66,0
07034,5114,23.5,0,0.02,4.77,73.11,22.1,0
07035,5114,26,0,0,0,18.32,81.68,0
07036,5114,17.8,0,2.25,91.94,5.81,0,0
07037,5114,25.8,0,0,0,26.16,73.84,0
07038,5114,15.5,0.57,29.72,69.71,0,0,0
07039,5114,21.3,0,1.99,24.05,68.24,5.71,0
07040,5114,25.1,0,0,0,50.68,49.32,0
07041,5114,18.4,0.06,5.98,75.44,18.52,0,0
07042,5114,19.4,0,4.24,49.02,46.71,0.02,0
07043,5114,23.1,0,0.08,12.87,63.36,23.7,0
07044,5114,19.7,0,2.37,54.09,43.53,0.02,0
07045,5114,22.8,0,0.18,14.57,66.54,18.71,0
07046,5114,22.2,0,0.74,16.25,73.86,9.15,0
07047,5114,18.6,0.04,6.16,71.61,22.19,0,0
07048,5114,25.4,0,0,3.87,38.93,52.41,4.79
07049,5114,17.8,0.08,7.92,82.24,9.76,0,0
07050,5114,26.1,0,0,2.62,31.54,55.2,10.64
07051,5114,25.2,0,0,0,45.35,54.65,0
07052,5114,18.4,0.08,6.61,72.88,20.43,0,0
07053,5114,18.3,0,1.47,89.01,9.52,0,0
07054,5114,26.3,0,0,0,11.01,88.99,0
07055,5114,25.7,0,0,0,26.24,73.76,0
07056,5114,16.1,0.27,22.41,76.93,0.39,0,0
07057,5114,19,0,0,87.35,12.65,0,0
07058,5114,23,0,0.02,7.1,77.53,15.35,0
07059,5114,20.4,0,2.46,34.4,60.85,2.29,0
07060,5114,19.6,0,3.89,44.39,51.54,0.18,0
07061,5114,21.7,0,1.13,21.02,70.83,7.02,0
07062,5114,23.8,0,0.04,10.32,54.91,34.36,0.37
07063,5114,21.2,0,1.31,23.48,70.24,4.97,0
07064,5114,16.9,0.51,15.98,79.1,4.42,0,0
07065,5114,25,0,0.02,5.24,43.57,46.46,4.71
07066,5114,19.3,0.06,5.2,51.56,42.94,0.23,0
07067,5114,19,0,5.44,60.85,33.71,0,0
07068,5114,24.3,0,0,7.43,48.71,42.94,0.92
07069,5114,25.5,0,0,0.02,31.17,68.81,0
07070,5114,17,0,4.17,95.33,0.51,0,0
07071,5114,24.9,0,0,0,57.29,42.71,0
07072,5114,19,0,5.38,60.23,34.4,0,0
07073,5114,18.8,0,5.71,66.29,28,0,0
07074,5114,26,0,0,2.35,33.34,55.96,8.35
07075,5114,20.4,0,0.63,36.49,62.83,0.06,0
07076,5114,21.8,0,1,20.96,69.48,8.56,0
07077,5114,24.1,0,0.06,7.51,53.29,37.64,1.51
07078,5114,15.8,0.22,25.09,74.7,0,0,0
07079,5114,21.5,0,0.9,20.94,72.21,5.94,0
07080,5114,18.4,0,1,88.29,10.72,0,0
07081,5114,20.5,0,3.29,30.74,63.61,2.37,0
07082,5114,19.5,0.02,4.65,47.42,47.44,0.47,0
07083,5114,23.6,0,0,4.38,71.08,24.54,0
07084,5114,20.3,0,2.84,34.43,61.91,0.82,0
07085,5114,20,0,2.58,41.42,55.55,0.45,0
07086,5114,23.4,0,0.08,8.72,69.87,21.33,0
07087,5114,25.6,0,0,0,28.9,71.1,0
07088,5114,24.2,0,0,8.21,49.67,41.14,0.98
07089,5114,25,0,0,0,54.05,45.95,0
07090,5114,19.4,0,4.13,49.96,45.89,0.02,0
07091,5114,18.5,0.08,6.69,72.14,21.1,0,0
07092,5114,22.9,0,0.22,15.25,63.71,20.83,0
07093,5114,17.3,0.29,12.28,79.98,7.45,0,0
07094,5114,19.3,0,1.94,66.37,31.7,0,0
07096,5114,21.1,0,1.68,27.79,66.66,3.87,0
07097,5114,25.4,0,0,0.57,34.4,65.02,0.02
07098,5114,23.2,0,0.06,6.79,74.85,18.3,0
07099,5114,20,0,1.56,42.3,55.89,0.25,0
07100,5114,20.5,0,2.35,33.69,61.99,1.97,0
07101,5114,22.5,0,0.27,12.94,74.78,12.01,0
07102,5114,23.8,0,0,0.04,87.06,12.91,0
07103,5114,22.5,0,0,0.37,98.77,0.86,0
07104,5114,22.1,0,0.08,12.5,81.25,6.18,0
07105,5114,20.6,0,0,23.31,76.69,0,0
07106,5114,22.4,0,0.04,10.46,81.81,7.68,0
07107,5114,23.4,0,0.06,7.43,72.17,20.34,0
07108,5114,22.8,0,0.35,11.54,74.87,13.24,0
07109,5114,19.7,0,3.83,43.76,51.86,0.55,0
07110,5114,22,0,0.2,12.94,79,7.86,0
07111,5114,18.9,0,2.72,75.48,21.8,0,0
07112,5114,18.8,0.18,6.47,64.88,28.41,0.06,0
07113,5114,17.5,0.2,9.7,82.11,8,0,0
07114,5114,24.9,0,0,2.85,46.66,47.5,2.99
07115,5114,22.5,0,0.27,14.57,73.93,11.22,0
07116,5114,24.9,0,0,2.76,46.6,48.12,2.52
07117,5114,18.7,0,0.37,87.94,11.69,0,0
07118,5114,19.7,0,3.97,43.63,52.19,0.22,0
07119,5114,17.5,0.2,9.7,82.11,8,0,0
08001,5114,19.7,14.59,16.78,16.13,21.33,21.78,9.39
08002,5114,20,9.27,18.22,18.79,25.42,23.64,4.65
08003,5114,19.3,7.2,18.5,23.52,31.54,18.71,0.53
08004,5114,19.1,10.32,19.42,20.77,27.16,20.47,1.86
08005,5114,19,17.36,16.88,16.27,19.96,21.78,7.74
08006,5114,13.6,29.82,23.37,34.4,11.97,0.45,0
08007,5114,13.7,25.22,28.37,37.94,8.47,0,0
08008,5114,17.6,6.43,24.36,30.7,36.53,1.97,0
08009,5114,12,35.92,28.31,33.4,2.37,0,0
08010,5114,17.5,17.31,19.42,20.61,26.67,15.58,0.41
08011,5114,21.2,5.36,14.88,19.42,28.14,24.95,7.25
08012,5114,13.7,28.08,25.48,35.06,11.22,0.16,0
08013,5114,16.8,20.96,19.1,20.61,26.32,12.85,0.16
08014,5114,19.4,6.47,18.09,24.62,32.15,18.3,0.37
08015,5114,21.2,8.99,15.21,16.89,22.39,23.91,12.59
08016,5114,21.1,5.89,15.21,19.16,27.67,24.64,7.43
08017,5114,14.7,24.09,23.37,33.11,18.24,1.19,0
08018,5114,14.7,23.7,24.05,32.99,18.05,1.21,0
08019,5114,18.8,11.09,19.55,21.31,27.38,19.2,1.47
08020,5114,19.1,3.38,20.24,25.22,43.39,7.76,0
08021,5114,21.3,5.75,15.45,18.44,25.97,24.68,9.72
08022,5114,17.1,14.35,21.84,27.26,27.2,9.33,0.02
08023,5114,17.4,18.34,19.38,19.95,26.1,15.84,0.39
08024,5114,17.5,13.59,21.55,25.13,28.1,11.56,0.08
08025,5114,12.9,33.44,23.19,33.54,9.72,0.12,0
08026,5114,17.1,14.69,21.74,27.08,27.38,9.11,0
08027,5114,13,28.94,28.45,38.72,3.89,0,0
08028,5114,18.9,19.01,16.17,15.96,19.5,20.59,8.78
08029,5114,14.1,20.43,29.08,46.4,4.09,0,0
08030,5114,17.1,8.02,25.85,31.17,33.2,1.76,0
08031,5114,13.2,30.66,24.79,34.94,9.48,0.12,0
08032,5114,17.9,9.72,21.53,28.43,30.33,9.99,0
08033,5114,17.1,12.05,23.02,31.46,27.3,6.18,0
08034,5114,13.3,32.34,22.27,32.07,13.04,0.27,0
08035,5114,17.5,20.02,17.87,18.13,24.93,18.05,1
08036,5114,20.8,5.36,15.39,20.86,29.14,25.64,3.62
08037,5114,18.8,20.06,15.7,15.66,18.34,20.81,9.43
08038,5114,21.4,6.04,15.1,18.44,25.15,24.33,10.95
08039,5114,20.2,5.81,16.21,22.53,31.13,22.66,1.66
08040,5114,13.2,31.87,22.84,34.75,10.31,0.23,0
08041,5114,13.8,25.91,25.6,40.4,8.06,0.04,0
08042,5114,20.8,9.62,14.88,17.19,22.68,28.02,7.61
08043,5114,13.5,30.05,22.84,35.12,11.71,0.27,0
08044,5114,17.7,10.21,21.78,29.53,29.88,8.6,0
08045,5114,21.2,6.24,15.8,18.48,25.67,24.54,9.27
08046,5114,18.4,3.32,21.65,29.08,42.67,3.29,0
08047,5114,17.9,7.67,23.82,25.03,38.15,5.34,0
08048,5114,14.3,27.36,22.29,32.28,16.91,1.15,0
08049,5114,15.3,20.14,23.62,34.67,19.91,1.66,0
08050,5114,17.2,19.63,19.4,20.02,25.77,14.86,0.31
08051,5114,13.6,27.24,25.48,39.54,7.68,0.06,0
08052,5114,22.2,8.23,13.69,15.72,18.65,23.74,19.96
08053,5114,19.3,17.44,16.31,15.57,19.69,20.67,10.32
08054,5114,14.5,25.6,22.92,32.99,17.36,1.13,0
08055,5114,20.8,6.94,16.33,18.99,26.03,24.83,6.88
08056,5114,18,10.11,21.78,25.36,30.54,12.18,0.02
08057,5114,16.2,18.03,22.23,30.9,23.99,4.85,0
08058,5114,21,5.44,15.51,19.71,28.69,24.13,6.53
08059,5114,15.9,15.82,24.25,36.78,21.29,1.86,0
08060,5114,16.7,12.75,23.5,33.91,25.91,3.93,0
08061,5114,18.7,9.93,20.24,23.13,28.82,17.34,0.53
08062,5114,21.1,6.04,15.45,18.77,27.38,24.38,7.98
08063,5114,13.5,29.82,23.35,36.02,10.6,0.22,0
08064,5114,17.7,10.21,22.47,28.37,29.47,9.48,0
08065,5114,16.4,11.65,25.89,36.88,24.93,0.65,0
08066,5114,16.2,14.24,25.28,32.69,26.63,1.15,0
08067,5114,19.9,6.49,18.44,21.08,30.52,21.55,1.92
09002,5114,15,2.37,44.21,52.11,1.31,0,0
09003,5114,14.5,3.01,55.85,40.75,0.39,0,0
09004,5114,13.2,8.35,74.17,17.48,0,0,0
09005,5114,15.5,1.58,34.98,60.23,3.21,0,0
09006,5114,15.6,1.43,33.73,61.56,3.29,0,0
09007,5114,16.1,1.08,26.71,66.46,5.75,0,0
09008,5114,10.8,30.6,68.6,0.8,0,0,0
09009,5114,12.9,7.43,79.33,13.24,0,0,0
09010,5114,12.8,10.68,76.75,12.57,0,0,0
09011,5114,15.7,1.21,32.17,62.65,3.97,0,0
09012,5114,12.2,14.78,77.69,7.53,0,0,0
09013,5114,13.7,4.71,73.03,22.23,0.02,0,0
09014,5114,15.1,2.05,42.65,53.99,1.31,0,0
09015,5114,15.6,1.56,33.63,61.58,3.23,0,0
09016,5114,15,2.39,44.54,51.92,1.15,0,0
09017,5114,16.1,1.06,27.26,66.23,5.46,0,0
10001,5114,16.1,9.62,27.28,44.96,17.52,0.63,0
10002,5114,15.7,7.88,30.21,54.44,7.47,0,0
10003,5114,17.2,7.08,24.29,39.09,26.79,2.76,0
10004,5114,19,3.72,16.95,32.97,37.94,8.43,0
10005,5114,16.9,5.69,25.5,45.15,22.53,1.13,0
10006,5114,21,2.21,11.65,24.7,36.61,24.4,0.43
10007,5114,22.8,2.01,9.74,18.95,26.93,35.3,7.08
10008,5114,17.2,5.28,23.91,43.64,25.38,1.78,0
10009,5114,12.7,29.43,36.33,31.64,2.6,0,0
10010,5114,18.1,7.49,20.38,31.15,33.32,7.67,0
10011,5114,18.2,6.2,21.61,32.17,31.93,8.1,0
10012,5114,22.5,2.19,9.62,19.59,29.23,34.71,4.65
10013,5114,21.8,2.87,12.36,20.71,27.81,32.23,4.03
10014,5114,17.4,1.62,21.76,56.73,19.89,0,0
10015,5114,21.1,2.39,12.2,23.58,35.04,25.69,1.1
10016,5114,17.5,3.52,23.52,44.33,26.77,1.86,0
10017,5114,16.6,12.48,23.88,35.33,25.13,3.19,0
10018,5114,17.7,7.55,23.29,33.99,28.96,6.22,0
10019,5114,14.8,12.61,30.43,52.64,4.32,0,0
10020,5114,16.9,6.28,25.52,44.09,22.45,1.66,0
10021,5114,18.4,4.22,19.01,35.98,34.94,5.85,0
10022,5114,17.5,3.97,23.11,44.58,26.44,1.9,0
10023,5114,14.5,11.4,34.87,52.72,1.02,0,0
10024,5114,19.9,2.85,16.23,27.9,36.53,16.29,0.2
10025,5114,16.3,13.02,24.38,37.97,22.33,2.29,0
10026,5114,15.4,8.11,30.7,57.16,4.03,0,0
10027,5114,20.4,2.35,12.73,26.48,39.26,19.08,0.1
10028,5114,18,4.81,21.92,35.65,32.23,5.4,0
10029,5114,21.1,2.72,12.14,23.37,34.73,25.66,1.39
10030,5114,19.6,4.24,16.17,27.81,36.12,15.55,0.12
10031,5114,18.4,3.91,17.6,39.19,34.81,4.5,0
10032,5114,15.5,13.14,27.02,45.17,14.43,0.23,0
10033,5114,16.1,7.29,26.91,51.99,13.75,0.06,0
10034,5114,19.5,0.43,13.24,30.97,53.46,1.9,0
10035,5114,14.2,20.53,29.33,42.98,7.16,0,0
10036,5114,22.7,2.25,10.93,19.67,24.62,34.18,8.35
10037,5114,17.2,3.36,24.81,47.28,24.52,0.02,0
10038,5114,16.6,6.36,25.26,49.04,18.81,0.53,0
10039,5114,15.8,11.73,27.26,43.82,16.66,0.53,0
11001,5114,19.4,0.06,6.28,55.22,34.47,3.97,0
11002,5114,17.5,0.14,15.84,68.32,15.7,0,0
11003,5114,17.5,1.27,17.21,63.63,17.74,0.16,0
11004,5114,17.6,0.59,16.27,65.1,17.87,0.18,0
11005,5114,18.3,0.53,11.56,62.42,24.87,0.63,0
11006,5114,16.5,4.05,24.52,59.99,11.42,0.02,0
11007,5114,18.8,0.33,8.78,60.34,29.23,1.31,0
11008,5114,18.9,0.22,8.74,59.44,29.21,2.39,0
11009,5114,18.3,0.49,12.18,62.55,24.13,0.65,0
11010,5114,15,2.89,42.43,52.19,2.48,0,0
11011,5114,18.6,0.22,9.09,62.73,27,0.96,0
11012,5114,18.6,0.18,10.66,62.01,25.97,1.19,0
11013,5114,16.5,3.64,23.35,60.6,12.42,0,0
11014,5114,17.1,2.29,21.18,60.32,16.07,0.14,0
11015,5114,17.1,1.23,20.79,62.28,15.62,0.08,0
11016,5114,19.2,0.06,6.49,58.86,31.7,2.89,0
11017,5114,19.4,0.1,6.49,55.2,34.61,3.6,0
11018,5114,19,0.12,7.33,60.7,30.15,1.7,0
11019,5114,16.5,0.84,25.21,64.27,9.68,0,0
11020,5114,18.4,0.51,12.03,60.58,25.85,1.04,0
11021,5114,17.9,0.14,12.03,68.19,19.59,0.06,0
11022,5114,15.8,4.5,30.86,56.9,7.74,0,0
11023,5114,18.9,0.06,7.59,61.24,29.57,1.54,0
11024,5114,19.4,0.06,6.02,56.14,34.12,3.66,0
11025,5114,19.2,0.18,8.02,57.02,31.48,3.3,0
11026,5114,19.3,0.16,7.37,55.22,33.63,3.62,0
11027,5114,19.6,0.1,5.46,53.7,36.59,4.17,0
11028,5114,18.3,0.14,10.21,66.29,23.07,0.29,0
11029,5114,16.1,4.2,27.71,57.86,10.23,0,0
11030,5114,16.1,4.18,28.28,57.78,9.76,0,0
11031,5114,18.9,0.27,9.91,57.04,30.33,2.44,0
11032,5114,16.2,3.38,25.89,61.13,9.6,0,0
11033,5114,16.1,4.34,27.41,58.06,10.19,0,0
11034,5114,16.7,4.09,22.19,59.72,13.9,0.1,0
11035,5114,19.1,0.22,7.72,57.74,31.74,2.58,0
11036,5114,17.9,0.16,12.81,68.28,18.67,0.08,0
11037,5114,18.8,0.45,9.72,58.99,28.98,1.86,0
11038,5114,16.9,0.27,21.1,67.13,11.5,0,0
11039,5114,17.8,0.25,14.1,66.48,18.99,0.18,0
11040,5114,16.2,4.32,25.01,60.42,10.25,0,0
11041,5114,18.6,0.12,8.21,66.48,24.64,0.55,0
11042,5114,19,0.08,7.47,60.97,29.61,1.88,0
11043,5114,16.1,4.75,27,57.86,10.38,0,0
11044,5114,19.3,0.18,6.32,56.24,33.97,3.3,0
11045,5114,17.2,3.6,20.14,56.53,19.4,0.33,0
11046,5114,18.5,0.12,9.46,66.01,23.91,0.49,0
12001,5114,25.8,0,0,0,25.5,74.5,0
12002,5114,21.5,0,0.06,16.91,79.98,3.05,0
12003,5114,26.9,0,0,0.14,22,64.31,13.55
12004,5114,17.8,0,2.39,91.1,6.51,0,0
12005,5114,21.4,0,0.1,19.95,76.44,3.52,0
12006,5114,23.6,0,0,1.96,73.17,24.87,0
12007,5114,26.3,0,0,0.22,34.26,55.51,10.01
12008,5114,25.1,0,0,0.96,52.07,45.85,1.11
12009,5114,17.4,0,3.17,94.62,2.21,0,0
12010,5114,18.3,0,1.27,87.47,11.26,0,0
12011,5114,23,0,0,0.92,96.05,3.03,0
12012,5114,23.5,0,0,0.37,84.81,14.82,0
12013,5114,25.7,0,0,0,31.95,68.05,0
12014,5114,25.4,0,0,0,36.21,63.79,0
12015,5114,22.1,0,0.04,12.36,74.76,12.85,0
12016,5114,24.3,0,0,0.51,67.42,32.07,0
12017,5114,25,0,0,0.72,57.61,40.03,1.64
12018,5114,26.6,0,0,0,7.86,91.89,0.25
12019,5114,24.7,0,0,1.06,57.86,40.81,0.27
12020,5114,18.4,0,1.35,85.04,13.61,0,0
12021,5114,24.3,0,0,0.02,72.92,27.06,0
12022,5114,26.8,0,0,0.14,20,70.14,9.72
12023,5114,26.9,0,0,0,5.16,94.47,0.37
12024,5114,20.8,0,0.18,34.79,63.57,1.47,0
12025,5114,26.2,0,0,0,18.15,81.62,0.23
12026,5114,23,0,0,4.22,76.55,19.22,0
12027,5114,27,0,0,0.1,19.98,63.81,16.11
12028,5114,19.4,0,0.31,67.76,31.93,0,0
12029,5114,19.5,0,0.12,68.01,31.87,0,0
12030,5114,26.8,0,0,0,7.8,90.77,1.43
12031,5114,24.3,0,0,1,67.19,31.13,0.68
12032,5114,20.5,0,0.06,43.08,56.47,0.39,0
12033,5114,22.1,0,0.1,11.6,78.33,9.97,0
12034,5114,23.7,0,0,2.46,72.74,24.76,0.04
12035,5114,25.5,0,0,0.63,48.96,45.72,4.69
12036,5114,24.9,0,0,0,58.66,41.34,0
12037,5114,19.3,0,1.04,69.14,29.57,0.25,0
12038,5114,24.7,0,0,0.14,58.94,40.93,0
12039,5114,23.4,0,0,0.39,84.2,15.41,0
12040,5114,18.9,0,0.55,77.69,21.76,0,0
12041,5114,18.8,0,0.25,84.06,15.68,0,0
12042,5114,21.8,0,0.04,13.43,82.83,3.7,0
12043,5114,18.4,0,0.51,89.73,9.76,0,0
12044,5114,20.6,0,0,35.78,64.18,0.04,0
12045,5114,22,0,0.06,12.55,78.22,9.17,0
12046,5114,25.2,0,0,0,50.02,49.92,0.06
12047,5114,19.9,0,0.43,60.03,38.46,1.08,0
12048,5114,24.5,0,0,0.1,63.3,36.61,0
12049,5114,19,0,2.23,70.49,27.26,0.02,0
12050,5114,27.8,0,0,0.08,8.9,70.84,20.18
12051,5114,21,0,0,20.98,78.84,0.18,0
12052,5114,22.9,0,0,0.68,92.26,7.06,0
12053,5114,25.8,0,0,0,30.56,69.42,0.02
12054,5114,22.2,0,0,9.31,79.31,11.38,0
12055,5114,21.3,0,0.16,27.22,65,7.63,0
12056,5114,23.9,0,0,0.2,77.98,21.82,0
12057,5114,24.4,0,0,0.12,68.75,31.13,0
12058,5114,21.6,0,0.04,20.53,69.61,9.82,0
12059,5114,25.1,0,0,0.7,54.73,43.53,1.04
12060,5114,18.9,0,2.48,72.33,25.17,0.02,0
12061,5114,19.7,0,0.16,61.44,38.4,0,0
12062,5114,22.6,0,0,1.31,92.41,6.28,0
12063,5114,17.6,0,2.13,95.15,2.72,0,0
12064,5114,27.2,0,0,0.1,18.15,64.69,17.07
12065,5114,20.6,0,0.22,38.62,60.77,0.39,0
12066,5114,20.9,0,0.12,28.35,70.67,0.86,0
12067,5114,27.6,0,0,0.08,11.18,69.2,19.53
12068,5114,25.8,0,0,0.02,29.78,70.2,0
12069,5114,20.1,0,0.25,49.34,50.29,0.12,0
12070,5114,22.4,0,0.06,10.09,76.14,13.71,0
12071,5114,23.4,0,0,0.37,84.57,15.06,0
12072,5114,17.7,0,2.42,93.47,4.11,0,0
12073,5114,25.7,0,0,0.25,36.29,63.04,0.41
12074,5114,20.7,0,0.12,34.2,65.39,0.29,0
12075,5114,21.4,0,0.04,17.32,80.72,1.92,0
12076,5114,19.9,0,0,54.6,45.4,0,0
12077,5114,26,0,0,0,18.99,80.99,0.02
12078,5114,19.1,0,0.06,78.22,21.72,0,0
12079,5114,18.3,0,1.02,87.68,11.3,0,0
12080,5114,26.2,0,0,0,15.33,84.65,0.02
12081,5114,20.7,0,0,27.41,72.55,0.04,0
13001,5114,13.8,9.11,55.2,35.63,0.06,0,0
13002,5114,14.6,7.2,37.82,54.77,0.22,0,0
13003,5114,15.5,4.05,33.16,58.15,4.63,0,0
13004,5114,14.6,7.27,38.8,53.58,0.35,0,0
13005,5114,15.3,3.72,36.8,55.69,3.79,0,0
13006,5114,16,3.38,27.4,61.05,8.17,0,0
13007,5114,12.9,10.91,74.05,15.04,0,0,0
13008,5114,13.5,7.49,69.61,22.9,0,0,0
13009,5114,14.9,4.77,39.89,52.97,2.37,0,0
13010,5114,15.8,2.74,31.17,60.03,6.06,0,0
13011,5114,22.4,0.27,4.36,20.67,45.13,29.51,0.06
13012,5114,15.6,5.24,29.94,60.38,4.44,0,0
13013,5114,15.4,3.21,36.14,56.57,4.09,0,0
13014,5114,20.1,0.9,8.94,30.9,55.94,3.32,0
13015,5114,16,3.93,28.31,60.89,6.86,0,0
13016,5114,12.8,14,70.75,15.25,0,0,0
13017,5114,15.3,3.83,36.35,55.49,4.32,0,0
13018,5114,19.6,1.08,11.44,32.46,52.93,2.09,0
13019,5114,16.1,3.11,26.97,61.44,8.49,0,0
13020,5114,17.2,3.85,19.69,58.99,17.44,0.02,0
13021,5114,13.6,6.63,70.61,22.72,0.04,0,0
13022,5114,13.5,8.45,66.76,24.79,0,0,0
13023,5114,16,3.3,28.45,60.64,7.61,0,0
13024,5114,13.8,8.8,56,35.14,0.06,0,0
13025,5114,23,0.23,3.17,18.67,41.04,36.57,0.31
13026,5114,21.3,0.45,6.28,25.36,55.01,12.91,0
13027,5114,21.5,0.31,5.55,24.79,56.86,12.48,0
13028,5114,22.5,0.25,4.15,20.38,44.99,30.17,0.06
13029,5114,15.8,3.34,30.5,59.23,6.92,0,0
13030,5114,16.4,3.42,24.6,62.38,9.6,0,0
13031,5114,17.3,3.4,19.65,57.65,19.28,0.02,0
13032,5114,22.3,0.29,4.42,20.96,46.73,27.53,0.06
13033,5114,17.6,3.01,18.28,55.36,23.27,0.08,0
13034,5114,18.3,1.88,15.13,45.07,37.8,0.12,0
13035,5114,14.1,8.6,45.39,45.89,0.12,0,0
13036,5114,15.9,5.24,26.95,62.38,5.44,0,0
13037,5114,16.4,4.46,24.54,62.18,8.82,0,0
13038,5114,14,7.55,55.26,36.92,0.27,0,0
13039,5114,13,12.34,70.36,17.31,0,0,0
13040,5114,18.3,2.05,15.39,44.43,37.95,0.18,0
13041,5114,16,3.07,28.74,60.7,7.49,0,0
13042,5114,17.4,2.93,18.93,57.96,20.16,0.02,0
13043,5114,15.8,4.58,29.35,60.93,5.14,0,0
13044,5114,14.6,4.77,49.14,44.29,1.8,0,0
13045,5114,14.1,7.88,52.89,38.89,0.33,0,0
13046,5114,23.3,0.2,2.89,17.87,39.25,38.83,0.96
13047,5114,17.4,3.32,18.71,56.59,21.27,0.1,0
13048,5114,13.5,9.01,65.8,25.19,0,0,0
13049,5114,19.6,1.08,11.32,31.91,53.21,2.48,0
13050,5114,15.8,3.38,29.76,60.13,6.73,0,0
13051,5114,14.1,6.26,56.53,36.7,0.51,0,0
13052,5114,14.5,4.95,49.2,44.64,1.21,0,0
13053,5114,18.5,1.33,14.25,43.64,40.71,0.06,0
13054,5114,15.8,3.68,29.84,60.29,6.2,0,0
13055,5114,15.4,4.44,33.01,58.35,4.2,0,0
13056,5114,13.2,11.75,66.74,21.51,0,0,0
13057,5114,12.7,13.84,72.21,13.94,0,0,0
13058,5114,16.8,3.25,20.86,62.65,13.24,0,0
13059,5114,17.3,2.17,17.85,62.63,17.27,0.08,0
13060,5114,16.1,4.01,26.81,64.98,4.2,0,0
13061,5114,13.7,6.69,67.27,26.01,0.04,0,0
13062,5114,20.1,0.96,9.33,30.92,54.97,3.83,0
13063,5114,15.2,3.29,39.79,53.95,2.97,0,0
13064,5114,15.8,3.3,30.72,59.43,6.55,0,0
13065,5114,15.9,3.03,30.15,59.87,6.94,0,0
13066,5114,15,3.87,41.77,52.05,2.31,0,0
13067,5114,16.1,2.7,27.69,61.07,8.55,0,0
13068,5114,18,2.17,16.43,49.61,31.74,0.06,0
13069,5114,15.6,2.17,33.97,59.48,4.38,0,0
13070,5114,16,2.89,29,60.4,7.7,0,0
13071,5114,17.6,2.99,18.52,55.57,22.84,0.08,0
13072,5114,13.7,6.8,67.64,25.52,0.04,0,0
13073,5114,20.4,0.8,8.23,30.23,56.12,4.61,0
13074,5114,15.8,2.95,31.11,59.68,6.26,0,0
13075,5114,15.3,3.05,37.07,56.53,3.34,0,0
13076,5114,15.5,3.25,33.93,57.82,5.01,0,0
13077,5114,13.8,9.29,53.36,37.31,0.04,0,0
13078,5114,21.4,0.39,5.96,24.29,55.26,14.1,0
13079,5114,17.8,2.35,16.99,52.23,28.37,0.06,0
13080,5114,21.7,0.43,5.55,23.13,51.39,19.48,0.02
13081,5114,16.2,4.91,24.95,63,7.14,0,0
13082,5114,14.3,5.32,53.66,40.2,0.82,0,0
13083,5114,13.7,7.37,65.66,26.91,0.06,0,0
13084,5114,16.6,3.54,23.17,62.3,10.99,0,0
14001,5114,19.4,0.04,5.91,56.32,35.3,2.44,0
14002,5114,20.1,0.02,3.34,44.99,47.87,3.77,0
14003,5114,20,0.04,3.52,42.12,53.19,1.13,0
14004,5114,19.2,0.02,3.77,63.67,32.24,0.29,0
14005,5114,21,0.02,1.68,30.23,62.59,5.48,0
14006,5114,19.8,0.02,3.62,47.24,48.26,0.86,0
14007,5114,19.9,0.04,3.7,43.12,52.74,0.41,0
14008,5114,17.8,0.29,13.22,66.93,19.46,0.1,0
14009,5114,20.3,0.04,3.13,38.17,55.65,3.01,0
14010,5114,17.3,0.16,15.7,72.02,12.12,0,0
14011,5114,18.6,0.06,6.71,67.85,25.36,0.02,0
14012,5114,18.9,0.06,4.67,67.31,27.96,0,0
14013,5114,19.1,0.06,6.49,60.87,31.03,1.54,0
14014,5114,19.8,0,2.42,52.29,44.39,0.9,0
14015,5114,21.1,0,0.27,25.66,73.21,0.86,0
14016,5114,19.5,0.04,5.1,56.92,35.3,2.64,0
14017,5114,19.3,0.02,3.23,58.92,37.84,0,0
14018,5114,19.9,0.02,3.73,48.08,44.51,3.66,0
14019,5114,19.1,0.2,9.35,45.95,44.08,0.43,0
14020,5114,23.4,0,0,4.93,75.58,19.5,0
14021,5114,22.9,0,0,5.48,84.26,10.27,0
14022,5114,25.1,0,0,0.08,45.46,54.46,0
14023,5114,18.1,0.02,6.12,77.65,16.21,0,0
14024,5114,20.2,0.02,2.85,43.12,50.1,3.91,0
14025,5114,18.5,0.76,13.73,54.67,29.33,1.51,0
14026,5114,17.2,0.08,15,74.03,10.89,0,0
14027,5114,22,0,0.02,11.54,86.78,1.66,0
14028,5114,18.4,0.06,6.16,73.56,20.22,0,0
14029,5114,19.2,0.06,7.24,57.1,34.1,1.51,0
14030,5114,20.1,0.02,1.82,46.19,49.78,2.19,0
14031,5114,19.2,0.23,9.13,47.4,42.26,0.98,0
14032,5114,18.2,0.04,7.88,72.21,19.87,0,0
14033,5114,19.4,0.04,5.49,58.08,33.81,2.58,0
14034,5114,20.5,0,1.02,37,60.77,1.21,0
14035,5114,18.6,0.49,13.08,56.08,28.74,1.6,0
14036,5114,19.7,0.04,4.13,47.13,48.44,0.27,0
14037,5114,20.8,0,0.57,30.45,68.19,0.8,0
14038,5114,19.9,0.02,2.68,42.84,54.32,0.14,0
14039,5114,20.3,0.02,2.62,40.67,52.44,4.24,0
14040,5114,21.5,0,1.04,23.68,69.52,5.77,0
14041,5114,17.5,1.8,20.14,57.61,20.04,0.41,0
14042,5114,18.4,0.78,16.11,47.91,34.61,0.59,0
14043,5114,24.2,0,0,1.04,63.43,35.53,0
14044,5114,20.4,0.02,1.9,40.83,52.21,5.04,0
14045,5114,21,0.02,2.09,30.86,58.92,8.11,0
14046,5114,19.2,0.25,8.29,54.63,33.11,3.72,0
14047,5114,20.2,0.02,2.68,42.51,50.59,4.2,0
14048,5114,18,0.27,12.34,66.56,20.63,0.2,0
14049,5114,25.3,0,0,1.45,44.68,51.84,2.03
14050,5114,19.1,0.02,5.3,61.26,32.75,0.66,0
14051,5114,20.4,0.02,2.25,40.85,51.58,5.3,0
14052,5114,20.2,0,1.62,44.23,53.01,1.13,0
14053,5114,18.2,0.55,14.22,60.15,24.44,0.65,0
14054,5114,21.7,0,0.2,19.01,74.33,6.47,0
14055,5114,20.5,0.04,2.42,34.61,61.36,1.56,0
14056,5114,22,0,0.12,17.83,70.75,11.3,0
14057,5114,17.6,0.08,11.73,73.82,14.37,0,0
14058,5114,19.3,0.02,2.62,59.17,38.19,0,0
14059,5114,17.8,0.04,9.54,75.15,15.27,0,0
14060,5114,19.6,0.22,6.88,50.29,37.84,4.77,0
14061,5114,19,0.22,10.11,46.87,42.59,0.22,0
14062,5114,18.5,0.08,7.27,69.48,23.17,0,0
14063,5114,20.4,0.02,2.33,40.16,52.72,4.77,0
14064,5114,16.1,4.09,29,57.2,9.72,0,0
14065,5114,22.3,0,0.02,6.34,88.99,4.65,0
14066,5114,20.5,0.02,1.51,37.94,56.3,4.24,0
14067,5114,23.2,0,0,7,70.43,22.57,0
14068,5114,22.6,0,0.02,7.78,85.61,6.59,0
14069,5114,18.1,0.04,8.06,74.27,17.64,0,0
14070,5114,20.6,0.02,1.96,36.74,55.32,5.96,0
14071,5114,21.3,0.04,1.97,26.61,63.34,8.04,0
14072,5114,18.7,0.29,11.01,59.27,27.71,1.72,0
14073,5114,19.2,0.27,8.62,54.05,33.12,3.93,0
14074,5114,18,0.53,15.19,61.81,21.9,0.57,0
14075,5114,19.6,0.04,4.18,48.53,47.09,0.16,0
14076,5114,20.3,0.1,4.52,35.14,57.96,2.29,0
14077,5114,20.4,0.02,2.48,39.01,54.42,4.07,0
14078,5114,18.2,0.39,12.93,62.28,23.56,0.84,0
14079,5114,17.6,0.04,10.77,76.55,12.63,0,0
14080,5114,20.6,0,0.72,32.73,66.5,0.04,0
14081,5114,17.5,1.45,19.71,58.29,20.16,0.39,0
14082,5114,18.4,0.02,5.81,74.19,19.98,0,0
14083,5114,20.2,0.02,3.5,39.81,53.83,2.84,0
14084,5114,20.3,0.02,0.57,37.99,61.42,0,0
14085,5114,20.4,0,0.78,38.8,59.86,0.57,0
14086,5114,17.3,0.1,13.43,76.48,9.99,0,0
14087,5114,20.3,0,0.49,39.26,60.25,0,0
14088,5114,19.4,0.02,3.89,58.74,36.84,0.51,0
14089,5114,18.7,0.02,5.92,68.71,25.24,0.1,0
14090,5114,19.4,0.02,3.54,58.72,37.6,0.12,0
14091,5114,19.3,0.29,9.05,51.45,35.04,4.17,0
14092,5114,19.3,0.02,3.7,62.3,33.59,0.39,0
14093,5114,18.6,0.14,9.78,63.04,26.2,0.84,0
14094,5114,20.4,0.04,2.74,36.61,58.7,1.92,0
14095,5114,20.8,0.02,1.92,32.23,60.4,5.44,0
14096,5114,19.2,0.02,3.93,62.83,32.95,0.27,0
14097,5114,19.7,0.02,3.77,51.8,42.18,2.23,0
14098,5114,20.3,0.02,2.66,41.83,51.31,4.18,0
14099,5114,21.1,0,0.29,25.46,72.23,2.01,0
14100,5114,25,0,0,0.45,46.11,53.44,0
14101,5114,21,0.02,1.78,30.48,59.43,8.29,0
14102,5114,22,0,0.2,15.31,73.25,11.24,0
14103,5114,18.9,0.02,1.7,73.21,25.07,0,0
14104,5114,17.8,0.74,18.34,58.96,21.55,0.41,0
14105,5114,19.7,0.02,4.48,52.35,40.09,3.07,0
14106,5114,22.3,0,0.08,10.58,77.16,12.18,0
14107,5114,19.3,0.02,3.58,61.91,34.16,0.33,0
14108,5114,20.9,0,0.29,27.14,72.19,0.37,0
14109,5114,18.8,0.33,10.62,57.68,29.27,2.09,0
14110,5114,19.6,0.02,2.23,52.99,44.72,0.04,0
14111,5114,18.4,0.33,11.71,61.44,25.52,1,0
14112,5114,17.5,0.08,11.54,75.42,12.96,0,0
14113,5114,18.2,0.02,5.3,78.02,16.66,0,0
14114,5114,20.5,0.02,2.21,37.56,55.24,4.97,0
14115,5114,19.1,0.29,11.26,45.76,41.42,1.27,0
14116,5114,17.8,0.92,18.83,59.01,20.75,0.49,0
14117,5114,19.2,0.22,8.21,55.32,33.09,3.17,0
14118,5114,18.8,0.23,9.76,59.35,29.23,1.43,0
14119,5114,19.9,0.02,2.85,50.37,44.62,2.13,0
14120,5114,20,0.04,3.72,45.19,48.34,2.72,0
14121,5114,19.3,0,1.74,64.08,34.18,0,0
14122,5114,19.5,0.02,1.21,60.87,37.9,0,0
14123,5114,20,0.02,2.72,48.67,45.33,3.27,0
14124,5114,20.5,0.02,2.56,38.87,52.31,6.24,0
14125,5114,17.8,0.27,13.57,66.66,19.4,0.1,0
15001,5114,13.3,8.68,71.27,19.95,0.1,0,0
15002,5114,15.8,1.45,32.07,62.08,4.4,0,0
15003,5114,13.9,6.18,62.36,31.15,0.31,0,0
15004,5114,17,0,13.18,79.23,7.59,0,0
15005,5114,12.6,10.64,79.25,10.11,0,0,0
15006,5114,13.2,6.04,80.17,13.79,0,0,0
15007,5114,14,2.17,72.17,25.66,0,0,0
15008,5114,22.6,0,0,10.58,69.77,19.65,0
15009,5114,13,5.92,81.5,12.57,0,0,0
15010,5114,15.3,3.09,36.98,56.26,3.68,0,0
15011,5114,15.9,1.13,30.66,63.41,4.79,0,0
15012,5114,13.4,5.18,77.14,17.68,0,0,0
15013,5114,14.7,3.27,49.67,46.11,0.96,0,0
15014,5114,13.1,9.6,72.84,17.5,0.06,0,0
15015,5114,13.8,2.48,75.91,21.61,0,0,0
15016,5114,14.6,4.13,51.37,43.41,1.1,0,0
15017,5114,15.1,0.78,46.3,52.01,0.9,0,0
15018,5114,11.1,25.5,73.9,0.61,0,0,0
15019,5114,12.9,8.39,80.17,11.44,0,0,0
15020,5114,15.1,2.17,41.92,53.79,2.11,0,0
15021,5114,15.4,0.16,36.14,63.28,0.43,0,0
15022,5114,15.3,1.49,39.99,56.53,1.99,0,0
15023,5114,15.3,2.48,38.7,55.85,2.97,0,0
15024,5114,15.1,2.41,42.33,53.25,2.01,0,0
15025,5114,15.7,1.23,32.97,62.34,3.46,0,0
15026,5114,12.9,11.18,73.45,15.35,0.02,0,0
15027,5114,13.5,4.81,76.03,19.16,0,0,0
15028,5114,15.3,1.97,40.01,55.89,2.13,0,0
15029,5114,15.7,1.35,33.42,61.97,3.27,0,0
15030,5114,15,2.31,46.21,50.16,1.33,0,0
15031,5114,16.1,1.06,27.34,66.37,5.24,0,0
15032,5114,14.5,1.04,62.83,36.1,0.04,0,0
15033,5114,15.3,1.78,39.01,56.55,2.66,0,0
15034,5114,14.7,0.9,58.47,40.56,0.08,0,0
15035,5114,15.2,2.91,39.21,54.85,3.03,0,0
15036,5114,14.7,4.56,47.69,46.23,1.53,0,0
15037,5114,13.7,5.83,68.5,25.56,0.12,0,0
15038,5114,11,28.82,69.38,1.8,0,0,0
15039,5114,15.2,2.01,42.63,53.87,1.49,0,0
15040,5114,18.7,0,2.93,74.33,22.74,0,0
15041,5114,17.1,0.04,14.51,73.56,11.89,0,0
15042,5114,13.3,7.96,73.9,18.11,0.04,0,0
15043,5114,11.6,20.81,76.46,2.74,0,0,0
15044,5114,15.3,1.92,39.36,56.04,2.68,0,0
15045,5114,13.5,8.31,69.01,22.57,0.12,0,0
15046,5114,12.6,12.46,75.01,12.53,0,0,0
15047,5114,12.9,10.11,75.99,13.9,0,0,0
15048,5114,13,9.89,74.07,16,0.04,0,0
15049,5114,13.5,4.07,77.4,18.54,0,0,0
15050,5114,16.7,0.04,16.78,76.16,7.02,0,0
15051,5114,12.6,10.83,79.21,9.95,0,0,0
15052,5114,19.6,0,1.27,58.45,40.01,0.27,0
15053,5114,15.4,2.13,37.64,57.14,3.09,0,0
15054,5114,13.8,3.75,71.53,24.72,0,0,0
15055,5114,13.8,3.75,71.53,24.72,0,0,0
15056,5114,11.9,18.69,74.09,7.22,0,0,0
15057,5114,12.3,15.19,76.26,8.55,0,0,0
15058,5114,16,1.1,28.16,65.58,5.16,0,0
15059,5114,15.5,1.92,35.73,58.8,3.56,0,0
15060,5114,13.5,7.25,69.2,23.46,0.08,0,0
15061,5114,14,5.79,61.63,32.21,0.37,0,0
15062,5114,12.1,14.47,79.64,5.89,0,0,0
15063,5114,15.4,0.22,34.83,64.25,0.7,0,0
15064,5114,12.8,10.85,74.99,14.16,0,0,0
15065,5114,14.2,4.13,59.66,35.96,0.25,0,0
15066,5114,19.4,0,1.13,68.85,29.37,0.65,0
15067,5114,12.7,10.23,78.04,11.73,0,0,0
15068,5114,16.3,0.06,21.41,74.09,4.44,0,0
15069,5114,15,2.31,46.21,50.16,1.33,0,0
15070,5114,16.1,1,27.06,66.6,5.34,0,0
15071,5114,15.2,3.5,38.46,54.07,3.97,0,0
15072,5114,13.3,5.46,79.35,15.19,0,0,0
15073,5114,13.5,4.99,76.79,18.22,0,0,0
15074,5114,12.8,10.36,76.55,13.08,0,0,0
15075,5114,15.2,2.72,40.28,54.5,2.5,0,0
15076,5114,13.8,3.87,70.92,25.19,0.02,0,0
15077,5114,18,0,5.63,77.43,16.93,0,0
15078,5114,18,0,6.2,75.56,18.24,0,0
15079,5114,14.2,5.63,56.98,36.51,0.88,0,0
15080,5114,18.2,0,4.46,77.02,18.52,0,0
15081,5114,15.5,1.88,35.88,58.66,3.58,0,0
15082,5114,20.1,0,0.33,58.55,38.64,2.48,0
15083,5114,15.2,1.49,44.49,52.56,1.47,0,0
15084,5114,15.3,2.87,37.78,56.08,3.27,0,0
15085,5114,13.3,8.21,72.21,19.52,0.06,0,0
15086,5114,14.3,1.17,66.46,32.36,0,0,0
15087,5114,11.5,21.69,74.11,4.2,0,0,0
15088,5114,17,0.02,13.47,80.39,6.12,0,0
15089,5114,15.5,0.7,37.06,59.95,2.29,0,0
15090,5114,14.5,1.23,58.58,40.16,0.02,0,0
15091,5114,15.3,2.33,39.19,55.75,2.74,0,0
15092,5114,15.3,2.17,38.42,56.67,2.74,0,0
15093,5114,13.2,7.49,74.7,17.79,0.02,0,0
15094,5114,16.5,0.04,19.2,75.09,5.67,0,0
15095,5114,14.8,3.23,46.05,49.18,1.54,0,0
15096,5114,15.3,3.01,38.01,55.69,3.29,0,0
15097,5114,15.6,0.06,32.42,66.7,0.82,0,0
15098,5114,13.2,6.04,80.17,13.79,0,0,0
15099,5114,14.7,2.66,51.86,44.74,0.74,0,0
15100,5114,15.7,1.37,32.97,61.63,4.03,0,0
15101,5114,12.2,13.79,81.09,5.12,0,0,0
15102,5114,12.8,11.91,73.48,14.59,0.02,0,0
15103,5114,12.8,8.17,80.17,11.65,0,0,0
15104,5114,15.2,2.05,39.97,55.75,2.23,0,0
15105,5114,24,0,0,2.09,68.73,28.98,0.2
15106,5114,13.1,7.04,78.2,14.76,0,0,0
15107,5114,19,0,2.25,70.43,27.32,0,0
15108,5114,15.2,2.15,40.83,54.73,2.29,0,0
15109,5114,15.1,2.42,43.2,52.5,1.88,0,0
15110,5114,15.9,0.06,29.66,67.68,2.6,0,0
15111,5114,13.2,5.89,78.02,16.09,0,0,0
15112,5114,12.3,15.25,74.29,10.46,0,0,0
15113,5114,14.5,1.13,59.76,39.11,0,0,0
15114,5114,13.1,6.82,77.85,15.33,0,0,0
15115,5114,12.2,14.16,77.61,8.23,0,0,0
15116,5114,19.2,0,1.54,70.43,27.59,0.43,0
15117,5114,18.8,0,2.19,73.21,24.58,0.02,0
15118,5114,10.3,37.31,62.53,0.16,0,0,0
15119,5114,19.5,0,1.41,61.62,36.8,0.18,0
15120,5114,15.6,2.19,34.08,59.52,4.2,0,0
15121,5114,14.7,3.36,49.06,46.44,1.13,0,0
15122,5114,16.1,0.94,27.28,66.43,5.36,0,0
15123,5114,20.7,0,0.12,44.39,48.12,7.37,0
15124,5114,12.1,15.29,78.16,6.55,0,0,0
15125,5114,15.3,1.92,39.36,56.04,2.68,0,0
16001,5114,15,0.88,43.96,55.03,0.14,0,0
16002,5114,23.5,0,0,4.4,72.47,23.13,0
16003,5114,18.1,0.06,8.8,71.72,19.38,0.04,0
16004,5114,18.3,0.1,10.48,66.33,22.66,0.43,0
16005,5114,11.7,20.77,75.24,3.99,0,0,0
16006,5114,24.9,0,0,1.15,53.93,44.54,0.37
16007,5114,15.4,0.84,36.59,61.32,1.25,0,0
16008,5114,23.8,0,0,0.7,79.94,19.36,0
16009,5114,17.7,0.02,8.58,79.7,11.69,0,0
16010,5114,23.8,0,0,0.98,79.62,19.4,0
16011,5114,19.9,0.02,3.6,49.45,44.04,2.89,0
16012,5114,25.4,0,0,0.9,45.01,51.54,2.54
16013,5114,25.1,0,0,0.76,51.06,47.87,0.31
16014,5114,24.6,0,0,0.18,58.66,41.16,0
16015,5114,20,0,0.33,51.76,47.91,0,0
16016,5114,16.4,0.47,22.17,71.04,6.32,0,0
16017,5114,14.5,3.83,52.95,42.61,0.61,0,0
16018,5114,18,0.06,9.86,71.45,18.64,0,0
16019,5114,18.4,0.02,6,72.47,21.49,0.02,0
16020,5114,18.4,0.06,8.02,69.67,22.15,0.1,0
16021,5114,15.3,0.76,39.07,59.76,0.41,0,0
16022,5114,16.9,0.06,16.76,73.35,9.84,0,0
16023,5114,19.2,0.02,5.36,61.32,32.24,1.06,0
16024,5114,14.9,1.35,48.94,49.41,0.29,0,0
16025,5114,16.5,0.27,22.04,71.37,6.32,0,0
16026,5114,21.8,0,0.02,10.27,89.36,0.35,0
16027,5114,16.5,0.43,22.57,69.32,7.68,0,0
16028,5114,17.7,0.14,14.92,66.19,18.71,0.04,0
16029,5114,25.4,0,0,0.33,39.89,59.74,0.04
16030,5114,18.9,0.02,7.33,62.85,28.78,1.02,0
16031,5114,14.5,3.97,53.25,42.02,0.76,0,0
16032,5114,15.5,0.74,35.04,63.45,0.76,0,0
16033,5114,22.8,0,0.04,8,76.59,15.37,0
16034,5114,15.4,0.53,35.53,62.75,1.19,0,0
16035,5114,24.7,0,0,1,56.92,42.08,0
16036,5114,17.7,0.12,12.77,70.22,16.89,0,0
16037,5114,16.3,0.57,24.33,68.01,7.1,0,0
16038,5114,27.4,0,0,0.1,10.09,77.4,12.42
16039,5114,15.1,1.04,43.84,54.83,0.29,0,0
16040,5114,17.2,0.06,15.08,71.69,13.18,0,0
16041,5114,15.6,0.74,32.52,64.08,2.66,0,0
16042,5114,19.4,0.02,5.18,57.86,34.83,2.11,0
16043,5114,18.1,0.04,9.93,70.04,19.93,0.06,0
16044,5114,17.1,0.22,18.09,69.1,12.59,0,0
16045,5114,18.5,0.02,7.1,70.34,22.53,0.02,0
16046,5114,19.4,0,1.1,67.85,30.7,0.35,0
16047,5114,18.6,0.02,3.21,74.38,22.39,0,0
16048,5114,15.8,0.59,29.53,68.13,1.76,0,0
16049,5114,17.9,0.02,7.47,76.77,15.74,0,0
16050,5114,15.4,1.53,37.13,58.66,2.68,0,0
16051,5114,17.7,0.08,11.13,73.58,15.21,0,0
16052,5114,25.1,0,0,0.06,47.16,52.78,0
16053,5114,16.7,0.16,19.22,72.68,7.94,0,0
16054,5114,16.8,0.37,21.06,67.5,11.07,0,0
16055,5114,25.8,0,0,0.57,33.57,64.47,1.39
16056,5114,13.6,4.34,73.91,21.74,0,0,0
16057,5114,24,0,0,2.19,69.05,28.76,0
16058,5114,15.8,0.18,28.57,70.84,0.41,0,0
16059,5114,21,0,0.1,28.78,68.97,2.15,0
16060,5114,19.1,0.04,6.41,60.38,31.27,1.9,0
16061,5114,14.7,1.25,52.7,45.93,0.12,0,0
16062,5114,19.6,0.02,4.15,54.24,39.44,2.15,0
16063,5114,17.8,0.08,12.75,68.03,19.03,0.12,0
16064,5114,25.7,0,0,0.57,37.66,60.34,1.43
16065,5114,14.8,1.27,49.77,48.85,0.12,0,0
16066,5114,14.9,0.86,48.2,50.82,0.12,0,0
16067,5114,17.8,0.08,13.75,66.93,19.1,0.14,0
16068,5114,18.7,0.02,2.99,73.37,23.6,0.02,0
16069,5114,19.1,0.04,6.28,60.95,31.15,1.58,0
16070,5114,16.5,0.37,23.93,67.32,8.37,0,0
16071,5114,17.6,0.18,14.74,66.97,18.07,0.04,0
16072,5114,16.6,0.16,22.86,68.05,8.94,0,0
16073,5114,16.1,0.49,24.25,72.06,3.21,0,0
16074,5114,19.4,0.02,3.83,59.07,36.62,0.45,0
16075,5114,19.2,0,1.99,68.15,29.74,0.12,0
16076,5114,19.3,0.02,4.18,60.44,34.81,0.55,0
16077,5114,28.1,0,0,0.06,6.82,70.43,22.68
16078,5114,18,0.1,10.83,70.04,18.99,0.04,0
16079,5114,15.6,0.14,31.72,67.79,0.35,0,0
16080,5114,13.7,5.67,70.16,24.17,0,0,0
16081,5114,20.7,0,0.2,44.97,48.87,5.96,0
16082,5114,17.7,0.02,7.29,80.45,12.24,0,0
16083,5114,18.3,0.02,4.24,77.53,18.2,0,0
16084,5114,17.5,0.04,12.61,72.59,14.76,0,0
16085,5114,16.6,0.22,22.19,69.16,8.43,0,0
16086,5114,19.4,0.02,5.12,56.98,35.57,2.31,0
16087,5114,20,0,0.63,47.93,51.41,0.04,0
16088,5114,17.7,0.06,11.09,72.72,16.13,0,0
16089,5114,26.2,0,0,0.68,31.52,61.71,6.08
16090,5114,16.1,0.12,25.32,73.66,0.9,0,0
16091,5114,17.7,0.02,9.86,74.72,15.41,0,0
16092,5114,25.2,0,0,0.8,54.52,41.67,3.01
16093,5114,12.5,14.74,74.68,10.58,0,0,0
16094,5114,17.3,0.18,16.33,68.99,14.51,0,0
16095,5114,19.4,0,1.99,64.86,32.81,0.33,0
16096,5114,23.1,0,0,3.15,85.33,11.52,0
16097,5114,21.1,0,0.12,26.05,72.45,1.39,0
16098,5114,16.5,0.06,20.69,74.05,5.2,0,0
16099,5114,23.5,0,0.02,4.24,70.34,25.28,0.12
16100,5114,16.1,0.47,23,73.48,3.05,0,0
16101,5114,19.9,0,0.82,57.96,40.56,0.66,0
16102,5114,18,0.02,6.49,80.13,13.36,0,0
16103,5114,20,0.02,2.89,47.81,46.64,2.64,0
16104,5114,19.6,0.02,3.25,55.12,40.22,1.39,0
16105,5114,19.7,0.02,4.13,53.17,40.09,2.6,0
16106,5114,19.8,0.02,4.13,52.6,39.64,3.62,0
16107,5114,15.9,0.61,28.51,66.62,4.26,0,0
16108,5114,19.2,0.02,5.04,61.17,32.36,1.41,0
16109,5114,18,0.08,12.77,66.23,20.73,0.2,0
16110,5114,15.2,1.49,39.68,56.96,1.88,0,0
16111,5114,17.6,0.02,8.62,81.62,9.74,0,0
16112,5114,15.1,0.41,43.78,55.49,0.31,0,0
16113,5114,18.8,0.08,8.21,63.45,27.02,1.23,0
17001,5114,22.2,0,0.04,13.12,73.74,13.1,0
17002,5114,18.6,0,3.48,75.26,21.22,0.04,0
17003,5114,23.2,0,0.02,6.45,71.55,21.94,0.04
17004,5114,22,0,0.02,16.64,71.14,12.2,0
17005,5114,22.1,0,0.08,16.09,72.41,11.42,0
17006,5114,21.3,0,0.12,26.07,65.8,8.02,0
17007,5114,18.2,0,6.61,76.89,16.5,0,0
17008,5114,21,0,0.2,31.17,63.43,5.2,0
17009,5114,14.1,1.9,69.1,29,0,0,0
17010,5114,21.5,0,0.1,22.04,68.95,8.92,0
17011,5114,19.6,0,1.33,59.35,38.64,0.68,0
17012,5114,24.1,0,0,2.64,67.13,29.53,0.7
17013,5114,22.5,0,0.02,10.77,73.21,16,0
17014,5114,23.4,0,0,5.91,71.55,22.47,0.08
17015,5114,20.3,0,0.51,42.98,55.01,1.51,0
17016,5114,15.8,0.16,29.16,68.73,1.96,0,0
17017,5114,23.5,0,0,3.52,72.86,23.56,0.06
17018,5114,21.2,0,0.12,26.48,67.54,5.87,0
17019,5114,22.2,0,0.02,14.12,71.53,14.33,0
17020,5114,18.7,0,3.36,74.64,21.96,0.04,0
17021,5114,23,0,0,7.76,73.03,19.16,0.04
17022,5114,18.8,0,2.64,73.25,24.07,0.04,0
17023,5114,15.6,0.22,35.02,62.61,2.15,0,0
17024,5114,22.9,0,0,8.7,72.31,18.95,0.04
17025,5114,24.1,0,0,2.66,66.66,29.84,0.84
17026,5114,18.9,0,2.56,72.72,24.54,0.18,0
17027,5114,18.2,0,5.48,77.04,17.48,0,0
17028,5114,23.1,0,0,7.7,71.82,20.41,0.06
17029,5114,20.1,0,0.74,53.68,43.2,2.39,0
17030,5114,20.3,0,0.57,46.73,49.9,2.8,0
17031,5114,23.7,0,0,4.22,69.77,25.81,0.2
17032,5114,19.6,0,1.23,62.55,35.75,0.47,0
17033,5114,20.7,0,0.37,38.05,57.86,3.72,0
18001,5114,24.2,0,0.04,7.9,44.82,47.15,0.1
18002,5114,20.9,0,0.88,28.76,69.44,0.92,0
18003,5114,20.6,0,1.33,31.58,66.48,0.61,0
18004,5114,23,0,0.04,11.05,69.67,19.24,0
18005,5114,21.9,0,0.82,24.78,62.93,11.48,0
18006,5114,19.7,0.04,3.62,44.88,51.33,0.14,0
18007,5114,20.1,0.02,2.7,38.95,58.11,0.22,0
18008,5114,20.8,0,0.82,31.89,67.05,0.23,0
18009,5114,20.7,0.04,3.17,30.15,65.7,0.94,0
18010,5114,24.8,0,0,5.06,41.61,53.15,0.18
18011,5114,24.7,0,0,5.48,41.28,53.03,0.22
18012,5114,24.7,0,0,2.72,45.76,51.53,0
18013,5114,20.8,0,0.8,29.49,69.38,0.33,0
18014,5114,20.8,0,1.08,29.74,68.48,0.7,0
18015,5114,25.3,0,0,2.11,38.74,58.56,0.59
18016,5114,24.8,0,0.02,5.4,42.18,51.84,0.57
18017,5114,21.2,0,0.7,28.59,69.81,0.9,0
18018,5114,25.2,0,0,3.48,38.89,57,0.63
18019,5114,19.9,0.06,4.77,38.89,55.98,0.29,0
18020,5114,24,0,0,3.36,54.87,41.77,0
19001,5114,20.9,4.61,11.99,20.83,34.49,27.49,0.59
19002,5114,23.7,2.84,8.82,14.86,24.09,30.52,18.87
19003,5114,24.6,2.07,7.08,13.55,22.45,31.01,23.84
19004,5114,19.6,4.71,15.27,27.12,38.01,14.88,0
19005,5114,24,3.58,9.33,15,21.2,26.44,24.46
19006,5114,22.1,3.38,10.52,19.12,30.17,33.03,3.77
19007,5114,16.1,8.17,25.4,55.32,11.11,0,0
19008,5114,22.1,4.46,11.15,18.09,28.04,31.91,6.36
19009,5114,22.2,2.91,10.21,19.52,30.17,32.13,5.06
19010,5114,21,4.44,12.01,20.88,34.14,27.92,0.61
19011,5114,23.3,2.93,9.01,15.66,25.64,32.23,14.53
19012,5114,22.3,3.68,10.7,17.85,28.43,33.05,6.3
19013,5114,24.6,1.82,6.75,13.69,23.02,32.38,22.35
19014,5114,17.2,4.42,21.88,48.44,25.22,0.04,0
19015,5114,24.7,2.01,6.96,13.18,22.35,32.05,23.45
19016,5114,23.3,2.68,8.78,16.37,26.55,32.19,13.43
19017,5114,15.3,11.07,28.82,54.71,5.4,0,0
19018,5114,20.1,5.26,13.14,23.8,36.7,20.98,0.12
19019,5114,19.6,5.34,14.59,26.03,37.99,16.05,0
19020,5114,24.6,1.88,6.82,13.57,22.92,32.54,22.27
19021,5114,21,4.18,11.75,21.08,34.67,27.67,0.65
19022,5114,23.4,2.35,8.27,16.01,27.61,32.15,13.61
19023,5114,24.1,2.48,7.98,14.51,23.19,30.74,21.1
19024,5114,14,13.9,37.47,48.1,0.53,0,0
19025,5114,22.2,3.6,10.62,18.48,29.02,33.28,5.01
19026,5114,20.3,4.48,13.77,23.9,35.71,22.15,0
19027,5114,24.4,2.11,7.35,13.94,23.17,31.56,21.86
19028,5114,22.3,3.46,10.48,18.09,28.73,33.36,5.89
19029,5114,22.5,2.56,9.39,18.38,30.9,33.95,4.83
19030,5114,16.1,10.01,24.42,49.32,16.25,0,0
19031,5114,21.3,3.62,11.93,21.72,32.58,29.39,0.76
19032,5114,23.1,4.13,10.19,16.74,23.03,27.57,18.34
19033,5114,22.4,2.56,9.44,18.46,31.13,34.12,4.28
19034,5114,22.5,3.19,9.93,18.2,28.61,33.09,6.98
19035,5114,23.8,2.62,8.29,14.86,24.6,31.36,18.26
19036,5114,17.9,3.42,18.69,42.51,35.14,0.23,0
19037,5114,20.9,4.93,12.05,20.18,34.57,27.61,0.66
19038,5114,21.1,3.42,12.12,22.8,32.85,28.49,0.31
19039,5114,21,4.18,12.01,21.51,34.43,27.22,0.65
19040,5114,24.2,2.64,8.1,14.35,22.25,29.62,23.03
19041,5114,22.7,2.89,9.64,18.15,28.35,32.85,8.11
19042,5114,24,2.11,7.68,14.9,24.79,31.5,19.01
19043,5114,16.2,9.93,25.11,45.85,19.1,0,0
19044,5114,22.9,3.91,10.21,16.74,25.28,29.7,14.16
19045,5114,21.9,3.81,11.24,18.79,30.23,32.89,3.03
19046,5114,21.6,3.5,11.09,20.3,32.01,31.25,1.86
19047,5114,20.4,5.04,12.65,22.17,36.82,23.11,0.2
19048,5114,17.8,7.92,19.28,33.07,38.17,1.56,0
19049,5114,18.9,5.79,17.03,28.18,40.91,8.1,0
19050,5114,23.7,3.07,9.37,15.27,22.96,28.9,20.43
19051,5114,22.4,4.17,10.83,17.76,26.38,31.03,9.84
20001,5114,15.9,2.52,26.46,67.72,3.3,0,0
20002,5114,24.5,0,0.12,7.8,44.52,45.46,2.09
20003,5114,16.5,1.21,22.08,70.51,6.2,0,0
20004,5114,16.6,0.76,19.1,73.39,6.75,0,0
20005,5114,25.1,0,0.02,3.38,39.5,56.63,0.47
20006,5114,16.3,1.33,21.33,71.22,6.12,0,0
20007,5114,18.8,0.02,4.13,70.81,25.03,0.02,0
20008,5114,22.8,0,0,5.36,86.92,7.72,0
20009,5114,23,0,0.59,15.98,59.44,23.76,0.23
20010,5114,24.3,0,0.1,6.65,49.77,43.1,0.39
20011,5114,19.3,0,0.72,68.83,30.41,0.04,0
20012,5114,23.9,0,0,0.02,85.12,14.86,0
20013,5114,18.6,0.1,4.65,72.57,22.62,0.06,0
20014,5114,26,0,0,1.54,27.65,68.4,2.41
20015,5114,18,0,5.57,79.47,14.96,0,0
20016,5114,17.7,0,1.92,94.13,3.95,0,0
20017,5114,18.4,0,3.52,79.12,17.36,0,0
20018,5114,16,1.62,25.99,68.07,4.32,0,0
20019,5114,17.2,0.98,16.86,70.45,11.71,0,0
20020,5114,20.6,0,0,32.09,67.83,0.08,0
20021,5114,23.4,0,0.31,13.12,54.71,31.56,0.29
20022,5114,20.7,0.04,1.68,34.22,59.68,4.38,0
20023,5114,18.3,0.1,6.37,74.81,18.67,0.04,0
20024,5114,17.8,0.65,13.73,68.67,16.95,0,0
20025,5114,26.1,0,0,0.08,20.86,79.02,0.04
20026,5114,14.3,0.29,71.37,28.33,0,0,0
20027,5114,18.4,0.27,10.77,62.69,26.22,0.04,0
20028,5114,18.9,0,3.32,70.34,26.34,0,0
20029,5114,17.8,0.45,14.49,69.18,15.88,0,0
20030,5114,26.6,0,0,0.7,20.53,74.78,3.99
20031,5114,16.5,1.21,21.51,71.12,6.16,0,0
20032,5114,22.2,0,0.16,14.53,72.14,13.18,0
20033,5114,17,0.57,13.84,76.81,8.78,0,0
20034,5114,20.4,0,0.61,45.74,52.27,1.39,0
20035,5114,14.6,4.26,46.3,49.32,0.12,0,0
20036,5114,21.8,0,1.33,21.12,68.65,8.9,0
20037,5114,21.8,0,0,5.96,91.14,2.89,0
20038,5114,16.3,1.86,24.33,68.64,5.18,0,0
20039,5114,18.3,0.14,6.96,73.23,19.67,0,0
20040,5114,18.5,0.27,10.31,58.76,30.56,0.1,0
20041,5114,18.7,0.16,9.8,55.46,34.47,0.12,0
20042,5114,18,0.29,12.4,68.93,18.38,0,0
20043,5114,26.4,0,0,0.63,21.37,76.42,1.58
20044,5114,25.4,0,0.04,4.93,36.55,52.13,6.36
20045,5114,16.4,0.86,19.79,73.23,6.12,0,0
20046,5114,16.8,0.7,15.31,77.16,6.82,0,0
20047,5114,15.6,2.21,31.44,63.81,2.54,0,0
20048,5114,16.6,0.1,14.96,81.89,3.05,0,0
20049,5114,18.8,0.02,4.13,70.81,25.03,0.02,0
20050,5114,15.7,0.53,28.76,70.24,0.47,0,0
20051,5114,17.8,0.12,8.78,77.69,13.41,0,0
20052,5114,23.7,0,0,4.77,68.01,27.22,0
20053,5114,24.9,0,0,3.3,42.94,53.58,0.18
20054,5114,16,1.41,24.99,69.38,4.22,0,0
20055,5114,20.9,0,0.49,31.72,63.61,4.18,0
20056,5114,26.2,0,0,0,17.83,81.5,0.66
20057,5114,24.5,0,0.08,8.02,45.91,43.72,2.27
20058,5114,18.9,0.33,9.39,51.92,37.99,0.37,0
20059,5114,18.4,0,3.09,79.45,17.46,0,0
20060,5114,16.3,1.86,24.33,68.64,5.18,0,0
20061,5114,18.3,0,3.17,82.42,14.41,0,0
20062,5114,14.6,4.26,46.3,49.32,0.12,0,0
20063,5114,17.1,0.57,13.16,76.97,9.31,0,0
20064,5114,20.5,0,2.09,35.04,60.54,2.33,0
20065,5114,17.7,0.02,5.48,84.71,9.8,0,0
20066,5114,26.1,0,0,1.08,26.03,71.63,1.27
20067,5114,17.1,0.51,13.1,77.12,9.27,0,0
20068,5114,18.7,0.04,4.52,72.08,23.35,0.02,0
20069,5114,18.6,0,3.6,75.13,21.27,0,0
20070,5114,25.3,0,0,0,46.05,53.95,0
20071,5114,21.5,0,0,7.65,92.28,0.08,0
20072,5114,17.6,0,7.84,80.92,11.24,0,0
20073,5114,19.4,0,0.12,72.6,27.28,0,0
20074,5114,15.3,0.14,37.76,62.1,0,0,0
20075,5114,26.2,0,0,0.16,20.84,78.82,0.18
20076,5114,21.8,0,0,3.77,95.01,1.21,0
20077,5114,17,0.57,13.84,76.81,8.78,0,0
20078,5114,17.9,0.31,8.9,76.09,14.7,0,0
20079,5114,26.5,0,0,0.45,20.2,77.43,1.92
20080,5114,18.6,0,2.91,76.03,21.06,0,0
20081,5114,18.6,0.02,3.44,75.87,20.61,0.06,0
20082,5114,23.2,0,0,0.39,89.73,9.87,0
20083,5114,18.3,0.16,6.65,73.97,19.16,0.06,0
20084,5114,16.7,0.63,16.46,75.87,7.04,0,0
20085,5114,21.2,0,0,11.73,88.19,0.08,0
20086,5114,15.3,0.55,37,62.2,0.25,0,0
20087,5114,17.3,0.51,12.08,77.53,9.87,0,0
20088,5114,21.1,0,0,17.13,82.48,0.39,0
20089,5114,17.5,0.63,11.99,74.07,13.32,0,0
20090,5114,25.7,0,0,0,28.35,71.65,0
20091,5114,16.3,0.76,21.47,73.48,4.28,0,0
20092,5114,18.1,0.2,7.41,75.79,16.6,0,0
20093,5114,15.5,1.7,32.52,63.88,1.9,0,0
20094,5114,15.9,0.68,25.93,70.63,2.76,0,0
20095,5114,16.6,0,9.6,90.26,0.14,0,0
20096,5114,15.2,2.19,39.5,57.24,1.08,0,0
20097,5114,16.8,1.7,20.92,68.91,8.47,0,0
20098,5114,20.4,0.04,4.83,32.23,60.09,2.82,0
20099,5114,20.5,0,0.25,43.43,55.38,0.94,0
20100,5114,17,1.47,19.75,69.48,9.31,0,0
20101,5114,18.5,0,3.4,78.04,18.56,0,0
20102,5114,16.9,0.59,14.8,76.28,8.33,0,0
20103,5114,18.8,0.08,4.44,70,25.4,0.08,0
20104,5114,15.6,0.1,30.23,69.55,0.12,0,0
20105,5114,15.9,0.39,25.64,72.39,1.58,0,0
20106,5114,15.9,1.74,26.36,68.2,3.7,0,0
20107,5114,18.3,0.2,6.84,74.54,18.38,0.04,0
20108,5114,16.9,0.1,9.72,86.04,4.15,0,0
20109,5114,19.6,0.47,7.82,40.42,48.47,2.82,0
20110,5114,14.2,0.72,74.13,25.15,0,0,0
20111,5114,25.4,0,0,0,44.45,55.46,0.1
20112,5114,17.6,0.08,8.6,78.94,12.38,0,0
20113,5114,22.1,0,0,2.7,96.81,0.49,0
20114,5114,16.4,2.17,23.43,68.5,5.91,0,0
20115,5114,18.8,0.1,5.28,68.97,25.56,0.1,0
20116,5114,19.7,0.08,6.26,39.89,52.62,1.15,0
20117,5114,23.4,0,0,0.27,90.24,9.48,0
20118,5114,17.5,0.12,10.74,77.85,11.3,0,0
20119,5114,15.7,0.65,28.59,70.12,0.65,0,0
20120,5114,15.9,2.39,28,66.23,3.38,0,0
20121,5114,14.3,3.91,58.99,37.04,0.06,0,0
20122,5114,21.5,0,1.08,20.34,72.59,6,0
20123,5114,17,0.1,11.01,84.14,4.75,0,0
20124,5114,26.4,0,0,0.66,21.74,74.83,2.76
20125,5114,19.7,0,1.86,51.43,46.71,0,0
20126,5114,15.2,0.06,38.4,61.54,0,0,0
20127,5114,15.1,0.57,44.33,54.93,0.18,0,0
20128,5114,17.4,1.27,17.21,68.67,12.85,0,0
20129,5114,15.4,2.56,33.67,61.5,2.27,0,0
20130,5114,26.2,0,0,0.57,23.68,74.58,1.17
20131,5114,18.9,0.08,5.85,66.5,27.34,0.23,0
20132,5114,18.3,0.02,5.34,77.16,17.48,0,0
20133,5114,15,0.12,51.51,48.38,0,0,0
20134,5114,22.9,0,0.65,15.8,61.73,21.74,0.08
20135,5114,17.3,0.51,11.5,77,10.99,0,0
20136,5114,20.9,0,3.52,28.78,62.77,4.93,0
20137,5114,18.6,0.02,2.37,79.51,18.11,0,0
20138,5114,16,2.33,26.57,67.13,3.97,0,0
20139,5114,17,1,18.5,71.55,8.96,0,0
20140,5114,15.3,1.82,36.61,60.19,1.39,0,0
20141,5114,27.2,0,0,0,5.28,93.68,1.04
20142,5114,16.9,1.02,19.71,71.1,8.17,0,0
20143,5114,26.2,0,0,0.2,20.55,79.02,0.23
20144,5114,15.8,1.19,27.4,68.69,2.72,0,0
20145,5114,17.1,0.55,14.16,76.5,8.8,0,0
20146,5114,17.8,0.06,5.92,83.01,11.01,0,0
20147,5114,15.2,1.74,39.15,58.27,0.84,0,0
20148,5114,18.8,0,0.29,87.07,12.63,0,0
20149,5114,18.4,0,3.03,79.62,17.34,0,0
20150,5114,16.8,0.76,17.48,73.11,8.64,0,0
20151,5114,15.4,1.88,35.08,61.26,1.78,0,0
20152,5114,18.7,0,1.19,79.27,19.53,0,0
20153,5114,22.5,0,0,1.04,98.28,0.68,0
20154,5114,17.2,0.04,7.02,89.01,3.93,0,0
20155,5114,17.5,0,4.54,89.93,5.53,0,0
20156,5114,17.6,0.8,15.62,69.16,14.41,0,0
20157,5114,17.8,0.31,8.7,76.5,14.49,0,0
20158,5114,20.8,0,0,27.04,72.84,0.12,0
20159,5114,19.7,0,0,60.62,39.38,0,0
20160,5114,18.4,0.04,4.93,74.66,20.36,0.02,0
20161,5114,16.7,0.76,17.89,73.31,8.04,0,0
20162,5114,17.2,0.02,10.54,80.35,9.09,0,0
20163,5114,18,0.49,12.83,65.72,20.94,0.02,0
20164,5114,20,0,0.82,54.73,44,0.45,0
20165,5114,19.4,0,2.03,63.47,34.2,0.29,0
20166,5114,24.2,0,0.18,9.48,48.34,39.77,2.23
20167,5114,18.1,0.02,3.93,83.36,12.69,0,0
20168,5114,26.7,0,0,0,7.47,92.24,0.29
20169,5114,22.8,0,0.68,16.7,61.69,20.86,0.06
20170,5114,19.3,0.04,3.73,63.26,32.87,0.1,0
20171,5114,20.9,0.02,2.76,29.35,63.73,4.15,0
20172,5114,15.3,0.82,36.76,62.03,0.39,0,0
20173,5114,15.4,3.23,31.95,63.49,1.33,0,0
20174,5114,18.4,0.12,6.32,73.91,19.61,0.04,0
20175,5114,17.2,1.47,16.88,70.36,11.3,0,0
20176,5114,14.5,3.3,54.24,42.28,0.18,0,0
20177,5114,19.2,0.39,8.19,49.26,40.63,1.53,0
20178,5114,16,1,24.54,70.83,3.64,0,0
20179,5114,15.9,1.66,25.79,68.87,3.68,0,0
20180,5114,26.6,0,0,0,10.34,88.72,0.94
20181,5114,17.2,0.55,14.35,74.31,10.79,0,0
20182,5114,19.8,0.08,6.12,37.86,54.32,1.62,0
20183,5114,20.7,0,0.22,38.25,60.36,1.17,0
20184,5114,25.1,0,0.06,5.79,38.35,50.92,4.89
20185,5114,25.3,0,0,0,48.67,51.23,0.1
20186,5114,21.7,0,0.18,19.5,71.18,9.15,0
20187,5114,18.2,0.37,12.16,64.18,23.25,0.04,0
20188,5114,24.7,0,0,0,64.1,35.9,0
20189,5114,18.2,0.25,11.89,66.09,21.71,0.06,0
20190,5114,23.8,0,0.22,11.46,53.75,32.99,1.58
20191,5114,14.2,4.03,59.58,36.37,0.02,0,0
20192,5114,18.7,0.08,4.97,70.18,24.7,0.08,0
20193,5114,15.5,1.49,32.62,64.18,1.72,0,0
20194,5114,17.6,0.37,12.44,74.19,13,0,0
20195,5114,15.2,1,42.3,56.34,0.37,0,0
20196,5114,15.4,3.23,31.95,63.49,1.33,0,0
20197,5114,17.8,0.16,9.09,76.91,13.84,0,0
20198,5114,24.1,0,0.16,9.01,49.78,40.24,0.8
20199,5114,20.3,0,0.41,46.7,51.82,1.08,0
20200,5114,19.5,0.1,6.41,46.46,46.25,0.78,0
20201,5114,17.1,1.62,19.08,69.46,9.84,0,0
20202,5114,19.2,0,0.04,79.39,20.57,0,0
20203,5114,17.8,0,6.26,80.02,13.73,0,0
20204,5114,20.6,0,2.07,32.52,62.89,2.52,0
20205,5114,23.4,0,0.31,13.82,56.43,28.57,0.86
20206,5114,19.4,0.35,7.88,44.29,45.68,1.8,0
20207,5114,23.3,0,0.37,14.25,57.84,27.2,0.33
20208,5114,15.7,0.25,27.12,72.33,0.29,0,0
20209,5114,16.7,0.06,12.38,85.24,2.33,0,0
20210,5114,15.5,0.37,34.26,64.9,0.47,0,0
20211,5114,16.5,0,11.36,88.58,0.06,0,0
20212,5114,19,0.12,7.86,51.1,40.65,0.27,0
20213,5114,20.2,0,0,46.17,53.83,0,0
20214,5114,16.5,1.78,22.41,69.95,5.87,0,0
20215,5114,15.3,1.82,36.61,60.19,1.39,0,0
20216,5114,17.3,1.43,18.09,69.2,11.28,0,0
20217,5114,17,0.35,11.69,81.42,6.53,0,0
20218,5114,17.8,0.18,5.65,83.91,10.27,0,0
20219,5114,18.4,0.12,6.02,73.84,19.96,0.06,0
20220,5114,17.3,1.15,16.58,70.2,12.06,0,0
20221,5114,15,2.46,42.33,54.48,0.72,0,0
20222,5114,18.2,0.63,12.32,62.65,24.36,0.04,0
20223,5114,18.2,0.49,12.06,62.65,24.76,0.04,0
20224,5114,15.1,2.91,41.4,54.48,1.21,0,0
20225,5114,24.4,0,0,0.02,72.47,27.51,0
20226,5114,17.6,0.41,12.42,73.91,13.26,0,0
20227,5114,17.2,0.51,12.89,77.08,9.52,0,0
20228,5114,17.1,0.8,18.67,72,8.53,0,0
20229,5114,19.2,0,0.29,75.93,23.78,0,0
20230,5114,19.5,0,1.06,63.94,34.81,0.2,0
20231,5114,19.9,0.08,5.3,37.76,54.85,2.01,0
20232,5114,24.3,0,0.12,8.74,45.78,43.53,1.84
20233,5114,17.2,0.18,13.18,77.24,9.41,0,0
20234,5114,18.2,0.41,12.24,64.53,22.8,0.02,0
20235,5114,19.2,0.02,3.21,64.74,31.89,0.14,0
20236,5114,19,0,0.02,84.26,15.72,0,0
20237,5114,19.1,0,2.33,69.28,28.28,0.12,0
20238,5114,18.3,0,5.03,77.59,17.38,0,0
20239,5114,15.5,0.65,33.61,65.25,0.49,0,0
20240,5114,15.6,0.06,28.8,71.12,0.02,0,0
20241,5114,18.5,0,3.4,78.04,18.56,0,0
20242,5114,16.7,0,10.42,88.64,0.94,0,0
20243,5114,18.8,0.1,4.69,69.87,25.26,0.08,0
20244,5114,18.8,0.45,9.95,53.97,35.14,0.49,0
20245,5114,20.6,0,0.68,39.73,57,2.58,0
20246,5114,16.5,2.19,22.29,69.05,6.47,0,0
20247,5114,14.8,3.83,42.41,53.4,0.35,0,0
20248,5114,26.7,0,0,0.27,17.38,80,2.35
20249,5114,17.5,0.68,16.03,70.67,12.61,0,0
20250,5114,15.5,1.78,33.55,62.65,2.01,0,0
20251,5114,21,0,0.22,27.9,69.59,2.29,0
20252,5114,17.1,0.27,9.37,85.18,5.18,0,0
20253,5114,21.2,0,0,13.04,86.92,0.04,0
20254,5114,16.4,0,10.77,89.17,0.06,0,0
20255,5114,19,0.08,3.21,69.55,27.12,0.04,0
20256,5114,15.6,2.25,31.15,64,2.6,0,0
20257,5114,16.9,1.8,20.26,68.79,9.15,0,0
20258,5114,14.8,1.08,52.42,46.28,0.22,0,0
20259,5114,20.4,0,0.31,46.21,52.74,0.74,0
20260,5114,15,2.68,39.85,56.92,0.55,0,0
20261,5114,19.7,0,1.43,58.56,39.38,0.63,0
20262,5114,13.4,4.91,78.78,16.31,0,0,0
20263,5114,18.3,0,0.74,92.12,7.14,0,0
20264,5114,14.2,3.07,63.39,33.54,0,0,0
20265,5114,24.4,0,0.06,5.71,49.24,44.94,0.06
20266,5114,24.1,0,0,0,78.49,21.51,0
20267,5114,15.3,2.99,33.59,62.16,1.25,0,0
20268,5114,18.6,0,3.52,75.09,21.39,0,0
20269,5114,14.3,0.23,71.98,27.79,0,0,0
20270,5114,15.3,1.96,37.5,59.21,1.33,0,0
20271,5114,16.4,0.1,15.72,82.93,1.25,0,0
20272,5114,20.2,0,0,45.46,54.54,0,0
20273,5114,15,0.35,51.54,48.04,0.06,0,0
20274,5114,17.8,0.12,5.67,82.87,11.34,0,0
20275,5114,19.7,0.1,6.71,39.83,51.23,2.13,0
20276,5114,17.3,0.9,16.46,70.98,11.65,0,0
20277,5114,17.9,0,2.07,91.1,6.82,0,0
20278,5114,24.9,0,0.06,6.53,40.16,50.14,3.11
20279,5114,18,0,0.76,95.93,3.3,0,0
20280,5114,17.6,0.98,15.72,68.3,15,0,0
20281,5114,15.4,1.62,35.35,61.65,1.37,0,0
20282,5114,23.2,0,0,3.75,82.71,13.53,0
20283,5114,15.5,2.37,32.97,62.26,2.41,0,0
20284,5114,17.7,0.08,8.43,78.63,12.87,0,0
20285,5114,25.7,0,0,0,31.29,68.69,0.02
20286,5114,17.7,0.02,5.48,84.71,9.8,0,0
20287,5114,15.5,2.27,31.64,63.47,2.62,0,0
20288,5114,15.2,2.89,35.45,60.58,1.08,0,0
20289,5114,18.8,0,2.37,74.48,23.15,0,0
20290,5114,21,0,0.43,30.92,64.74,3.91,0
20291,5114,19.9,0,0.02,56.61,43.37,0,0
20292,5114,16.2,0.31,21.9,75.4,2.39,0,0
20293,5114,16.7,0.63,16.46,75.87,7.04,0,0
20294,5114,16.5,1.08,20.02,72.25,6.65,0,0
20295,5114,18.4,0.06,4.85,76.75,18.34,0,0
20296,5114,14.9,3.62,39.05,57,0.33,0,0
20297,5114,17.3,0.06,6.41,88.03,5.49,0,0
20298,5114,16.8,0.63,17.52,73.62,8.23,0,0
20299,5114,16.1,2.31,25.11,67.93,4.65,0,0
20300,5114,24.3,0,0,0.02,72.47,27.51,0
20301,5114,18.8,0.02,4.13,70.81,25.03,0.02,0
20302,5114,24.1,0,0,0.04,76.4,23.56,0
20303,5114,15.6,2.44,29.47,65.49,2.6,0,0
20304,5114,15.4,1.8,35.14,61.24,1.82,0,0
20305,5114,26.3,0,0,1.06,24.34,71.84,2.76
20306,5114,18.2,0,0.49,94.86,4.65,0,0
20307,5114,25.8,0,0,0,26.01,73.95,0.04
20308,5114,26.7,0,0,0.31,17.48,79.72,2.48
20309,5114,22.7,0,0.74,17.07,63.67,18.44,0.08
20310,5114,16.5,0.37,17.44,78.37,3.81,0,0
20311,5114,17.5,0.82,15.19,69.5,14.49,0,0
20312,5114,25.3,0,0,0,44.97,55.03,0
20313,5114,17.5,0.74,15.19,69.61,14.45,0,0
20314,5114,19.2,0,0.04,78.78,21.18,0,0
20315,5114,18.8,0.02,4.13,70.81,25.03,0.02,0
20316,5114,18.5,0.08,5.75,73.91,20.26,0,0
20317,5114,15.3,0.72,40.3,58.56,0.41,0,0
20318,5114,25.2,0,0,0,45.95,54.05,0
20319,5114,14,0.35,79.92,19.73,0,0,0
20320,5114,14.3,0.49,72.55,26.97,0,0,0
20321,5114,15.3,1.99,36.62,59.89,1.49,0,0
20322,5114,17.4,0.76,16.41,71.16,11.67,0,0
20323,5114,19.2,0.16,7.53,49.02,42.49,0.8,0
20324,5114,24.6,0,0,0,63.92,36.08,0
20325,5114,19.6,0.02,4.69,48.73,45.93,0.63,0
20326,5114,17.9,0.51,13.57,69.59,16.31,0.02,0
20327,5114,26.1,0,0,0.1,22.17,77.69,0.04
20328,5114,17.3,0,9.54,80.92,9.54,0,0
20329,5114,18.7,0.18,4.34,72.53,22.92,0.04,0
20330,5114,22,0,1.53,21.33,65.84,11.3,0
20331,5114,14.9,1.35,49.22,49.14,0.29,0,0
20332,5114,14.8,2.13,52.01,45.68,0.18,0,0
20333,5114,19.6,0,3.56,54.6,41.04,0.8,0
20334,5114,25.1,0,0,0,49.82,50.18,0
20335,5114,16.2,2.25,25.21,68.56,3.99,0,0
20336,5114,16.2,1.76,25.48,69.16,3.6,0,0
20337,5114,15.8,1.99,27.75,67.21,3.05,0,0
20338,5114,17,0.57,13.92,76.91,8.6,0,0
20339,5114,15,1.99,44.88,52.52,0.61,0,0
20340,5114,18.9,0.1,5.36,65.02,29.39,0.14,0
20341,5114,15.2,2.17,39.62,57.33,0.88,0,0
20342,5114,18.5,0.1,6.06,73.15,20.63,0.06,0
20343,5114,18.1,0.22,7.8,75.62,16.35,0.02,0
20344,5114,19.9,0,0,53.44,46.56,0,0
20345,5114,25.9,0,0,0,27.63,72.08,0.29
20346,5114,15.6,0.8,32.36,65.7,1.13,0,0
20347,5114,16.2,0.04,16.39,83.5,0.08,0,0
20348,5114,16.3,0,16.29,83.34,0.37,0,0
20349,5114,18.6,0.12,5.89,72.04,21.9,0.06,0
20350,5114,18,0.27,8.21,75.83,15.68,0,0
20351,5114,18.2,0,2.99,83.22,13.79,0,0
20352,5114,19.8,0,1.31,56.69,41.36,0.65,0
20353,5114,18,0,2.85,86.27,10.87,0,0
20354,5114,18.2,0.22,11.71,64.39,23.66,0.02,0
20355,5114,18.1,0.45,12.34,65.68,21.49,0.04,0
20356,5114,15.7,1.04,27.73,69.22,2.01,0,0
20357,5114,19.9,0,2.44,46.83,50.51,0.22,0
20358,5114,18.3,0.04,4.61,79,16.35,0,0
20359,5114,15.2,2.78,35.43,60.79,1,0,0
20360,5114,18.8,0.08,4.44,70,25.4,0.08,0
20361,5114,16.3,0.08,19.08,79.74,1.1,0,0
20362,5114,18,0,2.85,87,10.15,0,0
20363,5114,14.9,1.68,46.46,51.45,0.41,0,0
20364,5114,21.6,0,0,5.06,94.84,0.1,0
20365,5114,14.3,2.56,63.38,34,0.06,0,0
20366,5114,20.3,0,0,38.6,61.4,0,0
20367,5114,25.3,0,0,0,44.54,55.46,0
20368,5114,18.3,0.06,5.63,75.81,18.5,0,0
20369,5114,18.7,0.1,4.73,71.45,23.66,0.06,0
20370,5114,15.5,0.8,33.28,65.41,0.51,0,0
20371,5114,15,0.25,49.86,49.86,0.02,0,0
20372,5114,14.1,0.23,78.28,21.49,0,0,0
20373,5114,16.2,1.33,23.93,69.59,5.14,0,0
20374,5114,17.5,0.68,16.03,70.67,12.61,0,0
20375,5114,18,0.27,8.21,75.83,15.68,0,0
20376,5114,19.7,0,0.72,61.34,37.78,0.16,0
20377,5114,20.1,0,0,53.38,46.62,0,0
20378,5114,17.8,0.1,6.18,82.4,11.32,0,0
20379,5114,14.8,0.25,56.22,43.53,0,0,0
20380,5114,17.8,0.16,9.09,76.91,13.84,0,0
20381,5114,21.7,0,0.27,20.18,70.69,8.86,0
20382,5114,17.8,0.02,2.93,89.58,7.47,0,0
20383,5114,15.3,0.88,38.25,60.5,0.37,0,0
20384,5114,18,0,3.09,85.94,10.97,0,0
20385,5114,18.4,0.14,6.28,73.11,20.39,0.08,0
20386,5114,21.4,0,0,8.62,90.91,0.47,0
20387,5114,18.6,0.06,4.32,74.21,21.41,0,0
20388,5114,16.6,0.1,15.96,80.56,3.38,0,0
20389,5114,18.9,0.06,4.03,69.79,26.05,0.08,0
20390,5114,18,0.27,8.21,75.83,15.68,0,0
20391,5114,17.5,0,2.52,95.93,1.54,0,0
20392,5114,17.1,0,3.36,94.82,1.82,0,0
20393,5114,18.3,0.02,5.34,77.16,17.48,0,0
20394,5114,18.9,0.27,9.52,53.72,35.94,0.55,0
20395,5114,16.2,1.19,24.66,68.71,5.44,0,0
20396,5114,18,0.35,12.81,66.41,20.43,0,0
20397,5114,14.6,0.49,63.69,35.82,0,0,0
20398,5114,18.5,0,3.4,78.04,18.56,0,0
20399,5114,17.7,0.31,9.09,76.83,13.77,0,0
20400,5114,16.9,0.72,15.96,74.76,8.56,0,0
20401,5114,24.7,0,0,0,61.09,38.91,0
20402,5114,26.7,0,0,0,8.27,91.06,0.66
20403,5114,18.7,0.1,5.06,71.72,23.05,0.06,0
20404,5114,14.8,2.74,48.98,47.87,0.41,0,0
20405,5114,16.6,0.72,16.68,75.87,6.73,0,0
20406,5114,21.5,0,2.05,25.48,65.12,7.35,0
20407,5114,22.7,0,0.47,15.68,65.31,18.54,0
20408,5114,15.6,0.61,30.72,68.17,0.51,0,0
20409,5114,17.9,0.31,8.9,76.09,14.7,0,0
20410,5114,20.9,0,0.2,23.45,76.28,0.08,0
20411,5114,18.1,0.22,7.8,75.62,16.35,0.02,0
20412,5114,22.3,0,0.57,15.82,72.17,11.44,0
20413,5114,24.2,0,0,0.02,74.95,25.03,0
20414,5114,26.1,0,0,0,16.82,83.18,0
20415,5114,23.1,0,0,0.27,88.25,11.48,0
20416,5114,16.2,1.23,24.54,68.77,5.46,0,0
20417,5114,23.3,0,0.43,13.61,57,28.1,0.86
20418,5114,24.9,0,0,3.4,43.8,52.56,0.23
20419,5114,15,3.64,38.11,57.67,0.59,0,0
20420,5114,15.3,0.1,40.24,59.66,0,0,0
20421,5114,25.5,0,0,1.7,35.14,62.71,0.45
20422,5114,14.7,3.3,49.75,46.52,0.43,0,0
20423,5114,15.1,0.94,42.88,55.85,0.33,0,0
20424,5114,15.4,0,32.32,67.68,0,0,0
20425,5114,15.9,1.97,27.45,67.21,3.36,0,0
20426,5114,15.6,0.55,32.91,65.6,0.94,0,0
20427,5114,24.2,0,0.12,7.7,49.59,42.16,0.43
20428,5114,18.4,0,4.15,79.68,16.17,0,0
20429,5114,17.7,0,2.29,92.26,5.46,0,0
20430,5114,17.3,0.27,8.39,84.32,7.02,0,0
20431,5114,19.9,0.22,6.77,37.95,51.7,3.36,0
20432,5114,17.7,0.86,15.15,67.91,16.05,0.02,0
20433,5114,21.3,0,0,9.15,90.81,0.04,0
20434,5114,16.9,1.02,19.71,71.1,8.17,0,0
20435,5114,18.1,0.33,11.13,71.22,17.32,0,0
20436,5114,17.6,0.72,14.98,69.3,15,0,0
20437,5114,15.7,2.07,29.23,66,2.7,0,0
20438,5114,17.5,0.72,15.74,71.41,12.12,0,0
20439,5114,25.2,0,0,0,43.47,56.53,0
20440,5114,21.8,0,0.7,18.42,74.4,6.47,0
20441,5114,26.5,0,0,0.57,20.16,77.1,2.17
20442,5114,15.9,2.39,28,66.23,3.38,0,0
20443,5114,13.5,4.63,76.83,18.54,0,0,0
20444,5114,17.7,0,1.86,92.24,5.91,0,0
20445,5114,15.5,0.33,33.2,66.21,0.25,0,0
20446,5114,16.7,0,8.19,90.99,0.82,0,0
20447,5114,22.6,0,0,1.13,91.28,7.59,0
20448,5114,18.9,0,0.22,82.09,17.7,0,0
20449,5114,19.3,0,3.42,63.41,32.79,0.37,0
20450,5114,20.7,0,0,29.19,70.71,0.1,0
20451,5114,15.7,1.49,30.84,64.76,2.91,0,0
20452,5114,18.8,0.04,4.4,70.2,25.3,0.06,0
20453,5114,26.2,0,0,0.12,20.61,78.82,0.45
20454,5114,16.5,1.13,23,70.26,5.61,0,0
20455,5114,19.4,0,2.03,63.47,34.2,0.29,0
20456,5114,18.1,0.23,8.13,74.11,17.52,0,0
20457,5114,19,0.18,8.43,49.1,41.94,0.35,0
20458,5114,18.6,0.22,10.31,56.47,32.93,0.08,0
20459,5114,18.7,0.29,7.7,65.39,26.48,0.14,0
20460,5114,20.2,0.04,5.03,35.43,56.59,2.91,0
20461,5114,17.1,0,7.88,88.48,3.64,0,0
20462,5114,18,0.23,8.62,74.01,17.13,0,0
20463,5114,17.1,1,16.43,71.71,10.87,0,0
20464,5114,15.6,2.19,31.15,64.02,2.64,0,0
20465,5114,21.1,0,3.13,26.97,62.67,7.24,0
20466,5114,21.8,0,0,4.09,94.86,1.06,0
20467,5114,25.9,0,0,0,20.53,79.47,0
20468,5114,22.5,0,0.82,18.83,63.53,16.76,0.06
20469,5114,17.6,0,2.91,93.29,3.79,0,0
20470,5114,21.9,0,1.54,20.39,67.64,10.42,0
20471,5114,18.2,0.63,12.32,62.65,24.36,0.04,0
20472,5114,23.9,0,0.12,7,57.2,35.67,0.02
20473,5114,15.4,2.6,33.05,62.71,1.64,0,0
20474,5114,26.3,0,0,0,15.68,83.81,0.51
20475,5114,17.7,0.12,9.27,77.45,13.16,0,0
20476,5114,17.8,0.33,10.32,74.6,14.74,0,0
20477,5114,20.7,0,0,29.12,70.81,0.08,0
20478,5114,17.2,1.29,16.62,70.36,11.73,0,0
20479,5114,14.8,2.13,52.01,45.68,0.18,0,0
20480,5114,15.6,0.51,29.41,69.55,0.53,0,0
20481,5114,19.2,0,0.16,76.98,22.86,0,0
20482,5114,26.3,0,0,0,12.22,87.78,0
20483,5114,16.7,0.68,16.97,74.7,7.65,0,0
20484,5114,20.4,0,0.39,45.74,52.84,1.04,0
20485,5114,26.7,0,0,0,7.31,92.22,0.47
20486,5114,15.5,2.15,33.16,62.46,2.23,0,0
20487,5114,16.6,0.72,18.26,73.99,7.02,0,0
20488,5114,15.5,2.42,32.03,63.02,2.52,0,0
20489,5114,23.9,0,0,0.04,81.21,18.75,0
20490,5114,16,1.7,27.3,68.13,2.87,0,0
20491,5114,16.8,0,5.4,93.98,0.63,0,0
20492,5114,16.5,0.55,16.39,79.51,3.56,0,0
20493,5114,15.3,2.07,37.82,58.78,1.33,0,0
20494,5114,14.9,0.59,53.81,45.42,0.18,0,0
20495,5114,20.5,0,0,31.13,68.87,0,0
20496,5114,13.8,4.69,69.95,25.36,0,0,0
20497,5114,19.3,0,0,77.18,22.82,0,0
20498,5114,24.3,0,0.12,8.72,46.85,41.1,3.21
20499,5114,15,1.08,47.71,50.86,0.35,0,0
20500,5114,16.7,0,6.8,92.26,0.94,0,0
20501,5114,19.8,0,0.66,59.48,39.62,0.23,0
20502,5114,19.3,0.18,7.7,45.4,45.13,1.58,0
20503,5114,15.9,2.39,28,66.23,3.38,0,0
20504,5114,15.3,1.49,35.57,61.85,1.1,0,0
20505,5114,25.2,0,0.04,3.23,37.49,58.9,0.35
20506,5114,16.2,2.25,23.99,68.48,5.28,0,0
20507,5114,26.7,0,0,0,7.29,92.24,0.47
20508,5114,24.8,0,0.04,4.38,43.43,51.82,0.33
20509,5114,24.1,0,0,0,79.51,20.49,0
20510,5114,16.6,0,8,91.18,0.82,0,0
20511,5114,15.2,0.65,41.96,56.92,0.47,0,0
20512,5114,15.2,0.04,37.86,62.1,0,0,0
20513,5114,23.1,0,0.29,12.32,64.24,23.13,0.02
20514,5114,17,1.11,19.96,70.45,8.47,0,0
20515,5114,26.1,0,0,0.61,25.46,72.84,1.1
20516,5114,20.4,0,0.04,38.93,60.95,0.08,0
20517,5114,17,0.68,17.09,73.33,8.9,0,0
20518,5114,14.8,2.13,52.01,45.68,0.18,0,0
20519,5114,17.8,0.35,9.35,76.73,13.57,0,0
20520,5114,18.9,0,2.68,71.69,25.54,0.1,0
20521,5114,15.1,2.99,39.71,55.83,1.47,0,0
20522,5114,15.6,2.44,29.47,65.49,2.6,0,0
20523,5114,14.6,3.07,54.01,42.76,0.16,0,0
20524,5114,17.1,0.33,12.73,77.08,9.86,0,0
20525,5114,25.8,0,0,0.59,27.86,71.45,0.1
20526,5114,24,0,0,0.02,82.28,17.7,0
20527,5114,17.6,0.82,14.72,69.2,15.25,0,0
20528,5114,17.3,0.02,7.65,86.41,5.92,0,0
20529,5114,19.8,0,1.41,58.06,39.97,0.57,0
20530,5114,18.5,0.1,5.75,72.66,21.43,0.06,0
20531,5114,17.1,0.53,12.91,77.51,9.05,0,0
20532,5114,15.7,0,27.3,72.66,0.04,0,0
20533,5114,16.7,0,9.03,90.61,0.35,0,0
20534,5114,18.5,0,1.37,83.09,15.55,0,0
20535,5114,16.5,0.02,11.81,87.58,0.59,0,0
20536,5114,14.6,1.94,57.88,40.13,0.06,0,0
20537,5114,19.2,0,1.35,70.61,27.96,0.08,0
20538,5114,18.6,0.02,3.01,77.98,18.99,0,0
20539,5114,17.2,0.51,12.89,77.08,9.52,0,0
20540,5114,16,1.31,24.64,70.04,4.01,0,0
20541,5114,17,1.43,19.5,70.39,8.68,0,0
20542,5114,18.6,0,3.52,75.09,21.39,0,0
20543,5114,22.5,0,0,0.96,94.58,4.46,0
20544,5114,15,2.37,41.12,55.83,0.68,0,0
20545,5114,19.3,0.45,8.58,44.99,44.49,1.49,0
20546,5114,17.1,0.55,14.16,76.5,8.8,0,0
20547,5114,15.8,1.8,28.18,66.76,3.27,0,0
20548,5114,16.7,1.45,20.53,69.65,8.37,0,0
20549,5114,17.5,0.06,9.09,78.63,12.22,0,0
20550,5114,16.8,0.51,16.33,76.22,6.94,0,0
20551,5114,17.3,0.27,12.79,76.85,10.09,0,0
20552,5114,15.6,2.21,31.46,63.86,2.46,0,0
20553,5114,18,0.27,8.21,75.83,15.68,0,0
20554,5114,16.8,1.23,20.94,70.18,7.65,0,0
20555,5114,18.3,0.1,5.65,76.87,17.38,0,0
20556,5114,15.7,1.84,29.16,65.96,3.05,0,0
20557,5114,26.1,0,0,1.04,25.83,71.55,1.58
20558,5114,18.5,0.55,10.68,61.71,26.93,0.14,0
20559,5114,22.2,0,1.21,20.38,64.49,13.88,0.04
20560,5114,14.9,1.84,45.19,52.6,0.37,0,0
20561,5114,18.2,0,5.75,77.9,16.35,0,0
20562,5114,14.8,1.58,51.84,46.38,0.2,0,0
20563,5114,18.8,0,2.07,74.76,23.17,0,0
20564,5114,18.4,0.22,5.01,76.89,17.89,0,0
20565,5114,18.6,0.1,4.95,73.39,21.51,0.06,0
20566,5114,18.2,0,1.02,89.91,9.07,0,0
20567,5114,20.7,0,0.25,37.8,60.21,1.74,0
20568,5114,18.4,0.08,6.3,73.37,20.24,0.02,0
20569,5114,16.1,0.74,22.8,73.09,3.36,0,0
20570,5114,18.2,0.06,5.28,79.43,15.23,0,0
21001,5114,14.6,1.72,52.62,45.64,0.02,0,0
21002,5114,22.5,0.1,3.11,19.87,48.32,28.61,0
21003,5114,21.5,0,0.47,23.86,67.34,8.33,0
21004,5114,15.3,1.15,37.39,61.01,0.45,0,0
21005,5114,20.7,0,0.41,37.11,59.01,3.46,0
21006,5114,16.5,3.17,24.44,66.15,6.24,0,0
21007,5114,21.6,0,0.27,21.65,68.83,9.25,0
21008,5114,12.4,16.76,73.02,10.23,0,0,0
21009,5114,22.2,0,0.16,15.35,71.08,13.41,0
21010,5114,16.6,1.78,21.51,69.75,6.96,0,0
21011,5114,23.3,0,0.06,4.95,73.05,21.92,0.02
21012,5114,14.8,2.87,48.34,48.53,0.25,0,0
21013,5114,18.6,1.15,11.2,55.4,31.74,0.51,0
21014,5114,17.7,1.82,17.68,57.02,23.46,0.02,0
21015,5114,15.7,0.49,31.03,66.88,1.6,0,0
21016,5114,12.8,13.39,71.61,15,0,0,0
21017,5114,14.3,7.25,46.13,46.5,0.12,0,0
21018,5114,18,0.37,10.6,71.39,17.64,0,0
21019,5114,18,0,6.26,78.49,15.25,0,0
21020,5114,17.2,0.14,13.57,78.33,7.96,0,0
21021,5114,22.6,0,0.04,11.83,70.28,17.83,0.02
21022,5114,18.2,0,4.85,77.98,17.17,0,0
21023,5114,12,16.09,80.07,3.83,0,0,0
21024,5114,23.5,0,0.06,5.26,69.79,24.79,0.1
21025,5114,20.7,0.29,6.8,28.55,60.66,3.7,0
21026,5114,10.6,31.31,68.38,0.31,0,0,0
21027,5114,17,0.9,17.79,71.31,9.99,0,0
21028,5114,17.7,1.88,17.68,57.82,22.6,0.02,0
21029,5114,19.7,0.72,9.29,33.61,55.46,0.92,0
21030,5114,18.4,1.25,14.2,46.11,38.37,0.08,0
21031,5114,21.8,0,0.31,19.63,69.22,10.83,0
21032,5114,23.7,0,0,3.54,70.32,26.07,0.08
21033,5114,20.3,0,0.63,46.6,50.37,2.41,0
21034,5114,16.2,0.37,23.58,71.78,4.26,0,0
21035,5114,17.4,1.49,16.27,68.46,13.79,0,0
21036,5114,17.2,0.8,17.46,71.45,10.29,0,0
21037,5114,18.2,0.18,8.35,73.41,18.07,0,0
21038,5114,16.4,0.39,21.24,75.19,3.19,0,0
21039,5114,15.8,4.34,27.73,65,2.93,0,0
21040,5114,16.6,0.14,20.02,75.17,4.67,0,0
21041,5114,16.4,0.29,21.24,74.15,4.32,0,0
21042,5114,22.1,0,0.18,16.37,70.06,13.39,0
21043,5114,19.8,0.59,9.13,32.83,56.28,1.17,0
21044,5114,13.4,9.35,65.04,25.62,0,0,0
21045,5114,13.2,6.96,77.43,15.6,0,0,0
21046,5114,15.7,2.17,28.39,66.82,2.62,0,0
21047,5114,23.7,0,0.02,4.61,69.03,26.26,0.08
21048,5114,14.1,3.19,65.88,30.93,0,0,0
21049,5114,15.6,4.48,30.62,63.34,1.56,0,0
21050,5114,15.7,2.35,30.95,65.96,0.74,0,0
21051,5114,22.9,0,0.02,9.66,70.84,19.46,0.02
21052,5114,20.2,0,1.76,44.02,52.15,2.07,0
21053,5114,12.5,15.23,73.33,11.44,0,0,0
21054,5114,12.7,13.53,73.23,13.24,0,0,0
21055,5114,18.9,0.04,3.5,70.61,25.79,0.06,0
21056,5114,23.9,0,0.04,3.85,66.89,28.9,0.31
21057,5114,14.7,7.1,37.64,54.97,0.29,0,0
21058,5114,12.5,13.18,78.1,8.72,0,0,0
21059,5114,22.5,0,0.08,11.67,71.61,16.64,0
21060,5114,15.7,0.59,32.64,65.35,1.43,0,0
21061,5114,17.3,0.55,18.15,71.39,9.91,0,0
21062,5114,21.3,0,0.33,25.48,67.64,6.55,0
21063,5114,14.4,4.83,49.77,45.27,0.14,0,0
21064,5114,23,0.1,2.72,17.91,42.98,36.23,0.06
21065,5114,15,1.39,44.43,53.97,0.22,0,0
21066,5114,22.7,0,0.14,10.81,71.78,17.27,0
21067,5114,13.4,8.53,68.32,23.15,0,0,0
21068,5114,19,0.92,11.62,37.49,49.8,0.18,0
21069,5114,20.5,0,0.68,40.69,56.36,2.27,0
21070,5114,20.6,0,1,37.99,58,3.01,0
21071,5114,15.8,4.18,28.74,64.69,2.39,0,0
21072,5114,19.7,0.72,9.29,33.61,55.46,0.92,0
21073,5114,23.7,0,0,4.36,68.93,26.57,0.14
21074,5114,14.5,2.09,58.43,39.42,0.06,0,0
21075,5114,17.9,1.31,16.68,57.55,24.44,0.02,0
21076,5114,20.3,0.39,7.63,30.5,59.03,2.44,0
21077,5114,18.6,1.13,13.24,43.94,41.59,0.1,0
21078,5114,17,2.27,20.88,65.68,11.17,0,0
21079,5114,17.1,0.2,14.04,78.35,7.41,0,0
21080,5114,18.9,0.96,12.24,39.4,47.2,0.2,0
21081,5114,23.8,0,0.02,3.36,68.85,27.63,0.14
21082,5114,18,0.18,9.19,74.25,16.39,0,0
21083,5114,12.5,14.06,74.62,11.32,0,0,0
21084,5114,18.9,0.96,12.24,39.4,47.2,0.2,0
21085,5114,21.9,0,0.12,19.01,69.53,11.34,0
21086,5114,21,0.31,6.04,27.06,60.19,6.39,0
21087,5114,23.7,0,0,3.32,70.79,25.81,0.08
21088,5114,20,0.57,8.39,32.19,57.39,1.47,0
21089,5114,19.8,0.68,9.03,33.81,55.46,1.02,0
21090,5114,16.3,0.39,22.94,72.82,3.85,0,0
21091,5114,17.9,1.56,17.27,52.72,28.43,0.02,0
21092,5114,16.9,0.41,17.5,74.7,7.39,0,0
21093,5114,11.9,17.95,77.1,4.95,0,0,0
21094,5114,13.2,9.43,71,19.57,0,0,0
21095,5114,19.8,0,1.88,52.62,44.68,0.82,0
21096,5114,14.6,2.42,52.48,45.03,0.06,0,0
21097,5114,16.5,0.31,20.2,75.91,3.58,0,0
21098,5114,17.9,0.1,9.35,75.54,15.02,0,0
21099,5114,14.9,3.34,41.14,54.93,0.59,0,0
21100,5114,15.6,4.75,30.21,63.28,1.76,0,0
21101,5114,17.5,1.72,18.38,60.93,18.95,0.02,0
21102,5114,16.5,0.22,19.48,76.01,4.3,0,0
21103,5114,14.4,4.03,53.38,42.51,0.08,0,0
21104,5114,13.9,4.38,66.76,28.84,0.02,0,0
21105,5114,13,11.44,71.31,17.25,0,0,0
21106,5114,17.9,0,6.71,79.02,14.27,0,0
21107,5114,18.9,1.02,12.18,38.8,47.87,0.14,0
21108,5114,14.3,4.56,54.17,41.16,0.12,0,0
21109,5114,16.4,3.56,25.15,65.76,5.53,0,0
21110,5114,15,2.15,42.59,54.73,0.53,0,0
21111,5114,21.5,0.23,5.01,24.62,57.61,12.53,0
21112,5114,20.8,0,1.08,32.73,61.5,4.69,0
21113,5114,23.3,0,0.06,6.57,70.96,22.35,0.06
21114,5114,16.2,0.25,22.98,73.07,3.7,0,0
21115,5114,15.5,1.06,33.42,64.51,1.02,0,0
21116,5114,13.1,9.29,74.6,16.11,0,0,0
21117,5114,13.8,5.04,66.11,28.82,0.02,0,0
21118,5114,16.2,0.41,23.43,73.62,2.54,0,0
21119,5114,16.5,0.2,20.12,75.19,4.5,0,0
21120,5114,14.9,3.27,42.06,54.22,0.45,0,0
21121,5114,20,0,1.1,50.45,47.59,0.86,0
21122,5114,11.8,16.48,79.53,3.99,0,0,0
21123,5114,19.2,0.92,11.28,36.62,50.94,0.23,0
21124,5114,18.5,0.82,11.22,57.65,29.9,0.41,0
21125,5114,16.7,0.18,16.93,77.36,5.53,0,0
21126,5114,16.7,0.18,16.93,77.36,5.53,0,0
21127,5114,20.9,0,1.37,31.74,61.97,4.93,0
21128,5114,14.3,3.46,56.14,40.38,0.02,0,0
21129,5114,19.1,0.59,9.03,49.53,39.71,1.13,0
21130,5114,14.8,2.03,47.5,50.29,0.18,0,0
21131,5114,18.9,0.02,3.99,67.29,28.65,0.06,0
21132,5114,14.4,2.74,58.88,38.29,0.1,0,0
21133,5114,21.3,0,0.33,25.48,67.64,6.55,0
21134,5114,14.4,3.19,56.8,39.89,0.12,0,0
21135,5114,18.8,0.1,5.63,67.77,26.42,0.08,0
21136,5114,16,0.51,26.97,69.28,3.25,0,0
21137,5114,14.4,4.22,52.27,43.18,0.33,0,0
21138,5114,14.1,2.48,67.72,29.8,0,0,0
21139,5114,22.7,0,0.12,11.18,71.41,17.29,0
21140,5114,16.4,0.29,20.77,74.56,4.38,0,0
21141,5114,21.9,0,0.35,18.52,70.18,10.95,0
21142,5114,14.4,2.99,55.12,41.83,0.06,0,0
21143,5114,15,2.15,43.84,53.27,0.74,0,0
21144,5114,16.3,0.43,22.21,74.58,2.78,0,0
21145,5114,21,0,2.87,28.94,63.9,4.28,0
21146,5114,20.9,0,1.04,32.44,62.26,4.26,0
21147,5114,19.9,0,2.21,51.43,45.09,1.27,0
21148,5114,17.1,0.08,12.94,79.84,7.14,0,0
21149,5114,16.1,2.05,24.72,68.99,4.24,0,0
21150,5114,18.7,0,4.3,70.96,24.72,0.02,0
21151,5114,16.6,0.27,18.79,76.85,4.09,0,0
21152,5114,14.6,2.19,51.23,46.54,0.04,0,0
21153,5114,16.5,0.25,21.26,74.68,3.81,0,0
21154,5114,16.5,0.51,20.08,75.44,3.97,0,0
21155,5114,22.3,0,0.14,12.93,72.84,14.1,0
21156,5114,17.6,1.31,15.49,67.93,15.25,0.02,0
21157,5114,22.3,0,0.1,13.84,71.02,15.04,0
21158,5114,22,0.16,3.99,22.21,54.26,19.38,0
21159,5114,18.6,0,4.32,73.82,21.86,0,0
21160,5114,23.2,0,0.02,5.69,73.07,21.18,0.04
21161,5114,16.8,1.17,19.3,72.04,7.49,0,0
21162,5114,16.7,2.85,22.86,66.31,7.98,0,0
21163,5114,14.2,2.68,65.1,32.21,0.02,0,0
21164,5114,16.1,0.41,24.56,72.82,2.21,0,0
21165,5114,19.8,0,1,56.1,42.28,0.63,0
21166,5114,21,0,0.41,30.56,64.65,4.38,0
21167,5114,14.9,6.32,35,58.02,0.66,0,0
21168,5114,22.4,0,0.04,12.12,72.74,15.1,0
21169,5114,18.9,0.08,4.73,68.03,27.06,0.1,0
21170,5114,14,7.04,56.84,35.96,0.16,0,0
21171,5114,16.9,0.22,15.78,78.29,5.71,0,0
21172,5114,13.9,9.27,51.94,38.76,0.04,0,0
21173,5114,14.3,7.25,46.13,46.5,0.12,0,0
21174,5114,15.2,4.89,33.57,60.42,1.11,0,0
21175,5114,15.4,0.55,38.15,60.7,0.61,0,0
21176,5114,22,0,0.08,17.27,70.04,12.61,0
21177,5114,16.5,0.92,21.02,73.33,4.73,0,0
21178,5114,17.9,1.74,16.82,50.68,30.74,0.02,0
21179,5114,12.3,12.61,80.29,7.1,0,0,0
21180,5114,12.7,10.17,78.22,11.62,0,0,0
21181,5114,16.1,0.51,25.79,70.32,3.38,0,0
21182,5114,16.9,0.22,15.78,78.29,5.71,0,0
21183,5114,16.7,2.66,23.64,65.92,7.78,0,0
21184,5114,18,1.49,16.05,51.47,30.97,0.02,0
21185,5114,21.4,0,0.18,23.68,69.69,6.45,0
21186,5114,17.2,1.84,20.32,65.6,12.24,0,0
21187,5114,18.9,1.11,12.34,38.52,47.89,0.14,0
21188,5114,15.1,0.57,44.64,54.58,0.22,0,0
21189,5114,16.9,0.22,15.78,78.29,5.71,0,0
21190,5114,20.2,0.06,2.85,41.02,53.32,2.74,0
21191,5114,23,0,0.06,7.04,73.48,19.42,0
21192,5114,20.3,0.43,7.57,30.39,59.13,2.48,0
21193,5114,18.3,0.02,6.75,74.25,18.99,0,0
21194,5114,22.5,0.1,3.17,20.65,47.83,28.24,0.02
21195,5114,14.4,3.85,50.9,45.21,0.04,0,0
21196,5114,21,0,1.15,29.27,63.81,5.77,0
21197,5114,19.7,0.7,9.64,34.45,54.46,0.74,0
21198,5114,24.3,0,0.02,2.72,63.28,33.52,0.47
21199,5114,13.5,9.7,61.73,28.55,0.02,0,0
21200,5114,14.5,7.25,40.5,51.96,0.29,0,0
21201,5114,20.8,0,0.55,35.24,60.6,3.62,0
21202,5114,16.3,3.29,25.48,65.86,5.38,0,0
21203,5114,17.3,0.29,13.59,76.87,9.25,0,0
21204,5114,15.2,4.48,33.4,61.03,1.1,0,0
21205,5114,16.5,0.76,20.59,74.21,4.44,0,0
21206,5114,20,0,2.11,48.53,47.89,1.47,0
21207,5114,15.3,4.73,32.21,61.69,1.37,0,0
21208,5114,13.7,9.5,53.17,37.33,0,0,0
21209,5114,17.5,0.92,15.43,69.75,13.9,0,0
21210,5114,18.2,1.41,15.1,50.33,33.11,0.06,0
21211,5114,13.3,10.58,65.23,24.17,0.02,0,0
21212,5114,13.7,9.66,57.08,33.24,0.02,0,0
21213,5114,20.9,0.27,6.43,27.79,60.13,5.38,0
21214,5114,19.7,0.84,8.02,36.88,50.61,3.66,0
21215,5114,17.1,2.27,20.65,65.6,11.48,0,0
21216,5114,19.5,0.8,9.84,34.81,53.97,0.59,0
21217,5114,17.9,0.23,13.06,68.01,18.69,0,0
22001,5114,14.3,4.75,55.81,38.78,0.66,0,0
22002,5114,17.1,3.38,20.3,59.41,16.89,0.02,0
22003,5114,18.8,1.9,14.08,39.56,42.43,2.03,0
22004,5114,16.8,2.39,21.71,62.83,13.08,0,0
22005,5114,17,2.05,20.51,63.14,14.29,0,0
22006,5114,17.8,0.78,15.17,64.27,19.52,0.25,0
22007,5114,17.1,1.9,20.26,62.85,15,0,0
22008,5114,15.9,2.15,29.8,60.68,7.37,0,0
22009,5114,18.7,2.29,14.02,39.01,43.37,1.31,0
22010,5114,17.7,3.11,17.87,52.33,26.54,0.16,0
22011,5114,17.3,1.56,18.26,64.53,15.58,0.06,0
22012,5114,16.7,1.74,22.72,63.43,12.1,0,0
22013,5114,17.5,2.99,18.05,57.43,21.02,0.51,0
22014,5114,17.7,1.13,15.43,63.86,19.38,0.2,0
22015,5114,17.1,2.91,20.04,61.54,15.49,0.02,0
22016,5114,16.5,2.01,24.7,62.63,10.66,0,0
22017,5114,17.2,1.68,19.4,63.26,15.66,0,0
22018,5114,17.3,2.56,18.99,60.58,17.7,0.18,0
23001,5114,26.6,0,0,0.1,15.51,84.4,0
23002,5114,26.1,0,0,0.94,28.96,69.81,0.29
23003,5114,26.2,0,0,0.35,23.03,76.61,0
23004,5114,26,0,0,0.66,29.59,69.52,0.23
23005,5114,26,0,0,0.59,26.1,73.31,0
23006,5114,26.3,0,0,1.13,27.26,68.87,2.74
23007,5114,25.8,0,0,1.64,31.83,66.31,0.22
23008,5114,26,0,0,0.66,26.24,73.09,0
23009,5114,26.1,0,0,0.72,25.36,73.91,0
23010,5114,26,0,0,0.8,29.39,69.38,0.43
24001,5114,16.5,4.6,25.83,54.95,14.61,0.02,0
24002,5114,18.8,2.37,14.49,36.98,44.6,1.56,0
24003,5114,21.5,0.47,6.63,23.82,52.78,16.31,0
24004,5114,17,4.77,22.45,53.25,19.44,0.1,0
24005,5114,19.1,2.13,13.36,35,46.75,2.76,0
24006,5114,16.6,5.98,24.44,50.66,18.85,0.06,0
24007,5114,17.4,4.79,21.63,44.08,29.37,0.14,0
24008,5114,19.3,2.13,13.51,32.5,47.65,4.2,0
24009,5114,16.7,4.97,23.78,54.24,16.93,0.08,0
24010,5114,19.3,1.82,12.77,33.69,48.94,2.78,0
24011,5114,19.9,1.45,11.5,29.66,50.53,6.86,0
24012,5114,23.1,0.23,3.4,17.91,39.91,37.43,1.11
24013,5114,23.6,0.2,2.87,15.96,37.66,40.89,2.42
24014,5114,23.6,0.2,2.82,16.95,36.35,41.63,2.05
24015,5114,16.2,6.2,26.18,54.87,12.75,0,0
24016,5114,24.8,0.12,1.51,11.6,31.64,50.65,4.5
24017,5114,18.8,2.19,14.76,37.39,43.96,1.7,0
24018,5114,21.9,0.41,5.87,21.9,49.69,22.08,0.06
24019,5114,19.5,1.53,12.06,32.75,49.32,4.34,0
24020,5114,18.3,3.73,17.99,37.21,40.14,0.92,0
24021,5114,16.8,4.5,22.74,55.12,17.58,0.06,0
24022,5114,17.6,3.52,19.67,48.65,27.75,0.41,0
24023,5114,19.4,1.74,12.48,32.87,49.22,3.7,0
24024,5114,19.7,1.58,11.87,30.88,50.02,5.65,0
24025,5114,16.6,4.63,25.01,54.97,15.33,0.06,0
24026,5114,23.8,0.18,2.48,15.74,36,42.75,2.85
24027,5114,19,1.86,13.69,38.05,43.55,2.85,0
24028,5114,16.6,4.95,23.82,55.71,15.51,0.02,0
24029,5114,23.2,0.2,3.09,17.72,39.32,38.74,0.94
24030,5114,18,3.6,17.23,45.23,32.71,1.23,0
24031,5114,20.5,1.1,9.91,27.55,52.35,9.09,0
24032,5114,16.7,4.69,23.41,56.04,15.82,0.04,0
24033,5114,17.5,4.03,21.29,46.01,28.37,0.29,0
24034,5114,24.7,0.1,1.74,12.28,31.89,47.79,6.2
24035,5114,17.2,4.34,21.1,52.23,22.06,0.27,0
24036,5114,21,0.86,8.27,25.95,52.13,12.77,0.02
24037,5114,21.7,0.45,5.85,23.21,51.15,19.3,0.04
24038,5114,22.8,0.27,3.85,19.46,42.39,33.71,0.31
24039,5114,23.9,0.16,2.41,15.45,35.24,43.51,3.25
24040,5114,24.7,0.14,1.72,12.36,31.6,48.59,5.59
24041,5114,24,0.16,2.31,14.98,34.96,44.11,3.48
24042,5114,24.3,0.1,2.05,13.63,33.42,45.89,4.91
24043,5114,16.7,5.28,22.47,55.85,16.31,0.1,0
24044,5114,17.9,4.15,19.61,40.18,35.31,0.74,0
24045,5114,17.4,4.15,20.51,49.22,25.85,0.27,0
24046,5114,15.9,5.01,29.55,56.73,8.72,0,0
24047,5114,17.6,4.24,19.89,45.15,30.47,0.25,0
24048,5114,16.1,6.98,26.91,54.15,11.97,0,0
24049,5114,17.2,3.89,22.64,49.84,23.43,0.2,0
24050,5114,16.5,4.38,25.09,56.57,13.94,0.02,0
24051,5114,17.9,3.56,17.87,45.25,32.56,0.76,0
24052,5114,19.8,1.43,11.97,30.64,49.9,6.06,0
24053,5114,22.9,0.25,3.87,18.77,40.89,35.67,0.55
24054,5114,19.8,1.06,10.34,31.46,53.7,3.44,0
24055,5114,16.3,5.12,25.89,55.63,13.34,0.02,0
24056,5114,18.2,2.93,16.72,43.29,36.1,0.96,0
24057,5114,22,0.37,5.49,21.65,47.95,24.48,0.06
24058,5114,21.3,0.86,7.92,24.03,51.62,15.55,0.02
25001,5114,24.9,0,0.33,18.99,28.74,35.18,16.76
25002,5114,24.6,0,0.23,16.82,32.81,44.52,5.61
25003,5114,21.7,0.12,4.91,26.48,49.63,18.87,0
25004,5114,23,0,0.27,17.68,54.07,27.98,0
25005,5114,23.6,0,0.76,15.55,44.04,39.6,0.06
25006,5114,24.8,0,0.27,12.44,33.75,49.55,3.99
25007,5114,22.6,0.22,5.46,24.83,32.66,35,1.84
25008,5114,24.3,0,0.1,11.54,39.03,49.3,0.04
25009,5114,24.7,0,0.04,6.67,41.53,51.35,0.41
25010,5114,24.9,0.02,0.9,18.42,27.85,38.15,14.67
25011,5114,25,0.02,0.33,15.43,31.72,40.24,12.26
25012,5114,24.6,0,0.02,7.02,42.71,50.18,0.08
25013,5114,24.4,0.02,0.49,16.13,32.01,47.77,3.58
25014,5114,24.5,0,0.04,7.16,42.41,50.27,0.12
25015,5114,24.9,0.02,0.39,14.65,31.31,44.62,9.01
25016,5114,23.4,0,0.27,16.39,43.43,39.91,0
25017,5114,24.6,0.02,0.84,16.76,29.72,44.8,7.86
25018,5114,24.7,0,0.22,14.67,33.5,46.15,5.48
26001,5114,20.7,5.34,18.01,20.02,24.54,27.47,4.61
26002,5114,18.6,16.7,18.32,17.03,21.55,22.68,3.72
26003,5114,23.3,0.16,4.38,22.86,28.33,39.75,4.52
26004,5114,23.4,2.62,13.61,19.34,19.26,20.36,24.81
26005,5114,20.9,3.07,17.76,20.57,29.43,25.87,3.3
26006,5114,19.5,10.38,19.14,18.93,25.62,23.09,2.84
26007,5114,22,4.91,16.41,18.93,19.44,23.56,16.76
26008,5114,19.5,9.25,20.06,18.73,27.06,22.55,2.35
26009,5114,22.2,1.72,14.74,19.98,22.8,32.28,8.47
26010,5114,17.9,16.72,18.4,18.62,29.9,15.17,1.19
26011,5114,18.9,13.53,18.32,18.67,25.03,22.1,2.35
26012,5114,25,0.04,2.44,21.78,24.95,25.4,25.38
26013,5114,20.6,6.34,18.03,19.28,24.29,27.06,5.01
26014,5114,21.1,4.24,17.46,19.85,24.64,28.39,5.42
26015,5114,18.3,16.23,18.09,18.11,27.59,18.11,1.88
26016,5114,21.7,4.13,15.76,20.69,20.84,27.16,11.42
26017,5114,23.8,1.49,12.18,20.84,19.65,18.6,27.24
26018,5114,25.1,0.04,2.23,20.69,24.89,27.1,25.05
26019,5114,16.8,20.67,19.75,19.55,28.1,11.62,0.31
26020,5114,23.1,1.47,11.85,20.92,21.49,26.65,17.62
26021,5114,23.6,0.47,8.66,21.22,22.66,30.99,16
26022,5114,19.9,8.17,19.3,19.67,24.81,24.62,3.42
26023,5114,20.9,5.87,18.17,18.83,23.52,27.28,6.34
26024,5114,21.6,3.58,17.74,18.07,22.04,29.92,8.66
26025,5114,24.8,0.06,2.84,22.39,24.93,26.26,23.52
26026,5114,24.9,0.04,1.08,21.41,26.52,29.23,21.72
26027,5114,18.7,14.72,18.69,18.24,23.97,22.12,2.25
26028,5114,20.9,5.69,18.89,17.74,22.47,28.22,7
26029,5114,24.6,0.06,2.84,23.23,25.52,26.03,22.33
26030,5114,24.6,0.29,7.25,21.04,21.31,24.62,25.48
26031,5114,17.4,17.32,19.48,19.87,30.9,11.97,0.47
26032,5114,21.4,5.26,17.21,17.74,21.41,29.27,9.11
26033,5114,24.6,0.02,0.68,22.68,27.55,31.19,17.87
26034,5114,20.8,5.73,17.68,19.34,24.48,27.63,5.14
26035,5114,19.6,10.83,19.55,18.46,23.27,23.86,4.03
26036,5114,20.3,8.25,18.81,18.99,21.67,25.56,6.73
26037,5114,23,1.13,11.2,20.55,22.62,31.8,12.69
26038,5114,21.1,4.56,18.11,19.44,22.59,28.55,6.77
26039,5114,17,21.14,19.53,18.52,25.38,14.94,0.49
26040,5114,18.2,12.94,20.83,19.63,32.54,13.51,0.55
26041,5114,18.6,13.36,19.3,19.59,26.87,19.46,1.43
26042,5114,25.1,0.04,1.45,19.63,25.85,31.48,21.55
26043,5114,17.7,17.93,19.42,18.97,25.71,16.99,0.98
26044,5114,23.4,0.41,7.41,22.15,23.66,34.26,12.1
26045,5114,21.4,4.26,16.8,20.26,22.04,28.14,8.51
26046,5114,23,3.21,14.31,19.32,19.26,21.53,22.37
26047,5114,23.7,1.8,12.59,20.43,19.57,19.44,26.16
26048,5114,23.3,0.25,9.13,25.79,22.7,20.71,21.41
26049,5114,24.2,0.14,3.83,20.77,24.81,37.84,12.61
26050,5114,21.5,3.5,17.15,19.96,22.37,29.08,7.94
26051,5114,22.8,0.35,7.16,23.37,27.98,35.59,5.55
26052,5114,21.1,2.99,17.58,20.39,27.45,27.51,4.07
26053,5114,20.5,5.94,18.87,19.46,24.6,27.12,4.01
26054,5114,22.7,0.82,10.77,22.45,23.97,32.66,9.33
26055,5114,24.4,1.76,13.22,18.81,18.42,16.25,31.54
26056,5114,23.6,0.72,10.66,20.92,21.84,26.55,19.3
26057,5114,22.4,1.88,14.76,19.36,21.82,31.62,10.56
26058,5114,21.6,5.16,17.03,18.93,19.87,26.1,12.91
26059,5114,17,20.34,19.42,19.26,27.28,13.2,0.51
26060,5114,20,9.95,19.08,19.28,19.96,24.42,7.29
26061,5114,22.8,0.86,11.54,21.74,22.98,32.79,10.09
26062,5114,24.2,0.27,5.81,20.75,23.09,33.24,16.84
26063,5114,22.2,2.62,15.6,18.81,21.16,30.97,10.83
26064,5114,22.7,3.01,14.16,19.81,20.12,24.48,18.42
26065,5114,21.3,6.26,17.68,18.93,19.38,25.22,12.53
26066,5114,22.8,1.54,12.94,20.1,21.53,29.27,14.61
26067,5114,20.5,8.62,17.48,17.66,23.27,26.59,6.37
26068,5114,22,2.03,14.25,20.57,23.8,31.5,7.84
26069,5114,17.6,8.62,24.46,25.67,36.59,4.65,0
26070,5114,22.8,3.56,15.6,19.57,18.64,19.85,22.78
26071,5114,25,0.04,1.39,21.53,26.01,26.34,24.7
26072,5114,24.6,0.04,1.35,24.15,26.55,25.15,22.76
27001,5114,26.6,0,0,1.39,26.54,59.54,12.53
27002,5114,26,0,0,1.47,33.07,58.13,7.33
27003,5114,26.8,0,0,0.57,25.4,61.38,12.65
27004,5114,26.4,0,0,1.56,29.06,58.35,11.03
27005,5114,26.3,0,0,0.88,29.92,60.15,9.05
27006,5114,26.3,0,0,1.53,30.54,58.19,9.74
27007,5114,26.5,0,0,1.68,27.06,59.37,11.89
27008,5114,25.6,0,0,2.62,36.98,54.71,5.69
27009,5114,25.5,0,0,3.72,37.88,52.68,5.73
27010,5114,26.5,0,0,1.11,28.84,58.9,11.15
27011,5114,26.7,0,0,1.13,25.6,60.83,12.44
27012,5114,26,0,0,2.54,32.52,55.87,9.07
27013,5114,26.5,0,0,1.17,28.45,59.09,11.28
27014,5114,26.6,0,0,0.55,27.16,60.77,11.52
27015,5114,24.3,0,0.02,7.14,49.24,42.51,1.1
27016,5114,24.5,0,0,6.77,47.67,44.51,1.06
27017,5114,26,0,0,2.7,33.36,54.28,9.66
28001,5114,24.4,0.78,4.09,14.08,28.53,44.39,8.13
28002,5114,23.9,0.27,2.82,14.69,33.5,48.16,0.57
28003,5114,24.5,0.1,1.23,11.03,34.77,52.78,0.1
28004,5114,23,0.29,4.09,17.72,40.22,37.07,0.61
28005,5114,24,1.99,6.47,14.18,26.22,38.31,12.83
28006,5114,17.4,4.18,19.89,49.94,25.93,0.06,0
28007,5114,24.5,2.13,7.18,13.02,22.68,33.4,21.59
28008,5114,23.5,0.84,5.26,16.01,32.69,42.84,2.35
28009,5114,24.5,0.08,1.19,10.75,35.04,52.82,0.12
28010,5114,23.4,1.64,6.57,15.53,30.33,42.92,3.01
28011,5114,22.8,0.45,4.81,18.13,39.28,37.04,0.29
28012,5114,24.5,0.18,2.05,12.75,31.25,51.25,2.52
28013,5114,23.7,0.9,5.61,16.86,29.7,39.93,7
28014,5114,24.3,3.01,8.39,14.24,21.41,28.55,24.4
28015,5114,24.4,2.19,6.88,13.02,23.48,35.33,19.08
28016,5114,22.1,1.92,8.82,20.63,33.77,34.32,0.55
28017,5114,19.6,2.5,13.45,29.47,48.9,5.67,0
28018,5114,24,0.9,5.01,14.72,29.27,44.23,5.87
28019,5114,22.9,0.8,5.14,18.28,35.51,39.71,0.55
28020,5114,21.5,2.46,10.83,21.27,34.38,30.84,0.22
28021,5114,24.2,0.18,2.44,13.86,31.93,49,2.58
28022,5114,23.9,1.39,5.32,13.84,29.39,47.26,2.8
28023,5114,24.2,1.62,5.92,13.81,26.22,41.92,10.5
28024,5114,24.5,2.29,7.51,13.88,21.9,31.25,23.17
28025,5114,24.6,2.13,7.33,13.38,22.1,32.21,22.86
28026,5114,14.9,9.74,33.2,54.97,2.09,0,0
28027,5114,24,3.7,8.82,14.55,21.24,27.92,23.78
28028,5114,22.7,0.47,4.97,18.58,40.36,35.14,0.49
28029,5114,21.9,0.66,6.8,21.43,44.94,26.09,0.08
28030,5114,24.4,0.76,4.61,14.47,27.94,39.79,12.42
28031,5114,17.6,4.34,18.89,46.11,30.56,0.1,0
28032,5114,24.1,2.19,6.57,13.57,25.09,37.97,14.61
28033,5114,24.1,1.94,6.26,13.57,26.55,40.34,11.34
28034,5114,23.3,1.68,6.34,16.29,30.66,40.69,4.34
28035,5114,24,1.41,5.32,14,28.2,45.85,5.22
28036,5114,22,2.48,8.62,18.58,36.29,33.87,0.16
28037,5114,24,0.72,4.09,14.63,30.92,47.26,2.39
28038,5114,24.6,0.06,1.17,10.79,34.79,52.93,0.25
28039,5114,19.1,2.48,13.53,33.44,48.3,2.25,0
28040,5114,24,1.62,6,13.59,27.88,43.7,7.2
28041,5114,21.8,1.33,8.64,22.23,37.9,29.76,0.14
28042,5114,22.4,2.11,8.62,19.05,32.24,36.37,1.6
28043,5114,24.5,0.22,2.41,13.22,29.86,50.1,4.2
29001,5114,14.3,3.52,58.88,37.56,0.04,0,0
29002,5114,14.4,3.25,57.9,38.78,0.08,0,0
29003,5114,13.6,6.88,67.66,25.46,0,0,0
29004,5114,12.6,12.1,76.93,10.97,0,0,0
29005,5114,14.4,4.52,54.54,40.87,0.08,0,0
29006,5114,13.1,8.64,74.72,16.64,0,0,0
29007,5114,14,5.1,60.87,34,0.02,0,0
29008,5114,14,5.24,61.4,33.34,0.02,0,0
29009,5114,14.2,4.13,61.67,34.16,0.04,0,0
29010,5114,14.2,3.68,63.55,32.73,0.04,0,0
29011,5114,13.4,7.43,70.43,22.14,0,0,0
29012,5114,14,5.1,63.71,31.17,0.02,0,0
29013,5114,12.9,9.82,76.85,13.34,0,0,0
29014,5114,13.3,7.7,71.69,20.61,0,0,0
29015,5114,15.1,2.05,42.8,54.4,0.74,0,0
29016,5114,13,8.74,76.97,14.29,0,0,0
29017,5114,14.9,1.33,48.47,49.92,0.27,0,0
29018,5114,14.5,3.23,56.16,40.54,0.08,0,0
29019,5114,15.6,1.33,33.55,63.18,1.94,0,0
29020,5114,13.2,8.13,74.17,17.7,0,0,0
29021,5114,13.7,6.2,67.09,26.71,0,0,0
29022,5114,14.2,3.21,65.04,31.74,0.02,0,0
29023,5114,15.9,0.82,28.45,67.7,3.03,0,0
29024,5114,14.3,3.3,60.27,36.39,0.04,0,0
29025,5114,15.2,0.92,41.38,57.1,0.61,0,0
29026,5114,14.2,4.09,59.74,36.14,0.04,0,0
29027,5114,15.7,0.61,32.23,65.25,1.92,0,0
29028,5114,14,3.5,67.23,29.25,0.02,0,0
29029,5114,14.7,1.99,51.54,46.23,0.23,0,0
29030,5114,13.3,8.41,70.75,20.84,0,0,0
29031,5114,14.1,5.1,59.89,34.98,0.02,0,0
29032,5114,15.6,1.11,33.79,63.08,2.01,0,0
29033,5114,14.6,2.41,55.01,42.45,0.14,0,0
29034,5114,13,10.23,73.43,16.35,0,0,0
29035,5114,13.5,6.73,70.3,22.98,0,0,0
29036,5114,14.3,3.3,60.27,36.39,0.04,0,0
29037,5114,13.1,7.82,76.91,15.27,0,0,0
29038,5114,14.3,4.22,58.9,36.84,0.04,0,0
29039,5114,13.8,5.63,65.66,28.69,0.02,0,0
29040,5114,13.8,5.51,67.03,27.43,0.02,0,0
29041,5114,15.4,0.8,36.64,61.54,1.02,0,0
29042,5114,16,0.51,27.45,68.77,3.27,0,0
29043,5114,14.4,4.13,54.67,41.06,0.14,0,0
29044,5114,16,0.51,27.45,68.77,3.27,0,0
29045,5114,13.6,6.67,68.77,24.56,0,0,0
29046,5114,12.6,13.28,75.15,11.58,0,0,0
29047,5114,13.4,8.21,68.5,23.29,0,0,0
29048,5114,14.6,2.35,53.32,44.17,0.16,0,0
29049,5114,15,2.03,45.95,51.58,0.43,0,0
29050,5114,13.9,4.26,68.95,26.77,0.02,0,0
29051,5114,15.4,1.39,37.58,59.8,1.23,0,0
29052,5114,13.4,6.53,72.51,20.96,0,0,0
29053,5114,15.4,1.39,37.58,59.8,1.23,0,0
29054,5114,15.4,1.39,37.58,59.8,1.23,0,0
29055,5114,13.7,5.87,67.76,26.36,0.02,0,0
29056,5114,15.6,1.33,33.55,63.18,1.94,0,0
29057,5114,15.6,1.11,33.79,63.08,2.01,0,0
29058,5114,15.4,0.8,37.09,61.05,1.06,0,0
29059,5114,14.7,1.99,51.54,46.23,0.23,0,0
29060,5114,14.7,1.99,51.54,46.23,0.23,0,0
30001,5114,14.1,6.2,54.07,39.71,0.02,0,0
30002,5114,18.2,0.57,13.38,58.25,27.71,0.1,0
30003,5114,25.1,0,0.04,5.32,39.64,50.59,4.42
30004,5114,23,0,0.55,15.64,59.35,24.4,0.06
30005,5114,25.5,0,0.04,3.93,35.76,55.2,5.06
30006,5114,14.2,5.06,54.03,40.89,0.02,0,0
30007,5114,23.2,0,0.37,13.67,59.64,26.16,0.16
30008,5114,14.4,4.03,46.07,49.88,0.02,0,0
30009,5114,22.3,0.02,1.29,20.45,62.44,15.78,0.02
30010,5114,15.7,4.03,29.25,63.67,3.05,0,0
30011,5114,25.2,0,0.04,3.68,37.74,56.61,1.94
30012,5114,25.5,0,0.04,4.11,36.25,53.4,6.2
30013,5114,23.6,0.06,1.97,15.43,37.99,44.41,0.14
30014,5114,20,0.04,5.01,36.98,56.9,1.08,0
30015,5114,25,0,0.04,4.91,40.36,51.54,3.15
30016,5114,25.3,0,0.04,4.13,35.75,56.67,3.42
30017,5114,22.6,0,0.74,18.13,63.38,17.74,0.02
30018,5114,14.7,4.48,42.41,52.91,0.2,0,0
30019,5114,14.6,3.42,45.85,50.65,0.08,0,0
30020,5114,15.1,3.11,36.59,59.86,0.45,0,0
30021,5114,20.7,0.02,3.03,31.78,62.24,2.93,0
30022,5114,17.1,1.27,19.96,70.28,8.49,0,0
30023,5114,20.9,0.22,5.96,27.79,60.62,5.42,0
30024,5114,18.9,0.08,9.27,48.57,42.02,0.06,0
30025,5114,13.2,8.88,71.92,19.2,0,0,0
30026,5114,17.9,0.65,14.8,63.63,20.9,0.02,0
30027,5114,21.7,0.37,5.26,23.02,53.83,17.52,0
30028,5114,25.3,0,0.04,3.83,36.98,56.55,2.6
30029,5114,13.5,7.04,66.05,26.91,0,0,0
30030,5114,15.9,2.8,27.55,67.5,2.15,0,0
30031,5114,23.8,0,0.16,10.81,50.45,37.95,0.63
30032,5114,23.5,0,0.04,12.22,55.22,32.5,0.02
30033,5114,23.7,0.06,1.78,15.04,38.19,44.84,0.1
30034,5114,23.2,0.14,2.5,17.13,40.22,39.93,0.08
30035,5114,23.2,0.16,2.68,17.62,39.48,39.89,0.18
30036,5114,17.4,1.02,18.79,67.05,13.14,0,0
30037,5114,20.9,0.33,6.45,28,60.13,5.08,0
30038,5114,18.6,0.29,11.15,50.63,37.86,0.08,0
30039,5114,25.6,0,0,1.39,37.19,57.63,3.79
30040,5114,23.3,0.08,2.21,17.01,39.62,41.04,0.04
30041,5114,19.4,0.06,7.1,42.14,50.25,0.45,0
30042,5114,22.5,0.06,2.07,20.47,51.29,26.09,0.02
30043,5114,22.1,0,1.17,21.67,66.17,10.99,0
30044,5114,18.5,0.18,11.36,54.32,34.1,0.04,0
30045,5114,25.7,0,0.04,4.01,34.47,54.42,7.06
30046,5114,18.2,0.37,13,58.84,27.79,0,0
30047,5114,14.6,3.77,42.71,53.5,0.02,0,0
30048,5114,25.6,0,0,2.19,36.9,56.45,4.46
30049,5114,25.2,0,0.04,4.87,38.21,53.25,3.64
30050,5114,21.2,0.29,5.73,26.4,60.52,7.06,0
30051,5114,21.8,0.18,4.17,23.19,55.53,16.93,0
30052,5114,20.7,0,3.23,31.44,62.06,3.27,0
30053,5114,22.9,0,0.57,15.55,61.62,22.23,0.04
30054,5114,25.5,0,0.04,4.54,35.98,52.7,6.75
30055,5114,23.1,0.23,3.11,18.34,40.22,37.56,0.53
30056,5114,23.5,0.18,2.64,16.89,37.74,41.1,1.45
30057,5114,19.6,0.16,7.82,37.9,52.68,1.45,0
30058,5114,22.9,0.2,2.99,18.58,42.9,35.22,0.12
30059,5114,25.4,0,0,3.05,37.29,55.2,4.46
30060,5114,23.9,0.06,1.68,14.59,36.8,46.7,0.18
30061,5114,24.7,0,0.02,5.63,44.78,47.07,2.5
30062,5114,17.6,0.59,16.25,68.69,14.47,0,0
30063,5114,23.7,0.14,2.41,15.78,36.74,44.09,0.84
30064,5114,21.9,0.18,4.05,22.92,54.81,18.05,0
30065,5114,21.6,0,2.13,24.95,65.49,7.43,0
30066,5114,22.5,0.12,3.25,20.61,47.59,28.43,0
30067,5114,20.2,0.53,7.8,31.36,58.27,2.03,0
30068,5114,18.8,0.16,9.72,48.9,41.12,0.1,0
30069,5114,24.1,0.06,1.17,13.18,36.7,48.65,0.23
30070,5114,25.2,0,0.02,4.32,38.44,52.85,4.36
30071,5114,17.2,0.57,19.89,71.43,8.11,0,0
30072,5114,15.4,5.63,31.15,61.11,2.11,0,0
30073,5114,24.9,0,0.06,6.04,41.45,48.65,3.79
30074,5114,16.9,1.82,20.79,70.2,7.2,0,0
30075,5114,25.4,0,0.04,3.72,35.73,56.82,3.7
30076,5114,20,0.96,9.54,31.01,55.89,2.6,0
30077,5114,25.2,0,0.06,5.59,38.89,49.1,6.36
30078,5114,23.3,0.2,2.62,17.05,39.03,40.57,0.53
30079,5114,14.5,4.58,44.7,50.7,0.02,0,0
30080,5114,17.5,0.45,17.09,70.57,11.89,0,0
30081,5114,16.5,1.97,23.66,69.79,4.58,0,0
30082,5114,25.5,0,0,1.72,37.84,56.63,3.81
30083,5114,22.6,0.18,3.44,20.14,46.25,29.98,0.02
30084,5114,25.5,0,0.04,4.17,35.78,54.11,5.91
30085,5114,17.7,1.21,15.55,66.54,16.7,0,0
30086,5114,16.3,3.17,25.19,66.01,5.63,0,0
30087,5114,18.1,0.51,13.55,61.24,24.66,0.04,0
30088,5114,21.2,0,2.64,27.86,64.53,4.97,0
30089,5114,25.6,0,0,3.09,35.47,55.71,5.73
30090,5114,25.3,0,0.04,4.09,36.21,56.16,3.5
30091,5114,25,0,0.06,5.65,40.05,49.98,4.26
30092,5114,14.8,4.26,38.37,57.2,0.18,0,0
30093,5114,16.5,1.86,23.99,68.26,5.89,0,0
30094,5114,25,0,0.06,5.96,40.65,47.99,5.34
30095,5114,21.3,0.06,3.64,26.87,62.46,6.98,0
30096,5114,17.8,0.96,16.52,62.98,19.5,0.04,0
30097,5114,25.5,0,0.02,3.09,36.16,56.3,4.44
30098,5114,17.5,1.23,16.45,68.19,14.14,0,0
30099,5114,14.9,4.3,37.11,58.21,0.37,0,0
30100,5114,25.4,0,0.04,3.95,35.22,56.82,3.97
30101,5114,15,3.56,36.57,59.76,0.12,0,0
30102,5114,23.3,0.08,1.8,16.86,40.95,40.3,0.02
30103,5114,21.1,0.29,5.96,26.95,59.95,6.84,0
30104,5114,25.5,0,0,3.01,36.04,56.2,4.75
30105,5114,25.2,0,0.04,3.93,37.7,56.06,2.27
30106,5114,17.3,1.37,19.28,66.11,13.24,0,0
30107,5114,15.2,4.5,33.38,60.77,1.35,0,0
30108,5114,25.5,0,0,2.44,37.5,55.63,4.42
30109,5114,21.8,0.08,3.83,24.29,57.24,14.55,0.02
30110,5114,16,1.6,28.55,67.68,2.17,0,0
30111,5114,25.4,0,0,2.21,38.31,55.65,3.83
30112,5114,18.2,0.53,13.2,59.05,27.16,0.06,0
30113,5114,18.6,0.2,10.64,53.54,35.57,0.06,0
30114,5114,23.7,0.06,1.33,14.84,39.93,43.8,0.04
30115,5114,15.4,3.34,31.48,64.37,0.8,0,0
30116,5114,25.2,0,0.02,4.75,38.07,52.46,4.69
30117,5114,22.7,0,0.63,17.52,62.46,19.36,0.04
30118,5114,17,1.68,20.65,70.18,7.49,0,0
30119,5114,25.7,0,0.04,3.87,33.89,54.91,7.29
30120,5114,25.5,0,0,2.97,37.06,55.36,4.61
30121,5114,24.2,0.12,1.72,13.81,34.08,48.96,1.31
30122,5114,25.5,0,0,2.29,37.11,56.67,3.93
30123,5114,24.8,0.08,1.39,11.73,31.8,51.58,3.42
30124,5114,23.5,0.08,1.82,15.86,38.99,43.21,0.04
30125,5114,22.3,0,0.76,20,65.9,13.34,0
30126,5114,25.1,0,0.08,5.1,37.54,54.28,2.99
30127,5114,15.5,2.64,32.91,63.94,0.51,0,0
30128,5114,13.1,11.38,70.69,17.93,0,0,0
30129,5114,23.8,0.14,2.5,15.6,35.63,43.8,2.33
30130,5114,24.9,0,0.06,6.79,40.89,47.11,5.16
30131,5114,23.6,0.08,1.94,15.51,38.21,44.08,0.2
30132,5114,14.2,6.24,51.35,42.37,0.04,0,0
30133,5114,24.7,0.08,1.33,11.77,32.13,51.86,2.84
30134,5114,24.2,0,0.16,9.07,45.8,43.9,1.08
30135,5114,16.8,1.82,21.84,70.26,6.08,0,0
30136,5114,16.7,1.74,22.74,68.99,6.53,0,0
30137,5114,16.8,1.23,22.06,70.47,6.24,0,0
30138,5114,16,2.74,26.52,68.28,2.46,0,0
30139,5114,25.4,0,0.04,3.52,36.68,55.18,4.58
30140,5114,16.8,1.82,21.84,70.26,6.08,0,0
30141,5114,23.6,0,0.06,11.65,52.78,35.18,0.33
30142,5114,25.2,0,0.06,5.08,38.62,50.72,5.51
30143,5114,25.1,0,0.04,5.4,39.15,50.72,4.69
30144,5114,25.3,0,0.06,4.56,36.82,53.05,5.51
30145,5114,25.2,0,0.02,4.42,37.94,53.07,4.56
30146,5114,17.7,0.35,15.62,69.46,14.57,0,0
30147,5114,15.2,3.32,34.53,61.52,0.63,0,0
30148,5114,24.9,0,0.1,6.08,40.11,50.59,3.13
30149,5114,23.8,0,0.06,10.07,52.85,36.68,0.33
30150,5114,24.1,0.04,1.54,13.63,36,48.44,0.35
30151,5114,24,0.02,1.23,13.2,37.02,48.36,0.18
30152,5114,24.6,0.08,1.29,11.81,33.65,51.82,1.35
30153,5114,22.9,0.2,2.82,18.26,41.96,36.7,0.06
30154,5114,24,0.04,1.66,13.82,36.04,48.06,0.37
30155,5114,23.9,0.12,2.31,15,35.1,45.17,2.31
30156,5114,16.5,2.7,23.76,66.64,6.9,0,0
30157,5114,23.4,0.06,2.41,16.15,40.09,41.08,0.22
30158,5114,24,0.06,1.25,13.65,37.35,47.58,0.12
30159,5114,14.5,3.54,47.36,49.04,0.06,0,0
30160,5114,23.9,0.08,1.9,13.96,36.16,47.16,0.74
30161,5114,24.3,0.1,2.07,13.49,33.67,46.21,4.46
30162,5114,19.2,0.06,7.33,44.23,48.28,0.1,0
30163,5114,18.7,0.88,12.18,45.82,40.89,0.23,0
30164,5114,17.9,0.41,14.8,65.33,19.46,0,0
30165,5114,19,0.06,8.29,49.88,41.71,0.06,0
30166,5114,19.8,0.08,6.86,35.88,55.28,1.9,0
30167,5114,23.4,0.14,2.46,16.82,39.4,40.95,0.23
30168,5114,16.5,1.78,24.42,69.18,4.61,0,0
30169,5114,25.4,0,0.04,5.01,36.84,51.19,6.92
30170,5114,18.9,1.31,12.91,38.4,47.15,0.23,0
30171,5114,14.8,3.09,41.59,55.06,0.25,0,0
30172,5114,25.4,0,0.02,3.95,36.1,54.52,5.42
30173,5114,21.6,0,2.01,25.48,64.61,7.9,0
30174,5114,25.2,0,0.04,4.99,37.74,52.52,4.71
30175,5114,23.6,0.06,1.84,15.08,38.19,44.64,0.2
30176,5114,25.7,0,0.04,4.09,34.57,54.09,7.22
30177,5114,16.4,2.15,24.58,67.77,5.49,0,0
30178,5114,25.5,0,0.04,3.3,36.1,55.79,4.77
30179,5114,20.1,0.04,4.65,35.3,58.7,1.31,0
30180,5114,21.1,0.45,6.55,26.18,58.25,8.56,0
30181,5114,25.3,0,0.04,4.17,37.25,55.28,3.27
30182,5114,16.5,1.82,24.25,68.73,5.2,0,0
30183,5114,21.9,0.12,4.01,23.11,56.45,16.29,0.02
30184,5114,14.4,3.93,50.65,45.39,0.04,0,0
30185,5114,17.5,1.23,16.45,68.19,14.14,0,0
30186,5114,16.7,1.19,24.09,70.41,4.3,0,0
30187,5114,16.6,2.11,23.41,67.01,7.47,0,0
30188,5114,18.9,0.08,8.98,48.94,41.92,0.08,0
30189,5114,24.3,0.04,1.06,12.2,36.06,50.37,0.27
30190,5114,25.4,0,0.04,4.87,36.55,51.9,6.65
30191,5114,25,0,0.08,5.12,37.5,55.34,1.96
30192,5114,23.6,0.04,1.1,14.39,41.85,42.59,0.04
30193,5114,25.3,0,0.04,3.83,36.14,56.88,3.11
30194,5114,13.9,7.74,56.47,35.76,0.02,0,0
30195,5114,13.6,6.45,69.01,24.54,0,0,0
30196,5114,22.1,0,1.06,21.8,65.72,11.42,0
30197,5114,20.2,0.18,7.08,32.89,56.73,3.13,0
30198,5114,16.3,3.6,25.54,64.98,5.89,0,0
30199,5114,25.5,0,0,2.82,36.57,55.49,5.12
30200,5114,19.8,0.04,5.2,38.05,55.87,0.84,0
30201,5114,17.9,0.31,13.82,65.84,20.02,0,0
30202,5114,20,0.9,9.31,31.64,55.77,2.39,0
30203,5114,20.9,0.31,6.24,27.47,60.87,5.1,0
30204,5114,25.5,0,0,1.47,37.97,57.45,3.11
30205,5114,24.7,0.1,1.7,12.26,32.32,48.28,5.34
30206,5114,25.6,0,0,1.37,37.15,57.61,3.87
30207,5114,25.4,0,0.04,4.6,36.7,52.78,5.89
30208,5114,25.5,0,0.04,4.3,36.33,52.93,6.39
30209,5114,23.9,0,0.02,8.76,52.07,38.87,0.27
30210,5114,23.8,0,0.08,10.29,54.2,34.79,0.65
30211,5114,23.7,0.06,1.33,14.47,39.5,44.62,0.02
30212,5114,24.5,0,0.06,8.11,44.43,43.61,3.79
31001,5114,26.8,0,0,1.39,22.43,65.53,10.66
31002,5114,26.6,0,0,1.41,24.09,66.01,8.49
31003,5114,26.6,0,0,1.66,24.4,65.49,8.45
31004,5114,26.4,0,0,1.53,26.26,66.58,5.63
31005,5114,26.4,0,0,1.74,26.01,66.5,5.75
31006,5114,26.3,0,0,1.6,26.67,67.29,4.44
31007,5114,26.4,0,0,1.62,25.93,66.31,6.14
31008,5114,26.1,0,0,1.74,29.23,67.4,1.62
31009,5114,26.3,0,0,1.68,27,67.11,4.2
31010,5114,26.6,0,0,1.43,23.9,66.89,7.78
31011,5114,26.6,0,0,0.72,23.93,71.43,3.91
31012,5114,26.2,0,0,1.82,27.88,67.34,2.95
31013,5114,26.5,0,0,1.49,25.81,66.23,6.47
31014,5114,26.2,0,0,1.58,27.71,68.42,2.29
31015,5114,26.6,0,0,1.39,23.68,66.25,8.68
31016,5114,26.5,0,0,1.31,24.97,67.6,6.12
31017,5114,26.3,0,0,1.51,26.69,68.36,3.44
31018,5114,26.7,0,0,1.54,23.11,65.49,9.86
31019,5114,25.9,0,0,1.56,30.27,67.54,0.63
31020,5114,26.4,0,0,1.53,26.5,66.93,5.04
31021,5114,26.1,0,0,1.21,28.9,68.93,0.96
31022,5114,26.3,0,0,1.19,27.12,69.28,2.41
31023,5114,26.7,0,0,1.35,23.19,65.45,10.01
31024,5114,26.7,0,0,1.49,23.35,65.96,9.21
31025,5114,26.7,0,0,1.6,23.37,65.33,9.7
31026,5114,26.4,0,0,1.41,26.26,68.91,3.42
31027,5114,26.3,0,0,1.41,26.97,69.05,2.58
31028,5114,26.4,0,0,1.43,26.4,68.75,3.42
31029,5114,26.3,0,0,1.41,26.91,68.62,3.07
31030,5114,26.2,0,0,1.7,26.98,67.97,3.34
31031,5114,26.3,0,0,1.6,26.57,67.48,4.34
31032,5114,26.1,0,0,1.74,28.43,67.54,2.29
31033,5114,26.9,0,0,1.23,21.55,65.15,12.06
31034,5114,26.5,0,0,1.45,24.78,66.27,7.51
31035,5114,26.4,0,0,1.47,25.67,66.35,6.51
31036,5114,26.6,0,0,1.41,24.15,66.05,8.39
31037,5114,26.6,0,0,1.43,24.54,66.05,7.98
31038,5114,26.5,0,0,1.21,25.26,67.68,5.85
31039,5114,26.4,0,0,1.45,26.38,68.48,3.7
31040,5114,26.4,0,0,1.66,25.79,66.45,6.1
31041,5114,26.6,0,0,1.54,24.64,65.64,8.17
31042,5114,26.5,0,0,1.41,24.87,67.19,6.53
31043,5114,26.2,0,0,1.53,27.16,68.56,2.76
31044,5114,26.7,0,0,1.21,24.25,66.52,8.02
31045,5114,26.8,0,0,1.41,22.96,65.33,10.31
31046,5114,26.7,0,0,1.47,23.15,65.96,9.43
31047,5114,26.7,0,0,1.56,23.29,65.45,9.7
31048,5114,26.8,0,0,1.23,22.39,65.29,11.09
31049,5114,26.6,0,0,1.41,24.17,66.52,7.9
31050,5114,26.5,0,0,1.51,25.36,65.57,7.57
31051,5114,26.4,0,0,1.53,26.63,66.76,5.08
31052,5114,26.4,0,0,1.62,26.44,66.52,5.42
31053,5114,26.7,0,0,1.54,23.72,65.41,9.33
31054,5114,26.4,0,0,1.7,26.18,66.41,5.71
31055,5114,26.7,0,0,1.64,23.46,65.58,9.31
31056,5114,26.5,0,0,1.86,25.48,65.08,7.59
31057,5114,26.2,0,0,1.66,28.16,67.17,3.01
31058,5114,26.5,0,0,1.23,25.3,68.17,5.3
31059,5114,26.5,0,0,1.15,25.54,68.13,5.18
31060,5114,26.2,0,0,1.7,27.28,67.79,3.23
31061,5114,26.3,0,0,1.47,27.45,68.6,2.48
31062,5114,26.8,0,0,1.41,22.66,65.68,10.25
31063,5114,26.7,0,0,1.25,23.74,65.76,9.25
31064,5114,26.5,0,0,1.41,24.68,66.23,7.68
31065,5114,26.3,0,0,1.54,27.47,68.22,2.76
31066,5114,26.5,0,0,1.72,24.56,65.45,8.27
31067,5114,26.6,0,0,1.43,24.64,66.33,7.61
31068,5114,26.3,0,0,1.51,27.14,68.17,3.19
31069,5114,26.5,0,0,1.39,24.52,67.72,6.37
31070,5114,26.2,0,0,1.72,27.98,66.82,3.48
31071,5114,26.4,0,0,1.47,25.79,67.09,5.65
31072,5114,26.3,0,0,1.7,26.81,66.84,4.65
31073,5114,26.6,0,0,1.31,24.4,67.74,6.55
31074,5114,26.5,0,0,1.58,25.44,66.07,6.9
31075,5114,26.7,0,0,1.41,23.17,66.37,9.05
31076,5114,26.7,0,0,1.35,22.98,66.11,9.56
31077,5114,26.3,0,0,1.76,26.5,67.11,4.63
31078,5114,26.4,0,0,1.68,25.91,66.35,6.06
31079,5114,26.4,0,0,1.66,25.62,66.25,6.47
31080,5114,26.7,0,0,1.43,23.45,65.92,9.21
31081,5114,26.2,0,0,1.37,27.53,68.85,2.25
31082,5114,26.3,0,0,1.53,26.79,67.93,3.75
31083,5114,26.2,0,0,1.23,27.34,69.44,1.99
31084,5114,26.3,0,0,1.6,26.65,67.5,4.24
31085,5114,26.1,0,0,1.58,28.67,68.11,1.64
31086,5114,26.3,0,0,1.62,26.79,67.42,4.17
31087,5114,26.6,0,0,1.02,24.25,68.46,6.28
31088,5114,26.4,0,0,1.7,26.38,66.64,5.28
31089,5114,26.6,0,0,1.64,23.72,65.12,9.52
31090,5114,26.7,0,0,1.41,23.5,65.72,9.37
31091,5114,26.2,0,0,1.66,27.36,68.15,2.84
31092,5114,26.2,0,0,1.31,28.14,68.81,1.74
31093,5114,26.4,0,0,1.58,25.87,66.27,6.28
31094,5114,26.6,0,0,1.37,24.17,67.42,7.04
31095,5114,26.5,0,0,1.47,25.07,66.11,7.35
31096,5114,26,0,0,1.76,29.47,67.32,1.45
31097,5114,26.3,0,0,1.7,26.91,67.11,4.28
31098,5114,26.4,0,0,1.51,26.07,67.17,5.26
31099,5114,26.2,0,0,1.64,27.77,68.15,2.44
31100,5114,26.5,0,0,1.47,25.79,66.13,6.61
31101,5114,26.7,0,0,1.39,24.15,65.47,8.99
31102,5114,26.1,0,0,1.53,28.1,68.56,1.82
31103,5114,26.5,0,0,1.43,25.3,65.9,7.37
31104,5114,26.5,0,0,1.43,24.79,68.3,5.48
31105,5114,26.4,0,0,1.58,26.07,66.46,5.89
31106,5114,26.3,0,0,1.51,27.02,68.24,3.23
32001,5114,19.5,0.22,6.98,50.49,39.23,3.09,0
32002,5114,18.8,0.39,10.74,56.16,29.94,2.78,0
32003,5114,17.8,0.9,17.44,60.89,20.38,0.39,0
32004,5114,16.8,1.33,22.98,65.45,10.25,0,0
32005,5114,16.6,4.32,26.55,52.19,16.8,0.14,0
32006,5114,17.4,4.2,22.53,44.84,27.86,0.57,0
32007,5114,17.5,4.87,21.18,43.06,30.47,0.43,0
32008,5114,16.7,3.44,25.44,55.79,15.23,0.1,0
32009,5114,15.3,9.48,30.19,51.9,8.41,0.02,0
32010,5114,16.5,5.22,26.85,50.68,17.11,0.14,0
32011,5114,19.8,0.04,4.93,44.21,49.04,1.78,0
32012,5114,15.5,6.32,32.15,53.93,7.61,0,0
32013,5114,16.5,4.63,27.16,51.9,16.23,0.08,0
32014,5114,18.1,3.93,19.61,40.18,33.83,2.44,0
32015,5114,16.6,2.21,25.95,59.64,12.2,0,0
32016,5114,17,3.56,24.78,51.96,19.55,0.16,0
32017,5114,16.2,4.77,28.39,53.77,13.04,0.02,0
32018,5114,20,0.31,6.06,41.55,45.83,6.24,0
32019,5114,19.6,0.29,7.02,47.01,41.2,4.48,0
32020,5114,16.7,3.58,24.48,55.59,16.27,0.08,0
32021,5114,15.6,7.84,29.16,54.56,8.43,0.02,0
32022,5114,17.9,4.44,19.69,40.97,32.24,2.66,0
32023,5114,19.4,0.14,6.86,50.84,39.77,2.39,0
32024,5114,16.8,3.42,25.32,55.32,15.86,0.08,0
32025,5114,17.4,2.41,22.74,51.96,22.66,0.23,0
32026,5114,18,4.52,19.73,38.91,35.71,1.13,0
32027,5114,18.2,4.63,19.16,35.59,38.74,1.88,0
32028,5114,20.2,0.04,4.05,40.09,52.39,3.44,0
32029,5114,16.8,6.16,24.91,45.39,23.02,0.53,0
32030,5114,17.9,0.96,16.93,59.6,22.02,0.49,0
32031,5114,16.8,2.37,24.44,60.17,13,0.02,0
32032,5114,16,5.61,29.45,53.32,11.6,0.02,0
32033,5114,20.5,0.04,3.4,36.51,54.24,5.81,0
32034,5114,17.5,0.74,19.87,61.69,17.48,0.22,0
32035,5114,16.7,3.66,25.62,55.22,15.45,0.06,0
32036,5114,17,3.15,24.85,52.89,18.99,0.12,0
32037,5114,16.8,4.05,25.52,51.29,18.99,0.16,0
32038,5114,16,5.01,29.39,55.94,9.66,0,0
32039,5114,17.8,3.95,21.18,42.2,31.03,1.64,0
32040,5114,16.8,5.53,25.03,46.77,22.29,0.37,0
32041,5114,17.2,5.38,21.78,44.84,27.83,0.18,0
32042,5114,15.6,8.82,29.51,50.22,11.42,0.04,0
32043,5114,15.2,6.94,34.32,52.89,5.85,0,0
32044,5114,18.6,0.63,12.73,55.55,29.33,1.76,0
32045,5114,17.6,0.8,18.01,63.18,17.89,0.12,0
32046,5114,17.3,2.25,21.72,56.51,19.2,0.31,0
32047,5114,17.7,0.49,17.09,64.55,17.81,0.06,0
32048,5114,18,0.72,15.53,60.6,22.72,0.43,0
32049,5114,16.9,2.87,23.39,57.61,16.05,0.08,0
32050,5114,16.1,5.34,29,53.34,12.3,0.02,0
32051,5114,17.7,3.42,20.71,44.02,31.25,0.61,0
32052,5114,16.9,2.99,24.87,55.91,16.13,0.1,0
32053,5114,16.8,3.73,24.99,53.58,17.56,0.14,0
32054,5114,16.1,4.97,28.63,55.83,10.56,0.02,0
32055,5114,17.1,2.21,21.8,58.31,17.5,0.18,0
32056,5114,15.7,6.2,31.13,53.58,9.09,0,0
32057,5114,16.8,3.85,25.52,52.6,17.91,0.12,0
32058,5114,17.4,0.84,19.01,64.7,15.41,0.04,0
